t,phase,ego_x,ego_y,gps_x,gps_y,err
4.940,on,0.6911,-0.3234,0.6911,-0.3234,0.0000
4.992,on,0.7084,-0.3404,0.6911,-0.3234,0.0242
5.044,on,0.7273,-0.3587,0.6911,-0.3234,0.0505
5.094,on,0.7373,-0.3684,0.6911,-0.3234,0.0644
5.146,on,0.7561,-0.3868,0.6911,-0.3234,0.0907
5.196,on,0.7660,-0.3963,0.6911,-0.3234,0.1045
5.248,on,0.7849,-0.4146,0.6911,-0.3234,0.1308
5.300,on,0.7948,-0.4241,0.6911,-0.3234,0.1445
5.350,on,0.8138,-0.4424,0.6911,-0.3234,0.1709
5.402,on,0.8236,-0.4519,0.6911,-0.3234,0.1845
5.454,on,0.8426,-0.4701,0.6911,-0.3234,0.2109
5.504,on,0.8525,-0.4795,0.6911,-0.3234,0.2245
5.556,on,0.8715,-0.4978,0.6911,-0.3234,0.2509
5.608,on,0.8906,-0.5160,0.6911,-0.3234,0.2773
5.658,on,0.9005,-0.5254,0.6911,-0.3234,0.2909
5.710,on,0.9195,-0.5437,0.6911,-0.3234,0.3173
5.760,on,0.9291,-0.5534,0.6911,-0.3234,0.3309
5.812,on,0.9477,-0.5721,0.6911,-0.3234,0.3573
5.864,on,0.9570,-0.5820,0.6911,-0.3234,0.3709
5.914,on,0.9753,-0.6010,0.8692,-0.4836,0.1583
5.966,on,0.8805,-0.4952,0.8692,-0.4836,0.0162
6.018,on,0.8991,-0.5137,0.8692,-0.4836,0.0425
6.068,on,0.9086,-0.5234,0.8692,-0.4836,0.0560
6.120,on,0.9270,-0.5423,0.8692,-0.4836,0.0823
6.172,on,0.9362,-0.5522,0.8692,-0.4836,0.0959
6.222,on,0.9543,-0.5713,0.8692,-0.4836,0.1222
6.274,on,0.9634,-0.5813,0.8692,-0.4836,0.1358
6.324,on,0.9812,-0.6007,0.8692,-0.4836,0.1621
6.376,on,0.9989,-0.6214,0.8692,-0.4836,0.1892
6.428,on,1.0076,-0.6307,0.8692,-0.4836,0.2019
6.478,on,1.0248,-0.6517,0.8692,-0.4836,0.2291
6.530,on,1.0335,-0.6611,0.8692,-0.4836,0.2418
6.582,on,1.0506,-0.6822,0.8692,-0.4836,0.2690
6.632,on,1.0592,-0.6916,0.8692,-0.4836,0.2817
6.684,on,1.0763,-0.7128,0.8692,-0.4836,0.3089
6.736,on,1.0847,-0.7223,0.8692,-0.4836,0.3216
6.786,on,1.1018,-0.7435,0.8692,-0.4836,0.3488
6.838,on,1.1102,-0.7531,0.8692,-0.4836,0.3616
6.888,on,1.1273,-0.7743,0.8692,-0.4836,0.3887
6.940,on,1.1357,-0.7840,0.9693,-0.5220,0.3104
6.992,on,1.0646,-0.6656,0.9693,-0.5220,0.1723
7.042,on,1.0811,-0.6849,0.9693,-0.5220,0.1977
7.094,on,1.0898,-0.6952,0.9693,-0.5220,0.2110
7.146,on,1.1064,-0.7147,0.9693,-0.5220,0.2366
7.196,on,1.1152,-0.7250,0.9693,-0.5220,0.2500
7.248,on,1.1320,-0.7446,0.9693,-0.5220,0.2758
7.300,on,1.1408,-0.7549,0.9693,-0.5220,0.2893
7.350,on,1.1577,-0.7745,0.9693,-0.5220,0.3151
7.402,on,1.1667,-0.7848,0.9693,-0.5220,0.3287
7.452,on,1.1838,-0.8043,0.9693,-0.5220,0.3546
7.504,on,1.1928,-0.8145,0.9693,-0.5220,0.3682
7.556,on,1.2101,-0.8340,0.9693,-0.5220,0.3942
7.606,on,1.2193,-0.8441,0.9693,-0.5220,0.4078
7.658,on,1.2368,-0.8635,0.9693,-0.5220,0.4339
7.710,on,1.2544,-0.8829,0.9693,-0.5220,0.4600
7.760,on,1.2638,-0.8928,0.9693,-0.5220,0.4736
7.812,on,1.2815,-0.9121,0.9693,-0.5220,0.4997
7.864,on,1.2911,-0.9219,0.9693,-0.5220,0.5133
7.914,on,1.3090,-0.9410,1.3381,-0.5828,0.3594
7.966,on,1.3304,-0.8027,1.3381,-0.5828,0.2200
8.018,on,1.3516,-0.8143,1.3381,-0.5828,0.2319
8.068,on,1.3644,-0.8175,1.3381,-0.5828,0.2362
8.120,on,1.3866,-0.8277,1.3381,-0.5828,0.2496
8.170,on,1.3998,-0.8302,1.3381,-0.5828,0.2550
8.222,on,1.4227,-0.8391,1.3381,-0.5828,0.2699
8.274,on,1.4361,-0.8411,1.3381,-0.5828,0.2763
8.324,on,1.4597,-0.8490,1.3381,-0.5828,0.2926
8.376,on,1.4869,-0.8522,1.3381,-0.5828,0.3077
8.428,on,1.4973,-0.8576,1.3381,-0.5828,0.3176
8.478,on,1.5249,-0.8601,1.3381,-0.5828,0.3343
8.530,on,1.5355,-0.8650,1.3381,-0.5828,0.3444
8.582,on,1.5632,-0.8671,1.3381,-0.5828,0.3626
8.632,on,1.5742,-0.8716,1.3381,-0.5828,0.3730
8.684,on,1.6019,-0.8732,1.3381,-0.5828,0.3924
8.734,on,1.6131,-0.8773,1.3381,-0.5828,0.4029
8.786,on,1.6409,-0.8786,1.3381,-0.5828,0.4233
8.838,on,1.6523,-0.8823,1.3381,-0.5828,0.4341
8.888,on,1.6802,-0.8833,1.3381,-0.5828,0.4553
8.940,on,1.6917,-0.8867,1.7344,-0.6106,0.2794
8.992,on,1.7342,-0.7859,1.7344,-0.6106,0.1753
9.042,on,1.7595,-0.7891,1.7344,-0.6106,0.1803
9.094,on,1.7730,-0.7900,1.7344,-0.6106,0.1835
9.146,on,1.7985,-0.7929,1.7344,-0.6106,0.1932
9.196,on,1.8121,-0.7936,1.7344,-0.6106,0.1988
9.248,on,1.8378,-0.7960,1.7344,-0.6106,0.2123
9.298,on,1.8514,-0.7965,1.7344,-0.6106,0.2197
9.350,on,1.8772,-0.7986,1.7344,-0.6106,0.2361
9.402,on,1.8908,-0.7989,1.7344,-0.6106,0.2448
9.452,on,1.9168,-0.8007,1.7344,-0.6106,0.2634
9.504,on,1.9304,-0.8008,1.7344,-0.6106,0.2731
9.556,on,1.9564,-0.8022,1.7344,-0.6106,0.2933
9.606,on,1.9701,-0.8021,1.7344,-0.6106,0.3037
9.658,on,1.9962,-0.8032,1.7344,-0.6106,0.3250
9.710,on,2.0223,-0.8041,1.7344,-0.6106,0.3469
9.760,on,2.0360,-0.8038,1.7344,-0.6106,0.3582
9.812,on,2.0622,-0.8044,1.7344,-0.6106,0.3808
9.862,on,2.0759,-0.8039,1.7344,-0.6106,0.3924
9.914,on,2.1021,-0.8042,2.1309,-0.5991,0.2070
9.966,on,2.1260,-0.7302,2.1309,-0.5991,0.1311
10.016,on,2.1522,-0.7298,2.1309,-0.5991,0.1324
10.068,on,2.1658,-0.7294,2.1309,-0.5991,0.1348
10.120,on,2.1920,-0.7288,2.1309,-0.5991,0.1434
10.170,on,2.2056,-0.7282,2.1309,-0.5991,0.1491
10.222,on,2.2319,-0.7274,2.1309,-0.5991,0.1632
10.274,on,2.2455,-0.7266,2.1309,-0.5991,0.1714
10.324,on,2.2717,-0.7255,2.1309,-0.5991,0.1892
10.376,on,2.2989,-0.7236,2.1309,-0.5991,0.2090
10.428,on,2.3116,-0.7233,2.1309,-0.5991,0.2192
10.478,on,2.3387,-0.7209,2.1309,-0.5991,0.2409
10.530,on,2.3514,-0.7206,2.1309,-0.5991,0.2517
10.580,on,2.3786,-0.7179,2.1309,-0.5991,0.2746
10.632,on,2.3913,-0.7174,2.1309,-0.5991,0.2860
10.684,on,2.4184,-0.7144,2.1309,-0.5991,0.3097
10.734,on,2.4311,-0.7138,2.1309,-0.5991,0.3213
10.786,on,2.4581,-0.7105,2.1309,-0.5991,0.3456
10.838,on,2.4708,-0.7098,2.1309,-0.5991,0.3575
10.888,on,2.4979,-0.7061,2.1309,-0.5991,0.3822
10.940,on,2.5106,-0.7054,2.5214,-0.5462,0.1595
10.992,on,2.5411,-0.6456,2.5214,-0.5462,0.1013
11.042,on,2.5673,-0.6423,2.5214,-0.5462,0.1065
11.094,on,2.5808,-0.6404,2.5214,-0.5462,0.1114
11.144,on,2.6070,-0.6370,2.5214,-0.5462,0.1248
11.196,on,2.6204,-0.6349,2.5214,-0.5462,0.1330
11.248,on,2.6466,-0.6313,2.5214,-0.5462,0.1514
11.298,on,2.6600,-0.6291,2.5214,-0.5462,0.1615
11.350,on,2.6861,-0.6252,2.5214,-0.5462,0.1827
11.402,on,2.6995,-0.6228,2.5214,-0.5462,0.1939
11.452,on,2.7256,-0.6187,2.5214,-0.5462,0.2167
11.504,on,2.7390,-0.6161,2.5214,-0.5462,0.2285
11.556,on,2.7650,-0.6118,2.5214,-0.5462,0.2523
11.606,on,2.7783,-0.6090,2.5214,-0.5462,0.2645
11.658,on,2.8043,-0.6044,2.5214,-0.5462,0.2888
11.708,on,2.8303,-0.5996,2.5214,-0.5462,0.3135
11.760,on,2.8435,-0.5966,2.5214,-0.5462,0.3261
11.812,on,2.8694,-0.5915,2.5214,-0.5462,0.3510
11.862,on,2.8827,-0.5883,2.5214,-0.5462,0.3637
11.914,on,2.9085,-0.5830,2.9108,-0.4641,0.1189
11.966,on,2.9223,-0.5381,2.9108,-0.4641,0.0749
12.020,denied,2.9482,-0.5325,2.9108,-0.4641,0.0779
12.070,denied,2.9614,-0.5293,2.9108,-0.4641,0.0826
12.120,denied,2.9872,-0.5235,2.9108,-0.4641,0.0968
12.170,denied,3.0004,-0.5202,2.9108,-0.4641,0.1057
12.222,denied,3.0261,-0.5141,2.9108,-0.4641,0.1257
12.272,denied,3.0393,-0.5106,2.9108,-0.4641,0.1366
12.324,denied,3.0649,-0.5042,2.9108,-0.4641,0.1593
12.376,denied,3.0911,-0.4968,2.9108,-0.4641,0.1833
12.426,denied,3.1036,-0.4939,2.9108,-0.4641,0.1951
12.478,denied,3.1297,-0.4861,2.9108,-0.4641,0.2200
12.530,denied,3.1421,-0.4832,2.9108,-0.4641,0.2322
12.580,denied,3.1681,-0.4750,2.9108,-0.4641,0.2576
12.632,denied,3.1805,-0.4720,2.9108,-0.4641,0.2699
12.684,denied,3.2064,-0.4635,2.9108,-0.4641,0.2956
12.734,denied,3.2188,-0.4604,2.9108,-0.4641,0.3081
12.786,denied,3.2446,-0.4516,2.9108,-0.4641,0.3340
12.838,denied,3.2570,-0.4484,2.9108,-0.4641,0.3466
12.888,denied,3.2826,-0.4392,2.9108,-0.4641,0.3727
12.940,denied,3.2950,-0.4359,3.2833,-0.3426,0.0940
12.990,denied,3.3205,-0.4265,3.2833,-0.3426,0.0917
13.042,denied,3.3456,-0.4182,3.2833,-0.3426,0.0979
13.094,denied,3.3583,-0.4132,3.2833,-0.3426,0.1030
13.144,denied,3.3832,-0.4047,3.2833,-0.3426,0.1176
13.196,denied,3.3959,-0.3996,3.2833,-0.3426,0.1261
13.248,denied,3.4207,-0.3907,3.2833,-0.3426,0.1456
13.298,denied,3.4333,-0.3855,3.2833,-0.3426,0.1560
13.350,denied,3.4580,-0.3764,3.2833,-0.3426,0.1779
13.402,denied,3.4705,-0.3710,3.2833,-0.3426,0.1894
13.452,denied,3.4952,-0.3616,3.2833,-0.3426,0.2127
13.504,denied,3.5076,-0.3561,3.2833,-0.3426,0.2247
13.554,denied,3.5322,-0.3464,3.2833,-0.3426,0.2489
13.606,denied,3.5446,-0.3408,3.2833,-0.3426,0.2613
13.658,denied,3.5690,-0.3308,3.2833,-0.3426,0.2859
13.708,denied,3.5934,-0.3208,3.2833,-0.3426,0.3109
13.760,denied,3.6057,-0.3149,3.2833,-0.3426,0.3236
13.812,denied,3.6300,-0.3046,3.2833,-0.3426,0.3487
13.862,denied,3.6422,-0.2986,3.2833,-0.3426,0.3616
13.914,denied,3.6664,-0.2880,3.6334,-0.1665,0.1259
13.966,denied,3.6786,-0.2818,3.6334,-0.1665,0.1239
14.016,denied,3.7026,-0.2710,3.6334,-0.1665,0.1254
14.068,denied,3.7147,-0.2648,3.6334,-0.1665,0.1276
14.118,denied,3.7387,-0.2537,3.6334,-0.1665,0.1367
14.170,denied,3.7507,-0.2473,3.6334,-0.1665,0.1424
14.222,denied,3.7745,-0.2360,3.6334,-0.1665,0.1573
14.272,denied,3.7865,-0.2294,3.6334,-0.1665,0.1655
14.324,denied,3.8102,-0.2178,3.6334,-0.1665,0.1841
14.376,denied,3.8339,-0.2045,3.6334,-0.1665,0.2041
14.426,denied,3.8457,-0.1994,3.6334,-0.1665,0.2148
14.478,denied,3.8693,-0.1857,3.6334,-0.1665,0.2367
14.530,denied,3.8809,-0.1805,3.6334,-0.1665,0.2479
14.580,denied,3.9044,-0.1665,3.6334,-0.1665,0.2710
14.632,denied,3.9160,-0.1612,3.6334,-0.1665,0.2826
14.682,denied,3.9393,-0.1470,3.6334,-0.1665,0.3065
14.734,denied,3.9508,-0.1415,3.6334,-0.1665,0.3184
14.786,denied,3.9739,-0.1270,3.6334,-0.1665,0.3428
14.836,denied,3.9854,-0.1215,3.6334,-0.1665,0.3549
14.888,denied,4.0084,-0.1068,3.6334,-0.1665,0.3798
14.940,denied,4.0198,-0.1011,3.9602,0.0471,0.1597
14.990,denied,4.0427,-0.0861,3.9602,0.0471,0.1567
15.042,denied,4.0654,-0.0727,3.9602,0.0471,0.1595
15.094,denied,4.0767,-0.0651,3.9602,0.0471,0.1618
15.144,denied,4.0993,-0.0515,3.9602,0.0471,0.1705
15.196,denied,4.1105,-0.0438,3.9602,0.0471,0.1757
15.246,denied,4.1330,-0.0299,3.9602,0.0471,0.1892
15.298,denied,4.1442,-0.0221,3.9602,0.0471,0.1966
15.350,denied,4.1665,-0.0081,3.9602,0.0471,0.2135
15.400,denied,4.1776,-0.0001,3.9602,0.0471,0.2224
15.452,denied,4.1997,0.0141,3.9602,0.0471,0.2418
15.504,denied,4.2108,0.0222,3.9602,0.0471,0.2518
15.554,denied,4.2328,0.0367,3.9602,0.0471,0.2728
15.606,denied,4.2438,0.0448,3.9602,0.0471,0.2836
15.658,denied,4.2656,0.0595,3.9602,0.0471,0.3057
15.708,denied,4.2874,0.0743,3.9602,0.0471,0.3284
15.760,denied,4.2983,0.0827,3.9602,0.0471,0.3399
15.812,denied,4.3199,0.0977,3.9602,0.0471,0.3633
15.862,denied,4.3307,0.1061,3.9602,0.0471,0.3751
15.914,denied,4.3522,0.1214,4.2748,0.2941,0.1892
15.964,denied,4.3628,0.1299,4.2748,0.2941,0.1863
16.016,denied,4.3842,0.1453,4.2748,0.2941,0.1846
16.068,denied,4.3948,0.1539,4.2748,0.2941,0.1845
16.118,denied,4.4160,0.1696,4.2748,0.2941,0.1882
16.170,denied,4.4265,0.1783,4.2748,0.2941,0.1908
16.222,denied,4.4476,0.1942,4.2748,0.2941,0.1996
16.272,denied,4.4580,0.2030,4.2748,0.2941,0.2046
16.324,denied,4.4789,0.2191,4.2748,0.2941,0.2175
16.376,denied,4.4996,0.2369,4.2748,0.2941,0.2319
16.426,denied,4.5100,0.2442,4.2748,0.2941,0.2404
16.478,denied,4.5305,0.2623,4.2748,0.2941,0.2577
16.528,denied,4.5409,0.2697,4.2748,0.2941,0.2672
16.580,denied,4.5611,0.2879,4.2748,0.2941,0.2864
16.632,denied,4.5714,0.2955,4.2748,0.2941,0.2966
16.682,denied,4.5915,0.3139,4.2748,0.2941,0.3174
16.734,denied,4.6018,0.3216,4.2748,0.2941,0.3281
16.786,denied,4.6217,0.3402,4.2748,0.2941,0.3499
16.836,denied,4.6318,0.3480,4.2748,0.2941,0.3611
16.888,denied,4.6515,0.3669,4.2748,0.2941,0.3837
16.940,denied,4.6616,0.3747,4.5693,0.5620,0.2088
16.990,denied,4.6811,0.3938,4.5693,0.5620,0.2020
17.042,denied,4.7008,0.4114,4.5693,0.5620,0.1999
17.092,denied,4.7104,0.4210,4.5693,0.5620,0.1995
17.144,denied,4.7299,0.4388,4.5693,0.5620,0.2024
17.196,denied,4.7394,0.4485,4.5693,0.5620,0.2045
17.246,denied,4.7587,0.4665,4.5693,0.5620,0.2121
17.298,denied,4.7681,0.4764,4.5693,0.5620,0.2165
17.350,denied,4.7873,0.4945,4.5693,0.5620,0.2281
17.400,denied,4.7966,0.5045,4.5693,0.5620,0.2344
17.452,denied,4.8155,0.5229,4.5693,0.5620,0.2493
17.504,denied,4.8247,0.5329,4.5693,0.5620,0.2571
17.554,denied,4.8434,0.5515,4.5693,0.5620,0.2743
17.606,denied,4.8526,0.5616,4.5693,0.5620,0.2833
17.656,denied,4.8711,0.5804,4.5693,0.5620,0.3023
17.708,denied,4.8895,0.5993,4.5693,0.5620,0.3224
17.760,denied,4.8985,0.6096,4.5693,0.5620,0.3326
17.810,denied,4.9167,0.6287,4.5693,0.5620,0.3537
17.862,denied,4.9255,0.6391,4.5693,0.5620,0.3644
17.914,denied,4.9435,0.6583,4.8384,0.8477,0.2166
17.964,denied,4.9522,0.6688,4.8384,0.8477,0.2120
18.016,denied,4.9700,0.6883,4.8384,0.8477,0.2068
18.068,denied,4.9786,0.6989,4.8384,0.8477,0.2045
18.118,denied,4.9963,0.7185,4.8384,0.8477,0.2040
18.170,denied,5.0047,0.7292,4.8384,0.8477,0.2042
18.222,denied,5.0221,0.7490,4.8384,0.8477,0.2086
18.272,denied,5.0305,0.7598,4.8384,0.8477,0.2113
18.324,denied,5.0477,0.7798,4.8384,0.8477,0.2200
18.374,denied,5.0560,0.7906,4.8384,0.8477,0.2249
18.426,denied,5.0729,0.8108,4.8384,0.8477,0.2374
18.478,denied,5.0892,0.8328,4.8384,0.8477,0.2512
18.528,denied,5.0978,0.8421,4.8384,0.8477,0.2595
18.580,denied,5.1138,0.8642,4.8384,0.8477,0.2759
18.632,denied,5.1224,0.8737,4.8384,0.8477,0.2851
18.682,denied,5.1382,0.8960,4.8384,0.8477,0.3036
18.734,denied,5.1466,0.9056,4.8384,0.8477,0.3136
18.786,denied,5.1622,0.9280,4.8384,0.8477,0.3335
18.836,denied,5.1705,0.9376,4.8384,0.8477,0.3440
18.888,denied,5.1858,0.9602,4.8384,0.8477,0.3652
18.938,denied,5.1941,0.9700,5.0754,1.1622,0.2259
18.990,denied,5.2091,0.9927,5.0754,1.1622,0.2159
19.042,denied,5.2247,1.0140,5.0754,1.1622,0.2104
19.092,denied,5.2321,1.0255,5.0754,1.1622,0.2080
19.144,denied,5.2475,1.0469,5.0754,1.1622,0.2071
19.196,denied,5.2547,1.0585,5.0754,1.1622,0.2072
19.246,denied,5.2699,1.0800,5.0754,1.1622,0.2111
19.298,denied,5.2770,1.0917,5.0754,1.1622,0.2136
19.350,denied,5.2919,1.1134,5.0754,1.1622,0.2219
19.400,denied,5.2990,1.1251,5.0754,1.1622,0.2266
19.452,denied,5.3136,1.1470,5.0754,1.1622,0.2387
19.502,denied,5.3205,1.1588,5.0754,1.1622,0.2451
19.554,denied,5.3350,1.1808,5.0754,1.1622,0.2602
19.606,denied,5.3418,1.1927,5.0754,1.1622,0.2681
19.656,denied,5.3561,1.2149,5.0754,1.1622,0.2855
19.708,denied,5.3702,1.2371,5.0754,1.1622,0.3041
19.760,denied,5.3768,1.2491,5.0754,1.1622,0.3136
19.810,denied,5.3906,1.2715,5.0754,1.1622,0.3336
19.862,denied,5.3971,1.2835,5.0754,1.1622,0.3438
19.914,denied,5.4107,1.3061,5.2700,1.5066,0.2449
19.964,denied,5.4171,1.3182,5.2700,1.5066,0.2390
20.016,denied,5.4305,1.3409,5.2700,1.5066,0.2306
20.066,denied,5.4367,1.3531,5.2700,1.5066,0.2266
20.118,denied,5.4498,1.3759,5.2700,1.5066,0.2223
20.170,denied,5.4559,1.3881,5.2700,1.5066,0.2204
20.220,denied,5.4688,1.4111,5.2700,1.5066,0.2205
20.272,denied,5.4747,1.4234,5.2700,1.5066,0.2209
20.324,denied,5.4873,1.4466,5.2700,1.5066,0.2255
20.374,denied,5.4931,1.4590,5.2700,1.5066,0.2281
20.426,denied,5.5055,1.4823,5.2700,1.5066,0.2367
20.478,denied,5.5167,1.5071,5.2700,1.5066,0.2467
20.528,denied,5.5232,1.5181,5.2700,1.5066,0.2535
20.580,denied,5.5341,1.5431,5.2700,1.5066,0.2667
20.630,denied,5.5405,1.5542,5.2700,1.5066,0.2747
20.682,denied,5.5512,1.5793,5.2700,1.5066,0.2904
20.734,denied,5.5575,1.5904,5.2700,1.5066,0.2994
20.784,denied,5.5679,1.6157,5.2700,1.5066,0.3172
20.836,denied,5.5740,1.6268,5.2700,1.5066,0.3270
20.888,denied,5.5842,1.6522,5.2700,1.5066,0.3463
20.938,denied,5.5903,1.6634,5.4116,1.8798,0.2806
20.990,denied,5.6002,1.6888,5.4116,1.8798,0.2685
21.042,denied,5.6110,1.7129,5.4116,1.8798,0.2601
21.094,denied,5.6159,1.7256,5.4116,1.8798,0.2560
21.146,denied,5.6264,1.7498,5.4116,1.8798,0.2511
21.198,denied,5.6312,1.7626,5.4116,1.8798,0.2489
21.250,denied,5.6415,1.7868,5.4116,1.8798,0.2480
21.300,denied,5.6461,1.7997,5.4116,1.8798,0.2479
21.352,denied,5.6562,1.8240,5.4116,1.8798,0.2509
21.404,denied,5.6608,1.8369,5.4116,1.8798,0.2528
21.456,denied,5.6706,1.8614,5.4116,1.8798,0.2597
21.508,denied,5.6803,1.8859,5.4116,1.8798,0.2688
21.560,denied,5.6846,1.8988,5.4116,1.8798,0.2737
21.612,denied,5.6941,1.9234,5.4116,1.8798,0.2859
21.664,denied,5.6983,1.9364,5.4116,1.8798,0.2923
21.716,denied,5.7076,1.9611,5.4116,1.8798,0.3069
21.768,denied,5.7117,1.9741,5.4116,1.8798,0.3145
21.820,denied,5.7207,1.9989,5.4116,1.8798,0.3312
21.872,denied,5.7246,2.0120,5.4116,1.8798,0.3398
21.922,denied,5.7334,2.0368,5.5256,2.2725,0.3142
21.974,denied,5.7373,2.0499,5.5256,2.2725,0.3071
22.026,denied,5.7458,2.0749,5.5256,2.2725,0.2959
22.078,denied,5.7532,2.1011,5.5256,2.2725,0.2849
22.130,denied,5.7579,2.1130,5.5256,2.2725,0.2817
22.182,denied,5.7650,2.1393,5.5256,2.2725,0.2739
22.234,denied,5.7695,2.1513,5.5256,2.2725,0.2724
22.286,denied,5.7765,2.1777,5.5256,2.2725,0.2682
22.338,denied,5.7809,2.1897,5.5256,2.2725,0.2683
22.390,denied,5.7876,2.2161,5.5256,2.2725,0.2679
22.442,denied,5.7951,2.2414,5.5256,2.2725,0.2712
22.492,denied,5.7983,2.2546,5.5256,2.2725,0.2732
22.544,denied,5.8056,2.2800,5.5256,2.2725,0.2800
22.596,denied,5.8086,2.2933,5.5256,2.2725,0.2838
22.648,denied,5.8157,2.3187,5.5256,2.2725,0.2937
22.700,denied,5.8186,2.3320,5.5256,2.2725,0.2989
22.752,denied,5.8254,2.3575,5.5256,2.2725,0.3116
22.804,denied,5.8282,2.3708,5.5256,2.2725,0.3181
22.856,denied,5.8347,2.3964,5.5256,2.2725,0.3330
22.908,denied,5.8411,2.4220,5.6100,2.6684,0.3378
22.960,denied,5.8437,2.4354,5.6100,2.6684,0.3300
23.012,denied,5.8498,2.4610,5.6100,2.6684,0.3170
23.064,denied,5.8522,2.4745,5.6100,2.6684,0.3103
23.114,denied,5.8581,2.5002,5.6100,2.6684,0.2998
23.166,denied,5.8604,2.5136,5.6100,2.6684,0.2944
23.218,denied,5.8660,2.5394,5.6100,2.6684,0.2866
23.270,denied,5.8681,2.5529,5.6100,2.6684,0.2828
23.322,denied,5.8734,2.5787,5.6100,2.6684,0.2783
23.374,denied,5.8754,2.5922,5.6100,2.6684,0.2762
23.426,denied,5.8805,2.6181,5.6100,2.6684,0.2751
23.478,denied,5.8841,2.6451,5.6100,2.6684,0.2751
23.530,denied,5.8871,2.6575,5.6100,2.6684,0.2773
23.582,denied,5.8904,2.6846,5.6100,2.6684,0.2809
23.634,denied,5.8933,2.6971,5.6100,2.6684,0.2848
23.686,denied,5.8963,2.7242,5.6100,2.6684,0.2918
23.736,denied,5.8991,2.7366,5.6100,2.6684,0.2971
23.788,denied,5.9019,2.7638,5.6100,2.6684,0.3071
23.840,denied,5.9045,2.7763,5.6100,2.6684,0.3137
23.892,denied,5.9069,2.8035,5.6100,2.6684,0.3263
23.944,denied,5.9105,2.8296,5.6393,3.0700,0.3625
23.996,denied,5.9116,2.8432,5.6393,3.0700,0.3544
24.048,denied,5.9149,2.8693,5.6393,3.0700,0.3409
24.100,denied,5.9159,2.8830,5.6393,3.0700,0.3339
24.152,denied,5.9189,2.9091,5.6393,3.0700,0.3226
24.204,denied,5.9197,2.9228,5.6393,3.0700,0.3167
24.256,denied,5.9225,2.9490,5.6393,3.0700,0.3080
24.306,denied,5.9231,2.9626,5.6393,3.0700,0.3035
24.358,denied,5.9256,2.9889,5.6393,3.0700,0.2976
24.410,denied,5.9280,3.0151,5.6393,3.0700,0.2938
24.462,denied,5.9284,3.0288,5.6393,3.0700,0.2920
24.514,denied,5.9304,3.0551,5.6393,3.0700,0.2915
24.566,denied,5.9307,3.0687,5.6393,3.0700,0.2914
24.618,denied,5.9325,3.0950,5.6393,3.0700,0.2943
24.670,denied,5.9326,3.1087,5.6393,3.0700,0.2959
24.722,denied,5.9342,3.1350,5.6393,3.0700,0.3020
24.774,denied,5.9342,3.1486,5.6393,3.0700,0.3052
24.826,denied,5.9355,3.1750,5.6393,3.0700,0.3142
24.878,denied,5.9352,3.2023,5.6393,3.0700,0.3241
24.928,denied,5.9364,3.2150,5.6351,3.4743,0.3975
24.980,denied,5.9358,3.2423,5.6351,3.4743,0.3798
25.032,denied,5.9368,3.2550,5.6351,3.4743,0.3730
25.084,denied,5.9360,3.2823,5.6351,3.4743,0.3570
25.136,denied,5.9369,3.2950,5.6351,3.4743,0.3511
25.188,denied,5.9358,3.3223,5.6351,3.4743,0.3370
25.240,denied,5.9366,3.3350,5.6351,3.4743,0.3322
25.292,denied,5.9353,3.3622,5.6351,3.4743,0.3204
25.344,denied,5.9351,3.3886,5.6351,3.4743,0.3120
25.396,denied,5.9343,3.4022,5.6351,3.4743,0.3078
25.448,denied,5.9339,3.4286,5.6351,3.4743,0.3023
25.500,denied,5.9329,3.4422,5.6351,3.4743,0.2995
25.550,denied,5.9322,3.4686,5.6351,3.4743,0.2972
25.602,denied,5.9311,3.4822,5.6351,3.4743,0.2961
25.654,denied,5.9302,3.5085,5.6351,3.4743,0.2971
25.706,denied,5.9289,3.5221,5.6351,3.4743,0.2977
25.758,denied,5.9277,3.5484,5.6351,3.4743,0.3019
25.810,denied,5.9264,3.5748,5.6351,3.4743,0.3082
25.862,denied,5.9249,3.5883,5.6351,3.4743,0.3115
25.914,denied,5.9234,3.6147,5.6004,3.8765,0.4158
25.966,denied,5.9218,3.6282,5.6004,3.8765,0.4061
26.018,denied,5.9199,3.6545,5.6004,3.8765,0.3891
26.070,denied,5.9182,3.6681,5.6004,3.8765,0.3801
26.120,denied,5.9161,3.6944,5.6004,3.8765,0.3645
26.172,denied,5.9143,3.7079,5.6004,3.8765,0.3563
26.224,denied,5.9119,3.7341,5.6004,3.8765,0.3425
26.276,denied,5.9080,3.7611,5.6004,3.8765,0.3285
26.328,denied,5.9074,3.7739,5.6004,3.8765,0.3237
26.380,denied,5.9032,3.8008,5.6004,3.8765,0.3121
26.432,denied,5.9025,3.8136,5.6004,3.8765,0.3086
26.484,denied,5.8980,3.8405,5.6004,3.8765,0.2998
26.536,denied,5.8972,3.8533,5.6004,3.8765,0.2977
26.588,denied,5.8925,3.8801,5.6004,3.8765,0.2922
26.640,denied,5.8915,3.8929,5.6004,3.8765,0.2916
26.692,denied,5.8866,3.9197,5.6004,3.8765,0.2895
26.742,denied,5.8830,3.9458,5.6004,3.8765,0.2910
26.794,denied,5.8803,3.9592,5.6004,3.8765,0.2919
26.846,denied,5.8764,3.9853,5.6004,3.8765,0.2967
26.898,denied,5.8737,3.9986,5.6004,3.8765,0.2993
26.950,denied,5.8695,4.0247,5.5205,4.2774,0.4309
27.002,denied,5.8666,4.0380,5.5205,4.2774,0.4208
27.054,denied,5.8621,4.0640,5.5205,4.2774,0.4028
27.106,denied,5.8591,4.0773,5.5205,4.2774,0.3933
27.158,denied,5.8543,4.1032,5.5205,4.2774,0.3765
27.210,denied,5.8494,4.1291,5.5205,4.2774,0.3608
27.262,denied,5.8461,4.1424,5.5205,4.2774,0.3525
27.312,denied,5.8410,4.1682,5.5205,4.2774,0.3386
27.364,denied,5.8375,4.1814,5.5205,4.2774,0.3312
27.416,denied,5.8321,4.2072,5.5205,4.2774,0.3194
27.468,denied,5.8285,4.2204,5.5205,4.2774,0.3132
27.520,denied,5.8227,4.2461,5.5205,4.2774,0.3038
27.572,denied,5.8190,4.2593,5.5205,4.2774,0.2990
27.624,denied,5.8130,4.2849,5.5205,4.2774,0.2926
27.676,denied,5.8051,4.3111,5.5205,4.2774,0.2866
27.728,denied,5.8028,4.3236,5.5205,4.2774,0.2860
27.780,denied,5.7946,4.3497,5.5205,4.2774,0.2835
27.832,denied,5.7922,4.3622,5.5205,4.2774,0.2846
27.884,denied,5.7837,4.3882,5.5205,4.2774,0.2856
27.934,denied,5.7811,4.4007,5.4193,4.6668,0.4491
27.986,denied,5.7724,4.4265,5.4193,4.6668,0.4270
28.038,denied,5.7696,4.4390,5.4193,4.6668,0.4179
28.090,denied,5.7606,4.4647,5.4193,4.6668,0.3966
28.142,denied,5.7531,4.4900,5.4193,4.6668,0.3777
28.194,denied,5.7484,4.5028,5.4193,4.6668,0.3677
28.246,denied,5.7406,4.5280,5.4193,4.6668,0.3500
28.298,denied,5.7358,4.5408,5.4193,4.6668,0.3406
28.350,denied,5.7277,4.5659,5.4193,4.6668,0.3245
28.402,denied,5.7228,4.5786,5.4193,4.6668,0.3160
28.454,denied,5.7144,4.6036,5.4193,4.6668,0.3018
28.506,denied,5.7093,4.6163,5.4193,4.6668,0.2944
28.556,denied,5.7007,4.6412,5.4193,4.6668,0.2826
28.608,denied,5.6919,4.6661,5.4193,4.6668,0.2726
28.660,denied,5.6866,4.6786,5.4193,4.6668,0.2675
28.712,denied,5.6776,4.7034,5.4193,4.6668,0.2608
28.764,denied,5.6721,4.7159,5.4193,4.6668,0.2575
28.816,denied,5.6628,4.7406,5.4193,4.6668,0.2544
28.868,denied,5.6572,4.7530,5.4193,4.6668,0.2531
28.920,denied,5.6477,4.7776,5.2734,5.0400,0.4571
28.972,denied,5.6420,4.7900,5.2734,5.0400,0.4454
29.024,denied,5.6322,4.8145,5.2734,5.0400,0.4238
29.076,denied,5.6205,4.8392,5.2734,5.0400,0.4010
29.126,denied,5.6163,4.8512,5.2734,5.0400,0.3914
29.178,denied,5.6043,4.8758,5.2734,5.0400,0.3695
29.230,denied,5.6000,4.8878,5.2734,5.0400,0.3604
29.282,denied,5.5878,4.9122,5.2734,5.0400,0.3394
29.334,denied,5.5834,4.9242,5.2734,5.0400,0.3309
29.386,denied,5.5710,4.9485,5.2734,5.0400,0.3113
29.438,denied,5.5664,4.9604,5.2734,5.0400,0.3036
29.490,denied,5.5537,4.9846,5.2734,5.0400,0.2858
29.542,denied,5.5426,5.0085,5.2734,5.0400,0.2711
29.594,denied,5.5362,5.0205,5.2734,5.0400,0.2635
29.646,denied,5.5248,5.0443,5.2734,5.0400,0.2515
29.698,denied,5.5182,5.0562,5.2734,5.0400,0.2454
29.748,denied,5.5066,5.0799,5.2734,5.0400,0.2366
29.800,denied,5.4999,5.0918,5.2734,5.0400,0.2324
29.852,denied,5.4881,5.1154,5.2734,5.0400,0.2275
29.904,denied,5.4812,5.1272,5.2734,5.0400,0.2254
29.956,denied,5.4692,5.1506,5.0786,5.3948,0.4606
30.008,denied,5.4569,5.1740,5.0786,5.3948,0.4380
30.060,denied,5.4499,5.1857,5.0786,5.3948,0.4261
30.112,denied,5.4374,5.2089,5.0786,5.3948,0.4041
30.164,denied,5.4302,5.2205,5.0786,5.3948,0.3924
30.216,denied,5.4175,5.2436,5.0786,5.3948,0.3711
30.268,denied,5.4102,5.2551,5.0786,5.3948,0.3598
30.320,denied,5.3973,5.2781,5.0786,5.3948,0.3393
30.370,denied,5.3899,5.2896,5.0786,5.3948,0.3285
30.422,denied,5.3767,5.3124,5.0786,5.3948,0.3092
30.474,denied,5.3692,5.3238,5.0786,5.3948,0.2991
30.526,denied,5.3557,5.3465,5.0786,5.3948,0.2813
30.578,denied,5.3404,5.3691,5.0786,5.3948,0.2630
30.630,denied,5.3344,5.3803,5.0786,5.3948,0.2562
30.682,denied,5.3189,5.4028,5.0786,5.3948,0.2404
30.734,denied,5.3127,5.4140,5.0786,5.3948,0.2349
30.786,denied,5.2970,5.4363,5.0786,5.3948,0.2223
30.838,denied,5.2908,5.4474,5.0786,5.3948,0.2186
30.890,denied,5.2749,5.4696,5.0786,5.3948,0.2100
30.940,denied,5.2685,5.4807,4.8373,5.7251,0.4957
30.992,denied,5.2524,5.5027,4.8373,5.7251,0.4710
31.044,denied,5.2378,5.5246,4.8373,5.7251,0.4479
31.096,denied,5.2296,5.5356,4.8373,5.7251,0.4357
31.148,denied,5.2148,5.5574,4.8373,5.7251,0.4131
31.200,denied,5.2066,5.5682,4.8373,5.7251,0.4012
31.252,denied,5.1916,5.5899,4.8373,5.7251,0.3792
31.304,denied,5.1832,5.6007,4.8373,5.7251,0.3676
31.356,denied,5.1680,5.6222,4.8373,5.7251,0.3463
31.408,denied,5.1527,5.6437,4.8373,5.7251,0.3257
31.460,denied,5.1442,5.6544,4.8373,5.7251,0.3149
31.512,denied,5.1286,5.6757,4.8373,5.7251,0.2955
31.562,denied,5.1200,5.6863,4.8373,5.7251,0.2854
31.614,denied,5.1043,5.7075,4.8373,5.7251,0.2676
31.666,denied,5.0956,5.7180,4.8373,5.7251,0.2584
31.718,denied,5.0797,5.7390,4.8373,5.7251,0.2428
31.770,denied,5.0709,5.7494,4.8373,5.7251,0.2349
31.822,denied,5.0549,5.7703,4.8373,5.7251,0.2222
31.874,denied,5.0460,5.7807,4.8373,5.7251,0.2160
31.926,denied,5.0297,5.8014,4.5654,6.0375,0.5208
31.978,denied,5.0116,5.8219,4.5654,6.0375,0.4956
32.030,denied,5.0042,5.8323,4.5654,6.0375,0.4844
32.082,denied,4.9859,5.8525,4.5654,6.0375,0.4594
32.132,denied,4.9784,5.8628,4.5654,6.0375,0.4484
32.184,denied,4.9599,5.8829,4.5654,6.0375,0.4237
32.236,denied,4.9522,5.8931,4.5654,6.0375,0.4129
32.288,denied,4.9336,5.9131,4.5654,6.0375,0.3887
32.340,denied,4.9258,5.9232,4.5654,6.0375,0.3781
32.392,denied,4.9070,5.9429,4.5654,6.0375,0.3545
32.444,denied,4.8897,5.9628,4.5654,6.0375,0.3327
32.496,denied,4.8801,5.9725,4.5654,6.0375,0.3214
32.548,denied,4.8626,5.9922,4.5654,6.0375,0.3006
32.600,denied,4.8529,6.0019,4.5654,6.0375,0.2897
32.652,denied,4.8352,6.0214,4.5654,6.0375,0.2703
32.704,denied,4.8255,6.0310,4.5654,6.0375,0.2601
32.754,denied,4.8075,6.0503,4.5654,6.0375,0.2425
32.806,denied,4.7977,6.0597,4.5654,6.0375,0.2334
32.858,denied,4.7796,6.0789,4.5654,6.0375,0.2181
32.910,denied,4.7613,6.0979,4.2788,6.3215,0.5317
32.962,denied,4.7513,6.1072,4.2788,6.3215,0.5188
33.014,denied,4.7328,6.1260,4.2788,6.3215,0.4943
33.066,denied,4.7227,6.1351,4.2788,6.3215,0.4814
33.118,denied,4.7040,6.1537,4.2788,6.3215,0.4571
33.170,denied,4.6937,6.1628,4.2788,6.3215,0.4442
33.222,denied,4.6749,6.1812,4.2788,6.3215,0.4202
33.274,denied,4.6645,6.1901,4.2788,6.3215,0.4075
33.326,denied,4.6454,6.2083,4.2788,6.3215,0.3837
33.376,denied,4.6245,6.2258,4.2788,6.3215,0.3587
33.428,denied,4.6157,6.2350,4.2788,6.3215,0.3478
33.480,denied,4.5946,6.2524,4.2788,6.3215,0.3233
33.532,denied,4.5857,6.2615,4.2788,6.3215,0.3127
33.584,denied,4.5644,6.2785,4.2788,6.3215,0.2888
33.636,denied,4.5553,6.2876,4.2788,6.3215,0.2786
33.688,denied,4.5338,6.3044,4.2788,6.3215,0.2556
33.740,denied,4.5247,6.3133,4.2788,6.3215,0.2460
33.792,denied,4.5030,6.3299,4.2788,6.3215,0.2244
33.844,denied,4.4829,6.3469,4.2788,6.3215,0.2056
33.896,denied,4.4719,6.3550,4.2788,6.3215,0.1960
33.946,denied,4.4516,6.3718,3.9711,6.5847,0.5255
33.998,denied,4.4406,6.3799,3.9711,6.5847,0.5122
34.050,denied,4.4201,6.3964,3.9711,6.5847,0.4868
34.102,denied,4.4090,6.4044,3.9711,6.5847,0.4735
34.154,denied,4.3883,6.4207,3.9711,6.5847,0.4482
34.206,denied,4.3771,6.4286,3.9711,6.5847,0.4350
34.258,denied,4.3563,6.4448,3.9711,6.5847,0.4098
34.310,denied,4.3354,6.4608,3.9711,6.5847,0.3847
34.362,denied,4.3241,6.4685,3.9711,6.5847,0.3716
34.414,denied,4.3030,6.4843,3.9711,6.5847,0.3467
34.466,denied,4.2917,6.4919,3.9711,6.5847,0.3337
34.518,denied,4.2705,6.5076,3.9711,6.5847,0.3091
34.568,denied,4.2590,6.5151,3.9711,6.5847,0.2962
34.620,denied,4.2377,6.5305,3.9711,6.5847,0.2720
34.672,denied,4.2262,6.5379,3.9711,6.5847,0.2593
34.724,denied,4.2047,6.5531,3.9711,6.5847,0.2357
34.776,denied,4.1815,6.5676,3.9711,6.5847,0.2111
34.828,denied,4.1715,6.5754,3.9711,6.5847,0.2005
34.880,denied,4.1482,6.5896,3.9711,6.5847,0.1771
34.932,denied,4.1380,6.5974,3.6256,6.8074,0.5538
34.984,denied,4.1146,6.6114,3.6256,6.8074,0.5268
35.036,denied,4.1044,6.6190,3.6256,6.8074,0.5145
35.088,denied,4.0808,6.6328,3.6256,6.8074,0.4875
35.138,denied,4.0705,6.6403,3.6256,6.8074,0.4752
35.190,denied,4.0468,6.6539,3.6256,6.8074,0.4483
35.242,denied,4.0245,6.6680,3.6256,6.8074,0.4226
35.294,denied,4.0126,6.6746,3.6256,6.8074,0.4091
35.346,denied,3.9902,6.6885,3.6256,6.8074,0.3835
35.398,denied,3.9782,6.6950,3.6256,6.8074,0.3700
35.450,denied,3.9556,6.7086,3.6256,6.8074,0.3445
35.502,denied,3.9436,6.7150,3.6256,6.8074,0.3311
35.554,denied,3.9208,6.7284,3.6256,6.8074,0.3056
35.606,denied,3.9087,6.7347,3.6256,6.8074,0.2923
35.658,denied,3.8859,6.7479,3.6256,6.8074,0.2670
35.710,denied,3.8630,6.7609,3.6256,6.8074,0.2419
35.760,denied,3.8508,6.7670,3.6256,6.8074,0.2287
35.812,denied,3.8278,6.7799,3.6256,6.8074,0.2040
35.864,denied,3.8155,6.7858,3.6256,6.8074,0.1911
35.916,denied,3.7923,6.7985,3.2566,6.9877,0.5682
35.968,denied,3.7800,6.8044,3.2566,6.9877,0.5546
36.020,denied,3.7568,6.8168,3.2566,6.9877,0.5286
36.072,denied,3.7444,6.8226,3.2566,6.9877,0.5150
36.124,denied,3.7211,6.8348,3.2566,6.9877,0.4890
36.176,denied,3.6962,6.8461,3.2566,6.9877,0.4619
36.228,denied,3.6852,6.8525,3.2566,6.9877,0.4494
36.280,denied,3.6602,6.8636,3.2566,6.9877,0.4223
36.332,denied,3.6491,6.8698,3.2566,6.9877,0.4098
36.382,denied,3.6241,6.8807,3.2566,6.9877,0.3828
36.434,denied,3.6129,6.8869,3.2566,6.9877,0.3703
36.486,denied,3.5878,6.8975,3.2566,6.9877,0.3433
36.538,denied,3.5766,6.9036,3.2566,6.9877,0.3308
36.590,denied,3.5513,6.9140,3.2566,6.9877,0.3038
36.642,denied,3.5274,6.9250,3.2566,6.9877,0.2780
36.694,denied,3.5148,6.9301,3.2566,6.9877,0.2645
36.746,denied,3.4907,6.9410,3.2566,6.9877,0.2387
36.798,denied,3.4780,6.9460,3.2566,6.9877,0.2253
36.850,denied,3.4539,6.9566,3.2566,6.9877,0.1997
36.902,denied,3.4412,6.9615,3.2566,6.9877,0.1864
36.952,denied,3.4169,6.9719,2.8682,7.1381,0.5733
37.004,denied,3.4042,6.9767,2.8682,7.1381,0.5597
37.056,denied,3.3798,6.9869,2.8682,7.1381,0.5335
37.108,denied,3.3555,6.9970,2.8682,7.1381,0.5073
37.160,denied,3.3426,7.0015,2.8682,7.1381,0.4937
37.212,denied,3.3182,7.0114,2.8682,7.1381,0.4674
37.264,denied,3.3053,7.0159,2.8682,7.1381,0.4538
37.316,denied,3.2807,7.0256,2.8682,7.1381,0.4276
37.368,denied,3.2678,7.0299,2.8682,7.1381,0.4140
37.420,denied,3.2432,7.0393,2.8682,7.1381,0.3878
37.472,denied,3.2302,7.0436,2.8682,7.1381,0.3742
37.524,denied,3.2055,7.0528,2.8682,7.1381,0.3479
37.574,denied,3.1925,7.0569,2.8682,7.1381,0.3343
37.626,denied,3.1677,7.0659,2.8682,7.1381,0.3081
37.678,denied,3.1416,7.0739,2.8682,7.1381,0.2809
37.730,denied,3.1298,7.0787,2.8682,7.1381,0.2683
37.782,denied,3.1036,7.0863,2.8682,7.1381,0.2410
37.834,denied,3.0918,7.0910,2.8682,7.1381,0.2284
37.886,denied,3.0655,7.0984,2.8682,7.1381,0.2012
37.938,denied,3.0536,7.1030,2.4712,7.2564,0.6023
37.990,denied,3.0273,7.1101,2.4712,7.2564,0.5750
38.042,denied,3.0021,7.1181,2.4712,7.2564,0.5487
38.094,denied,2.9889,7.1215,2.4712,7.2564,0.5350
38.146,denied,2.9637,7.1292,2.4712,7.2564,0.5087
38.196,denied,2.9505,7.1326,2.4712,7.2564,0.4950
38.248,denied,2.9252,7.1401,2.4712,7.2564,0.4687
38.300,denied,2.9119,7.1432,2.4712,7.2564,0.4550
38.352,denied,2.8866,7.1505,2.4712,7.2564,0.4287
38.404,denied,2.8733,7.1536,2.4712,7.2564,0.4150
38.456,denied,2.8479,7.1606,2.4712,7.2564,0.3887
38.508,denied,2.8224,7.1675,2.4712,7.2564,0.3623
38.560,denied,2.8091,7.1704,2.4712,7.2564,0.3487
38.612,denied,2.7836,7.1770,2.4712,7.2564,0.3223
38.664,denied,2.7702,7.1798,2.4712,7.2564,0.3087
38.716,denied,2.7446,7.1862,2.4712,7.2564,0.2823
38.766,denied,2.7312,7.1889,2.4712,7.2564,0.2687
38.818,denied,2.7056,7.1951,2.4712,7.2564,0.2423
38.870,denied,2.6922,7.1976,2.4712,7.2564,0.2287
38.922,denied,2.6665,7.2036,2.0643,7.3435,0.6183
38.974,denied,2.6531,7.2060,2.0643,7.3435,0.6046
39.026,denied,2.6274,7.2118,2.0643,7.3435,0.5783
39.078,denied,2.6005,7.2163,2.0643,7.3435,0.5510
39.130,denied,2.5881,7.2196,2.0643,7.3435,0.5383
39.182,denied,2.5612,7.2238,2.0643,7.3435,0.5111
39.234,denied,2.5488,7.2270,2.0643,7.3435,0.4983
39.286,denied,2.5218,7.2309,2.0643,7.3435,0.4712
39.338,denied,2.5094,7.2340,2.0643,7.3435,0.4584
39.388,denied,2.4824,7.2376,2.0643,7.3435,0.4313
39.440,denied,2.4700,7.2406,2.0643,7.3435,0.4185
39.492,denied,2.4429,7.2440,2.0643,7.3435,0.3915
39.544,denied,2.4169,7.2484,2.0643,7.3435,0.3652
39.596,denied,2.4033,7.2499,2.0643,7.3435,0.3517
39.648,denied,2.3773,7.2541,2.0643,7.3435,0.3255
39.700,denied,2.3637,7.2555,2.0643,7.3435,0.3121
39.752,denied,2.3376,7.2594,2.0643,7.3435,0.2860
39.804,denied,2.3241,7.2607,2.0643,7.3435,0.2727
39.856,denied,2.2979,7.2643,2.0643,7.3435,0.2467
39.908,denied,2.2718,7.2677,1.6526,7.3830,0.6298
39.958,denied,2.2582,7.2688,1.6526,7.3830,0.6162
40.010,denied,2.2320,7.2720,1.6526,7.3830,0.5899
40.062,denied,2.2184,7.2729,1.6526,7.3830,0.5764
40.114,denied,2.1922,7.2758,1.6526,7.3830,0.5501
40.166,denied,2.1786,7.2766,1.6526,7.3830,0.5366
40.218,denied,2.1523,7.2793,1.6526,7.3830,0.5103
40.270,denied,2.1387,7.2799,1.6526,7.3830,0.4969
40.322,denied,2.1125,7.2823,1.6526,7.3830,0.4707
40.374,denied,2.0988,7.2828,1.6526,7.3830,0.4573
40.426,denied,2.0725,7.2850,1.6526,7.3830,0.4312
40.478,denied,2.0453,7.2857,1.6526,7.3830,0.4045
40.530,denied,2.0326,7.2873,1.6526,7.3830,0.3918
40.580,denied,2.0053,7.2877,1.6526,7.3830,0.3653
40.632,denied,1.9926,7.2891,1.6526,7.3830,0.3527
40.684,denied,1.9653,7.2892,1.6526,7.3830,0.3265
40.736,denied,1.9526,7.2906,1.6526,7.3830,0.3139
40.788,denied,1.9254,7.2904,1.6526,7.3830,0.2880
40.840,denied,1.9127,7.2916,1.6526,7.3830,0.2756
40.892,denied,1.8854,7.2910,1.6526,7.3830,0.2502
40.944,denied,1.8590,7.2917,1.2418,7.3877,0.6246
40.996,denied,1.8454,7.2912,1.2418,7.3877,0.6112
41.048,denied,1.8190,7.2916,1.2418,7.3877,0.5851
41.100,denied,1.8054,7.2910,1.2418,7.3877,0.5718
41.152,denied,1.7790,7.2910,1.2418,7.3877,0.5458
41.202,denied,1.7654,7.2902,1.2418,7.3877,0.5325
41.254,denied,1.7390,7.2900,1.2418,7.3877,0.5067
41.306,denied,1.7254,7.2890,1.2418,7.3877,0.4935
41.358,denied,1.6990,7.2885,1.2418,7.3877,0.4678
41.410,denied,1.6727,7.2878,1.2418,7.3877,0.4423
41.462,denied,1.6591,7.2865,1.2418,7.3877,0.4293
41.514,denied,1.6327,7.2855,1.2418,7.3877,0.4040
41.566,denied,1.6192,7.2842,1.2418,7.3877,0.3912
41.618,denied,1.5928,7.2829,1.2418,7.3877,0.3663
41.670,denied,1.5793,7.2814,1.2418,7.3877,0.3537
41.722,denied,1.5529,7.2799,1.2418,7.3877,0.3292
41.772,denied,1.5394,7.2782,1.2418,7.3877,0.3170
41.824,denied,1.5131,7.2764,1.2418,7.3877,0.2932
41.876,denied,1.4860,7.2728,1.2418,7.3877,0.2698
41.928,denied,1.4733,7.2725,0.8394,7.3526,0.6389
41.980,denied,1.4462,7.2686,0.8394,7.3526,0.6126
42.032,denied,1.4335,7.2682,0.8394,7.3526,0.6001
42.084,denied,1.4065,7.2640,0.8394,7.3526,0.5740
42.136,denied,1.3938,7.2634,0.8394,7.3526,0.5615
42.188,denied,1.3668,7.2589,0.8394,7.3526,0.5357
42.240,denied,1.3541,7.2582,0.8394,7.3526,0.5233
42.292,denied,1.3272,7.2535,0.8394,7.3526,0.4978
42.344,denied,1.3011,7.2501,0.8394,7.3526,0.4729
42.394,denied,1.2877,7.2475,0.8394,7.3526,0.4604
42.446,denied,1.2615,7.2439,0.8394,7.3526,0.4359
42.498,denied,1.2482,7.2412,0.8394,7.3526,0.4237
42.550,denied,1.2221,7.2373,0.8394,7.3526,0.3997
42.602,denied,1.2087,7.2344,0.8394,7.3526,0.3878
42.654,denied,1.1827,7.2303,0.8394,7.3526,0.3645
42.706,denied,1.1694,7.2273,0.8394,7.3526,0.3530
42.758,denied,1.1434,7.2228,0.8394,7.3526,0.3306
42.810,denied,1.1174,7.2182,0.8394,7.3526,0.3088
42.862,denied,1.1042,7.2150,0.8394,7.3526,0.2984
42.914,denied,1.0783,7.2101,0.4426,7.2619,0.6378
42.966,denied,1.0650,7.2068,0.4426,7.2619,0.6249
43.016,denied,1.0392,7.2017,0.4426,7.2619,0.5996
43.068,denied,1.0260,7.1982,0.4426,7.2619,0.5868
43.120,denied,1.0001,7.1928,0.4426,7.2619,0.5618
43.172,denied,0.9870,7.1892,0.4426,7.2619,0.5492
43.224,denied,0.9612,7.1835,0.4426,7.2619,0.5246
43.276,denied,0.9350,7.1759,0.4426,7.2619,0.4999
43.328,denied,0.9224,7.1737,0.4426,7.2619,0.4879
43.380,denied,0.8963,7.1658,0.4426,7.2619,0.4638
43.432,denied,0.8838,7.1635,0.4426,7.2619,0.4520
43.484,denied,0.8577,7.1552,0.4426,7.2619,0.4286
43.536,denied,0.8452,7.1528,0.4426,7.2619,0.4172
43.586,denied,0.8193,7.1442,0.4426,7.2619,0.3947
43.638,denied,0.8068,7.1416,0.4426,7.2619,0.3836
43.690,denied,0.7810,7.1328,0.4426,7.2619,0.3622
43.742,denied,0.7556,7.1254,0.4426,7.2619,0.3415
43.794,denied,0.7428,7.1208,0.4426,7.2619,0.3317
43.846,denied,0.7175,7.1132,0.4426,7.2619,0.3126
43.898,denied,0.7047,7.1085,0.4426,7.2619,0.3038
43.950,denied,0.6796,7.1006,0.0508,7.1539,0.6310
44.002,denied,0.6669,7.0956,0.0508,7.1539,0.6188
44.054,denied,0.6418,7.0875,0.0508,7.1539,0.5947
44.104,denied,0.6291,7.0824,0.0508,7.1539,0.5827
44.154,denied,0.6042,7.0739,0.0508,7.1539,0.5591
44.204,denied,0.5916,7.0687,0.0508,7.1539,0.5474
44.254,denied,0.5667,7.0599,0.0508,7.1539,0.5244
44.304,denied,0.5542,7.0545,0.0508,7.1539,0.5130
44.354,denied,0.5294,7.0454,0.0508,7.1539,0.4907
44.404,denied,0.5169,7.0399,0.0508,7.1539,0.4798
44.454,denied,0.4923,7.0305,0.0508,7.1539,0.4584
44.504,denied,0.4799,7.0248,0.0508,7.1539,0.4480
44.554,denied,0.4553,7.0152,0.0508,7.1539,0.4276
44.604,denied,0.4430,7.0093,0.0508,7.1539,0.4179
44.654,denied,0.4186,6.9994,0.0508,7.1539,0.3989
44.704,denied,0.4063,6.9934,0.0508,7.1539,0.3900
44.754,denied,0.3820,6.9832,0.0508,7.1539,0.3726
44.804,denied,0.3698,6.9770,0.0508,7.1539,0.3647
44.854,denied,0.3456,6.9665,0.0508,7.1539,0.3493
44.904,denied,0.3335,6.9603,0.0508,7.1539,0.3426
44.954,denied,0.3094,6.9495,-0.3245,7.0015,0.6361
45.004,denied,0.2974,6.9431,-0.3245,7.0015,0.6246
45.054,denied,0.2734,6.9321,-0.3245,7.0015,0.6019
45.104,denied,0.2614,6.9256,-0.3245,7.0015,0.5908
45.154,denied,0.2376,6.9143,-0.3245,7.0015,0.5688
45.204,denied,0.2257,6.9077,-0.3245,7.0015,0.5581
45.254,denied,0.2020,6.8961,-0.3245,7.0015,0.5369
45.304,denied,0.1901,6.8894,-0.3245,7.0015,0.5266
45.354,denied,0.1665,6.8776,-0.3245,7.0015,0.5064
45.404,denied,0.1547,6.8708,-0.3245,7.0015,0.4967
45.454,denied,0.1312,6.8588,-0.3245,7.0015,0.4775
45.504,denied,0.1194,6.8519,-0.3245,7.0015,0.4684
45.554,denied,0.0961,6.8397,-0.3245,7.0015,0.4506
45.604,denied,0.0844,6.8326,-0.3245,7.0015,0.4424
45.654,denied,0.0611,6.8202,-0.3245,7.0015,0.4261
45.704,denied,0.0495,6.8131,-0.3245,7.0015,0.4188
45.754,denied,0.0264,6.8004,-0.3245,7.0015,0.4044
45.804,denied,0.0148,6.7931,-0.3245,7.0015,0.3982
45.854,denied,-0.0082,6.7802,-0.3245,7.0015,0.3861
45.904,denied,-0.0197,6.7728,-0.3245,7.0015,0.3811
45.954,denied,-0.0425,6.7597,-0.6753,6.7921,0.6336
46.004,denied,-0.0539,6.7522,-0.6753,6.7921,0.6226
46.054,denied,-0.0767,6.7389,-0.6753,6.7921,0.6010
46.104,denied,-0.0880,6.7313,-0.6753,6.7921,0.5904
46.154,denied,-0.1106,6.7177,-0.6753,6.7921,0.5695
46.204,denied,-0.1219,6.7100,-0.6753,6.7921,0.5594
46.254,denied,-0.1444,6.6962,-0.6753,6.7921,0.5395
46.304,denied,-0.1556,6.6884,-0.6753,6.7921,0.5299
46.354,denied,-0.1779,6.6744,-0.6753,6.7921,0.5111
46.404,denied,-0.1890,6.6665,-0.6753,6.7921,0.5022
46.454,denied,-0.2112,6.6522,-0.6753,6.7921,0.4847
46.504,denied,-0.2222,6.6442,-0.6753,6.7921,0.4765
46.554,denied,-0.2443,6.6298,-0.6753,6.7921,0.4605
46.604,denied,-0.2553,6.6217,-0.6753,6.7921,0.4532
46.654,denied,-0.2772,6.6070,-0.6753,6.7921,0.4390
46.704,denied,-0.2881,6.5988,-0.6753,6.7921,0.4327
46.754,denied,-0.3099,6.5840,-0.6753,6.7921,0.4205
46.804,denied,-0.3207,6.5757,-0.6753,6.7921,0.4154
46.854,denied,-0.3424,6.5606,-0.6753,6.7921,0.4055
46.904,denied,-0.3531,6.5522,-0.6753,6.7921,0.4016
46.954,denied,-0.3746,6.5370,-1.0023,6.5461,0.6278
47.004,denied,-0.3853,6.5285,-1.0023,6.5461,0.6173
47.054,denied,-0.4067,6.5130,-1.0023,6.5461,0.5966
47.104,denied,-0.4173,6.5045,-1.0023,6.5461,0.5865
47.154,denied,-0.4385,6.4888,-1.0023,6.5461,0.5667
47.204,denied,-0.4490,6.4801,-1.0023,6.5461,0.5572
47.254,denied,-0.4701,6.4643,-1.0023,6.5461,0.5385
47.304,denied,-0.4806,6.4555,-1.0023,6.5461,0.5296
47.354,denied,-0.5015,6.4395,-1.0023,6.5461,0.5120
47.404,denied,-0.5119,6.4307,-1.0023,6.5461,0.5038
47.454,denied,-0.5327,6.4145,-1.0023,6.5461,0.4877
47.504,denied,-0.5430,6.4056,-1.0023,6.5461,0.4803
47.554,denied,-0.5637,6.3892,-1.0023,6.5461,0.4659
47.604,denied,-0.5739,6.3802,-1.0023,6.5461,0.4594
47.654,denied,-0.5945,6.3636,-1.0023,6.5461,0.4469
47.704,denied,-0.6046,6.3545,-1.0023,6.5461,0.4415
47.754,denied,-0.6250,6.3377,-1.0023,6.5461,0.4311
47.804,denied,-0.6350,6.3285,-1.0023,6.5461,0.4269
47.854,denied,-0.6552,6.3116,-1.0023,6.5461,0.4189
47.904,denied,-0.6652,6.3022,-1.0023,6.5461,0.4161
47.954,denied,-0.6852,6.2851,-1.3099,6.2695,0.6248
48.004,denied,-0.6951,6.2757,-1.3099,6.2695,0.6148
48.054,denied,-0.7150,6.2584,-1.3099,6.2695,0.5950
48.104,denied,-0.7248,6.2489,-1.3099,6.2695,0.5855
48.154,denied,-0.7445,6.2313,-1.3099,6.2695,0.5667
48.204,denied,-0.7542,6.2218,-1.3099,6.2695,0.5577
48.254,denied,-0.7737,6.2040,-1.3099,6.2695,0.5401
48.304,denied,-0.7833,6.1943,-1.3099,6.2695,0.5319
48.354,denied,-0.8026,6.1764,-1.3099,6.2695,0.5157
48.404,denied,-0.8121,6.1666,-1.3099,6.2695,0.5083
48.454,denied,-0.8312,6.1484,-1.3099,6.2695,0.4937
48.504,denied,-0.8405,6.1385,-1.3099,6.2695,0.4873
48.554,denied,-0.8595,6.1201,-1.3099,6.2695,0.4745
48.604,denied,-0.8686,6.1100,-1.3099,6.2695,0.4692
48.654,denied,-0.8873,6.0914,-1.3099,6.2695,0.4585
48.704,denied,-0.8964,6.0812,-1.3099,6.2695,0.4543
48.754,denied,-0.9149,6.0624,-1.3099,6.2695,0.4460
48.804,denied,-0.9238,6.0520,-1.3099,6.2695,0.4431
48.854,denied,-0.9420,6.0330,-1.3099,6.2695,0.4373
48.904,denied,-0.9508,6.0226,-1.3099,6.2695,0.4357
48.954,denied,-0.9689,6.0034,-1.5977,5.9794,0.6293
49.004,denied,-0.9776,5.9928,-1.5977,5.9794,0.6203
49.054,denied,-0.9954,5.9734,-1.5977,5.9794,0.6024
49.104,denied,-1.0040,5.9628,-1.5977,5.9794,0.5940
49.154,denied,-1.0216,5.9432,-1.5977,5.9794,0.5773
49.204,denied,-1.0300,5.9325,-1.5977,5.9794,0.5696
49.254,denied,-1.0474,5.9126,-1.5977,5.9794,0.5543
49.304,denied,-1.0557,5.9018,-1.5977,5.9794,0.5475
49.354,denied,-1.0729,5.8818,-1.5977,5.9794,0.5338
49.404,denied,-1.0811,5.8709,-1.5977,5.9794,0.5279
49.454,denied,-1.0980,5.8506,-1.5977,5.9794,0.5161
49.504,denied,-1.1060,5.8396,-1.5977,5.9794,0.5112
49.554,denied,-1.1227,5.8192,-1.5977,5.9794,0.5013
49.604,denied,-1.1306,5.8081,-1.5977,5.9794,0.4975
49.654,denied,-1.1470,5.7874,-1.5977,5.9794,0.4899
49.704,denied,-1.1548,5.7762,-1.5977,5.9794,0.4873
49.754,denied,-1.1710,5.7554,-1.5977,5.9794,0.4819
49.804,denied,-1.1787,5.7441,-1.5977,5.9794,0.4806
49.854,denied,-1.1946,5.7231,-1.5977,5.9794,0.4777
49.904,denied,-1.2021,5.7117,-1.5977,5.9794,0.4777
49.954,denied,-1.2178,5.6905,-1.8505,5.6649,0.6332
50.004,denied,-1.2252,5.6790,-1.8505,5.6649,0.6255
50.054,denied,-1.2406,5.6576,-1.8505,5.6649,0.6099
50.104,denied,-1.2478,5.6461,-1.8505,5.6649,0.6029
50.154,denied,-1.2630,5.6245,-1.8505,5.6649,0.5888
50.204,denied,-1.2702,5.6129,-1.8505,5.6649,0.5827
50.254,denied,-1.2851,5.5912,-1.8505,5.6649,0.5702
50.304,denied,-1.2921,5.5794,-1.8505,5.6649,0.5649
50.354,denied,-1.3068,5.5576,-1.8505,5.6649,0.5542
50.404,denied,-1.3137,5.5458,-1.8505,5.6649,0.5499
50.454,denied,-1.3282,5.5237,-1.8505,5.6649,0.5411
50.504,denied,-1.3349,5.5119,-1.8505,5.6649,0.5378
50.554,denied,-1.3491,5.4896,-1.8505,5.6649,0.5311
50.604,denied,-1.3557,5.4777,-1.8505,5.6649,0.5290
50.654,denied,-1.3697,5.4553,-1.8505,5.6649,0.5245
50.704,denied,-1.3761,5.4433,-1.8505,5.6649,0.5236
50.754,denied,-1.3899,5.4208,-1.8505,5.6649,0.5213
50.804,denied,-1.3962,5.4087,-1.8505,5.6649,0.5215
50.854,denied,-1.4097,5.3861,-1.8505,5.6649,0.5216
50.904,denied,-1.4160,5.3739,-1.8505,5.6649,0.5229
50.954,denied,-1.4293,5.3512,-2.0582,5.3194,0.6298
51.004,denied,-1.4354,5.3390,-2.0582,5.3194,0.6231
51.054,denied,-1.4485,5.3161,-2.0582,5.3194,0.6098
51.104,denied,-1.4545,5.3038,-2.0582,5.3194,0.6039
51.154,denied,-1.4673,5.2808,-2.0582,5.3194,0.5922
51.204,denied,-1.4733,5.2685,-2.0582,5.3194,0.5872
51.254,denied,-1.4859,5.2454,-2.0582,5.3194,0.5771
51.304,denied,-1.4917,5.2330,-2.0582,5.3194,0.5731
51.354,denied,-1.5041,5.2097,-2.0582,5.3194,0.5649
51.404,denied,-1.5098,5.1973,-2.0582,5.3194,0.5619
51.454,denied,-1.5219,5.1739,-2.0582,5.3194,0.5557
51.504,denied,-1.5275,5.1615,-2.0582,5.3194,0.5537
51.554,denied,-1.5394,5.1380,-2.0582,5.3194,0.5496
51.604,denied,-1.5449,5.1255,-2.0582,5.3194,0.5488
51.654,denied,-1.5566,5.1018,-2.0582,5.3194,0.5468
51.704,denied,-1.5619,5.0893,-2.0582,5.3194,0.5470
51.754,denied,-1.5734,5.0655,-2.0582,5.3194,0.5473
51.804,denied,-1.5786,5.0529,-2.0582,5.3194,0.5486
51.854,denied,-1.5899,5.0291,-2.0582,5.3194,0.5510
51.904,denied,-1.5950,5.0164,-2.0582,5.3194,0.5535
51.954,denied,-1.6060,4.9925,-2.2179,4.9465,0.6136
52.004,denied,-1.6110,4.9798,-2.2179,4.9465,0.6078
52.030,reacq,-1.6168,4.9684,-2.2179,4.9465,0.6015
52.080,reacq,-1.6266,4.9430,-2.2179,4.9465,0.5913
52.132,reacq,-1.6324,4.9316,-2.2179,4.9465,0.5857
52.184,reacq,-1.6419,4.9060,-2.2179,4.9465,0.5774
52.236,reacq,-1.6475,4.8945,-2.2179,4.9465,0.5727
52.288,reacq,-1.6568,4.8689,-2.2179,4.9465,0.5664
52.340,reacq,-1.6624,4.8574,-2.2179,4.9465,0.5626
52.392,reacq,-1.6715,4.8317,-2.2179,4.9465,0.5584
52.444,reacq,-1.6813,4.8072,-2.2179,4.9465,0.5543
52.496,reacq,-1.6858,4.7943,-2.2179,4.9465,0.5535
52.548,reacq,-1.6954,4.7698,-2.2179,4.9465,0.5515
52.598,reacq,-1.6997,4.7568,-2.2179,4.9465,0.5518
52.650,reacq,-1.7092,4.7322,-2.2179,4.9465,0.5520
52.702,reacq,-1.7134,4.7192,-2.2179,4.9465,0.5533
52.754,reacq,-1.7226,4.6945,-2.2179,4.9465,0.5557
52.806,reacq,-1.7267,4.6815,-2.2179,4.9465,0.5581
52.858,reacq,-1.7357,4.6567,-2.2179,4.9465,0.5625
52.908,reacq,-1.7446,4.6319,-2.3411,4.5542,0.6016
52.960,reacq,-2.2837,4.5504,-2.3411,4.5542,0.0576
53.012,reacq,-2.2940,4.5258,-2.3411,4.5542,0.0550
53.064,reacq,-2.2990,4.5130,-2.3411,4.5542,0.0589
53.116,reacq,-2.3088,4.4883,-2.3411,4.5542,0.0734
53.168,reacq,-2.3134,4.4755,-2.3411,4.5542,0.0835
53.220,reacq,-2.3228,4.4506,-2.3411,4.5542,0.1052
53.272,reacq,-2.3271,4.4377,-2.3411,4.5542,0.1173
53.322,reacq,-2.3360,4.4128,-2.3411,4.5542,0.1415
53.374,reacq,-2.3401,4.3998,-2.3411,4.5542,0.1544
53.426,reacq,-2.3487,4.3747,-2.3411,4.5542,0.1796
53.478,reacq,-2.3563,4.3486,-2.3411,4.5542,0.2062
53.530,reacq,-2.3607,4.3365,-2.3411,4.5542,0.2186
53.582,reacq,-2.3679,4.3103,-2.3411,4.5542,0.2454
53.634,reacq,-2.3721,4.2982,-2.3411,4.5542,0.2579
53.686,reacq,-2.3789,4.2719,-2.3411,4.5542,0.2849
53.738,reacq,-2.3830,4.2597,-2.3411,4.5542,0.2975
53.790,reacq,-2.3894,4.2333,-2.3411,4.5542,0.3246
53.842,reacq,-2.3964,4.2078,-2.3411,4.5542,0.3508
53.894,reacq,-2.3994,4.1945,-2.3411,4.5542,0.3644
53.944,reacq,-2.4219,4.1569,-2.4333,4.1576,0.0113
53.996,reacq,-2.4253,4.1437,-2.4333,4.1576,0.0160
54.048,reacq,-2.4323,4.1182,-2.4333,4.1576,0.0394
54.100,reacq,-2.4354,4.1049,-2.4333,4.1576,0.0527
54.152,reacq,-2.4420,4.0793,-2.4333,4.1576,0.0788
54.204,reacq,-2.4449,4.0660,-2.4333,4.1576,0.0923
54.256,reacq,-2.4511,4.0403,-2.4333,4.1576,0.1186
54.308,reacq,-2.4571,4.0146,-2.4333,4.1576,0.1450
54.360,reacq,-2.4596,4.0012,-2.4333,4.1576,0.1586
54.412,reacq,-2.4653,3.9754,-2.4333,4.1576,0.1850
54.464,reacq,-2.4675,3.9620,-2.4333,4.1576,0.1986
54.516,reacq,-2.4728,3.9362,-2.4333,4.1576,0.2249
54.566,reacq,-2.4749,3.9227,-2.4333,4.1576,0.2385
54.618,reacq,-2.4798,3.8968,-2.4333,4.1576,0.2649
54.670,reacq,-2.4817,3.8833,-2.4333,4.1576,0.2785
54.722,reacq,-2.4864,3.8574,-2.4333,4.1576,0.3049
54.774,reacq,-2.4881,3.8439,-2.4333,4.1576,0.3185
54.826,reacq,-2.4924,3.8178,-2.4333,4.1576,0.3449
54.878,reacq,-2.4955,3.7908,-2.4333,4.1576,0.3721
54.930,reacq,-2.4980,3.7782,-2.4974,3.7569,0.0213
54.982,reacq,-2.5015,3.7429,-2.4974,3.7569,0.0146
55.034,reacq,-2.5039,3.7303,-2.4974,3.7569,0.0274
55.086,reacq,-2.5073,3.7033,-2.4974,3.7569,0.0545
55.138,reacq,-2.5096,3.6907,-2.4974,3.7569,0.0674
55.188,reacq,-2.5125,3.6637,-2.4974,3.7569,0.0945
55.240,reacq,-2.5147,3.6510,-2.4974,3.7569,0.1073
55.292,reacq,-2.5173,3.6239,-2.4974,3.7569,0.1345
55.344,reacq,-2.5204,3.5977,-2.4974,3.7569,0.1609
55.396,reacq,-2.5214,3.5842,-2.4974,3.7569,0.1744
55.448,reacq,-2.5243,3.5579,-2.4974,3.7569,0.2008
55.500,reacq,-2.5251,3.5443,-2.4974,3.7569,0.2144
55.552,reacq,-2.5276,3.5181,-2.4974,3.7569,0.2408
55.604,reacq,-2.5282,3.5045,-2.4974,3.7569,0.2543
55.656,reacq,-2.5304,3.4782,-2.4974,3.7569,0.2807
55.708,reacq,-2.5324,3.4519,-2.4974,3.7569,0.3071
55.760,reacq,-2.5327,3.4383,-2.4974,3.7569,0.3206
55.810,reacq,-2.5344,3.4119,-2.4974,3.7569,0.3470
55.862,reacq,-2.5345,3.3983,-2.4974,3.7569,0.3605
55.914,reacq,-2.5358,3.3720,-2.5234,3.3537,0.0221
55.966,reacq,-2.5316,3.3519,-2.5234,3.3537,0.0084
56.018,reacq,-2.5331,3.3255,-2.5234,3.3537,0.0299
56.070,reacq,-2.5334,3.3119,-2.5234,3.3537,0.0430
56.122,reacq,-2.5346,3.2855,-2.5234,3.3537,0.0691
56.174,reacq,-2.5347,3.2719,-2.5234,3.3537,0.0826
56.226,reacq,-2.5355,3.2455,-2.5234,3.3537,0.1089
56.278,reacq,-2.5351,3.2183,-2.5234,3.3537,0.1359
56.328,reacq,-2.5359,3.2055,-2.5234,3.3537,0.1487
56.380,reacq,-2.5350,3.1783,-2.5234,3.3537,0.1758
56.432,reacq,-2.5357,3.1655,-2.5234,3.3537,0.1886
56.484,reacq,-2.5344,3.1384,-2.5234,3.3537,0.2156
56.536,reacq,-2.5349,3.1256,-2.5234,3.3537,0.2284
56.588,reacq,-2.5332,3.0984,-2.5234,3.3537,0.2555
56.640,reacq,-2.5336,3.0856,-2.5234,3.3537,0.2683
56.692,reacq,-2.5315,3.0585,-2.5234,3.3537,0.2954
56.744,reacq,-2.5306,3.0321,-2.5234,3.3537,0.3217
56.796,reacq,-2.5293,3.0185,-2.5234,3.3537,0.3352
56.848,reacq,-2.5280,2.9922,-2.5234,3.3537,0.3616
56.900,reacq,-2.5266,2.9787,-2.5234,3.3537,0.3751
56.950,reacq,-2.5191,2.9486,-2.5088,2.9549,0.0120
57.002,reacq,-2.5180,2.9351,-2.5088,2.9549,0.0218
57.054,reacq,-2.5165,2.9087,-2.5088,2.9549,0.0468
57.106,reacq,-2.5152,2.8952,-2.5088,2.9549,0.0600
57.158,reacq,-2.5134,2.8689,-2.5088,2.9549,0.0861
57.210,reacq,-2.5113,2.8426,-2.5088,2.9549,0.1123
57.262,reacq,-2.5097,2.8291,-2.5088,2.9549,0.1258
57.314,reacq,-2.5073,2.8028,-2.5088,2.9549,0.1521
57.366,reacq,-2.5054,2.7893,-2.5088,2.9549,0.1656
57.418,reacq,-2.5027,2.7631,-2.5088,2.9549,0.1919
57.470,reacq,-2.5006,2.7496,-2.5088,2.9549,0.2054
57.522,reacq,-2.4975,2.7234,-2.5088,2.9549,0.2317
57.572,reacq,-2.4952,2.7100,-2.5088,2.9549,0.2452
57.624,reacq,-2.4918,2.6839,-2.5088,2.9549,0.2715
57.676,reacq,-2.4867,2.6571,-2.5088,2.9549,0.2986
57.728,reacq,-2.4855,2.6444,-2.5088,2.9549,0.3113
57.780,reacq,-2.4801,2.6177,-2.5088,2.9549,0.3384
57.832,reacq,-2.4788,2.6050,-2.5088,2.9549,0.3512
57.884,reacq,-2.4731,2.5783,-2.5088,2.9549,0.3782
57.936,reacq,-2.4716,2.5656,-2.4455,2.5625,0.0263
57.988,reacq,-2.4573,2.5381,-2.4455,2.5625,0.0271
58.040,reacq,-2.4556,2.5254,-2.4455,2.5625,0.0384
58.092,reacq,-2.4502,2.4988,-2.4455,2.5625,0.0639
58.144,reacq,-2.4455,2.4728,-2.4455,2.5625,0.0896
58.194,reacq,-2.4425,2.4595,-2.4455,2.5625,0.1030
58.246,reacq,-2.4374,2.4337,-2.4455,2.5625,0.1290
58.298,reacq,-2.4342,2.4204,-2.4455,2.5625,0.1425
58.350,reacq,-2.4289,2.3946,-2.4455,2.5625,0.1687
58.402,reacq,-2.4255,2.3814,-2.4455,2.5625,0.1821
58.454,reacq,-2.4198,2.3557,-2.4455,2.5625,0.2083
58.506,reacq,-2.4161,2.3426,-2.4455,2.5625,0.2218
58.558,reacq,-2.4101,2.3169,-2.4455,2.5625,0.2481
58.610,reacq,-2.4038,2.2913,-2.4455,2.5625,0.2743
58.662,reacq,-2.3999,2.2783,-2.4455,2.5625,0.2878
58.714,reacq,-2.3933,2.2527,-2.4455,2.5625,0.3141
58.766,reacq,-2.3892,2.2398,-2.4455,2.5625,0.3276
58.816,reacq,-2.3823,2.2143,-2.4455,2.5625,0.3538
58.868,reacq,-2.3779,2.2014,-2.4455,2.5625,0.3673
58.920,reacq,-2.3707,2.1761,-2.3391,2.1792,0.0318
58.972,reacq,-2.3556,2.1645,-2.3391,2.1792,0.0222
59.024,reacq,-2.3484,2.1391,-2.3391,2.1792,0.0412
59.076,reacq,-2.3399,2.1133,-2.3391,2.1792,0.0660
59.128,reacq,-2.3367,2.1009,-2.3391,2.1792,0.0784
59.180,reacq,-2.3278,2.0752,-2.3391,2.1792,0.1047
59.232,reacq,-2.3245,2.0629,-2.3391,2.1792,0.1173
59.284,reacq,-2.3152,2.0373,-2.3391,2.1792,0.1439
59.334,reacq,-2.3118,2.0250,-2.3391,2.1792,0.1567
59.386,reacq,-2.3020,1.9996,-2.3391,2.1792,0.1835
59.438,reacq,-2.2985,1.9873,-2.3391,2.1792,0.1962
59.490,reacq,-2.2884,1.9620,-2.3391,2.1792,0.2231
59.542,reacq,-2.2795,1.9372,-2.3391,2.1792,0.2493
59.594,reacq,-2.2743,1.9246,-2.3391,2.1792,0.2627
59.646,reacq,-2.2651,1.8999,-2.3391,2.1792,0.2890
59.698,reacq,-2.2597,1.8874,-2.3391,2.1792,0.3024
59.750,reacq,-2.2502,1.8628,-2.3391,2.1792,0.3287
59.802,reacq,-2.2446,1.8504,-2.3391,2.1792,0.3422
59.854,reacq,-2.2348,1.8259,-2.3391,2.1792,0.3684
59.906,reacq,-2.2291,1.8136,-2.3391,2.1792,0.3819
59.956,reacq,-2.2063,1.7932,-2.1872,1.8126,0.0273
60.008,reacq,-2.1964,1.7688,-2.1872,1.8126,0.0448
60.060,reacq,-2.1908,1.7564,-2.1872,1.8126,0.0564
60.112,reacq,-2.1806,1.7321,-2.1872,1.8126,0.0808
60.164,reacq,-2.1748,1.7198,-2.1872,1.8126,0.0937
60.216,reacq,-2.1643,1.6956,-2.1872,1.8126,0.1192
60.268,reacq,-2.1584,1.6834,-2.1872,1.8126,0.1324
60.320,reacq,-2.1475,1.6593,-2.1872,1.8126,0.1583
60.372,reacq,-2.1414,1.6472,-2.1872,1.8126,0.1716
60.424,reacq,-2.1303,1.6233,-2.1872,1.8126,0.1977
60.476,reacq,-2.1176,1.5992,-2.1872,1.8126,0.2245
60.528,reacq,-2.1126,1.5874,-2.1872,1.8126,0.2372
60.578,reacq,-2.0996,1.5635,-2.1872,1.8126,0.2640
60.630,reacq,-2.0945,1.5518,-2.1872,1.8126,0.2768
60.682,reacq,-2.0811,1.5281,-2.1872,1.8126,0.3037
60.734,reacq,-2.0759,1.5164,-2.1872,1.8126,0.3164
60.786,reacq,-2.0622,1.4928,-2.1872,1.8126,0.3433
60.838,reacq,-2.0569,1.4813,-2.1872,1.8126,0.3561
60.890,reacq,-2.0429,1.4578,-2.1872,1.8126,0.3830
60.942,reacq,-2.0137,1.4424,-1.9884,1.4683,0.0362
60.994,reacq,-2.0069,1.4306,-1.9884,1.4683,0.0419
61.046,reacq,-1.9943,1.4075,-1.9884,1.4683,0.0610
61.098,reacq,-1.9873,1.3958,-1.9884,1.4683,0.0725
61.150,reacq,-1.9745,1.3728,-1.9884,1.4683,0.0965
61.200,reacq,-1.9674,1.3612,-1.9884,1.4683,0.1091
61.252,reacq,-1.9542,1.3384,-1.9884,1.4683,0.1343
61.304,reacq,-1.9469,1.3269,-1.9884,1.4683,0.1473
61.356,reacq,-1.9335,1.3042,-1.9884,1.4683,0.1730
61.408,reacq,-1.9200,1.2816,-1.9884,1.4683,0.1988
61.460,reacq,-1.9124,1.2702,-1.9884,1.4683,0.2121
61.512,reacq,-1.8986,1.2478,-1.9884,1.4683,0.2381
61.564,reacq,-1.8910,1.2365,-1.9884,1.4683,0.2514
61.616,reacq,-1.8769,1.2142,-1.9884,1.4683,0.2774
61.668,reacq,-1.8691,1.2031,-1.9884,1.4683,0.2908
61.720,reacq,-1.8548,1.1809,-1.9884,1.4683,0.3169
61.772,reacq,-1.8468,1.1699,-1.9884,1.4683,0.3303
61.822,reacq,-1.8323,1.1479,-1.9884,1.4683,0.3564
61.874,reacq,-1.8242,1.1369,-1.9884,1.4683,0.3698
61.926,reacq,-1.8094,1.1151,-1.7500,1.1550,0.0716
61.978,reacq,-1.7730,1.1072,-1.7500,1.1550,0.0530
62.030,reacq,-1.7660,1.0965,-1.7500,1.1550,0.0607
62.082,reacq,-1.7499,1.0746,-1.7500,1.1550,0.0804
62.134,reacq,-1.7428,1.0639,-1.7500,1.1550,0.0914
62.186,reacq,-1.7264,1.0422,-1.7500,1.1550,0.1152
62.238,reacq,-1.7193,1.0316,-1.7500,1.1550,0.1271
62.290,reacq,-1.7026,1.0101,-1.7500,1.1550,0.1524
62.342,reacq,-1.6870,0.9889,-1.7500,1.1550,0.1776
62.394,reacq,-1.6785,0.9783,-1.7500,1.1550,0.1906
62.444,reacq,-1.6626,0.9573,-1.7500,1.1550,0.2162
62.496,reacq,-1.6539,0.9467,-1.7500,1.1550,0.2294
62.548,reacq,-1.6379,0.9259,-1.7500,1.1550,0.2551
62.600,reacq,-1.6291,0.9154,-1.7500,1.1550,0.2684
62.652,reacq,-1.6128,0.8947,-1.7500,1.1550,0.2943
62.704,reacq,-1.6039,0.8844,-1.7500,1.1550,0.3075
62.756,reacq,-1.5874,0.8638,-1.7500,1.1550,0.3335
62.808,reacq,-1.5708,0.8434,-1.7500,1.1550,0.3595
62.860,reacq,-1.5617,0.8332,-1.7500,1.1550,0.3729
62.912,reacq,-1.5449,0.8129,-1.4710,0.8638,0.0898
62.962,reacq,-1.5103,0.8207,-1.4710,0.8638,0.0583
63.014,reacq,-1.4932,0.8006,-1.4710,0.8638,0.0671
63.066,reacq,-1.4842,0.7904,-1.4710,0.8638,0.0746
63.118,reacq,-1.4669,0.7704,-1.4710,0.8638,0.0935
63.170,reacq,-1.4578,0.7604,-1.4710,0.8638,0.1043
63.222,reacq,-1.4403,0.7406,-1.4710,0.8638,0.1270
63.274,reacq,-1.4310,0.7306,-1.4710,0.8638,0.1390
63.326,reacq,-1.4134,0.7110,-1.4710,0.8638,0.1633
63.378,reacq,-1.3945,0.6914,-1.4710,0.8638,0.1886
63.430,reacq,-1.3862,0.6817,-1.4710,0.8638,0.2009
63.482,reacq,-1.3671,0.6624,-1.4710,0.8638,0.2267
63.534,reacq,-1.3587,0.6527,-1.4710,0.8638,0.2391
63.584,reacq,-1.3393,0.6336,-1.4710,0.8638,0.2652
63.636,reacq,-1.3308,0.6241,-1.4710,0.8638,0.2777
63.688,reacq,-1.3112,0.6052,-1.4710,0.8638,0.3040
63.740,reacq,-1.3026,0.5957,-1.4710,0.8638,0.3166
63.792,reacq,-1.2828,0.5770,-1.4710,0.8638,0.3430
63.844,reacq,-1.2642,0.5583,-1.4710,0.8638,0.3689
63.896,reacq,-1.2542,0.5491,-1.4710,0.8638,0.3822
63.948,reacq,-1.2093,0.5509,-1.1698,0.5976,0.0612
64.000,reacq,-1.1994,0.5416,-1.1698,0.5976,0.0634
64.052,reacq,-1.1803,0.5232,-1.1698,0.5976,0.0751
64.104,reacq,-1.1703,0.5140,-1.1698,0.5976,0.0836
64.156,reacq,-1.1511,0.4959,-1.1698,0.5976,0.1034
64.206,reacq,-1.1410,0.4868,-1.1698,0.5976,0.1145
64.258,reacq,-1.1217,0.4688,-1.1698,0.5976,0.1375
64.310,reacq,-1.1022,0.4510,-1.1698,0.5976,0.1615
64.362,reacq,-1.0919,0.4421,-1.1698,0.5976,0.1739
64.414,reacq,-1.0723,0.4244,-1.1698,0.5976,0.1987
64.466,reacq,-1.0619,0.4157,-1.1698,0.5976,0.2115
64.518,reacq,-1.0421,0.3982,-1.1698,0.5976,0.2368
64.570,reacq,-1.0316,0.3896,-1.1698,0.5976,0.2497
64.622,reacq,-1.0116,0.3724,-1.1698,0.5976,0.2752
64.674,reacq,-1.0009,0.3639,-1.1698,0.5976,0.2883
64.726,reacq,-0.9807,0.3469,-1.1698,0.5976,0.3140
64.778,reacq,-0.9591,0.3304,-1.1698,0.5976,0.3403
64.828,reacq,-0.9496,0.3219,-1.1698,0.5976,0.3529
64.880,reacq,-0.9277,0.3056,-1.1698,0.5976,0.3793
64.932,reacq,-0.9181,0.2972,-0.8543,0.3554,0.0863
64.984,reacq,-0.8743,0.3013,-0.8543,0.3554,0.0577
65.036,reacq,-0.8644,0.2931,-0.8543,0.3554,0.0630
65.088,reacq,-0.8426,0.2769,-0.8543,0.3554,0.0793
65.140,reacq,-0.8326,0.2688,-0.8543,0.3554,0.0892
65.192,reacq,-0.8106,0.2529,-0.8543,0.3554,0.1114
65.244,reacq,-0.7894,0.2371,-0.8543,0.3554,0.1349
65.296,reacq,-0.7783,0.2294,-0.8543,0.3554,0.1472
65.348,reacq,-0.7570,0.2138,-0.8543,0.3554,0.1718
65.400,reacq,-0.7457,0.2061,-0.8543,0.3554,0.1846
65.450,reacq,-0.7242,0.1908,-0.8543,0.3554,0.2098
65.502,reacq,-0.7129,0.1833,-0.8543,0.3554,0.2227
65.554,reacq,-0.6912,0.1682,-0.8543,0.3554,0.2482
65.606,reacq,-0.6797,0.1609,-0.8543,0.3554,0.2613
65.658,reacq,-0.6580,0.1460,-0.8543,0.3554,0.2870
65.710,reacq,-0.6361,0.1313,-0.8543,0.3554,0.3128
65.762,reacq,-0.6244,0.1243,-0.8543,0.3554,0.3260
65.814,reacq,-0.6024,0.1098,-0.8543,0.3554,0.3518
65.866,reacq,-0.5906,0.1029,-0.8543,0.3554,0.3651
65.918,reacq,-0.5684,0.0887,-0.5200,0.1533,0.0807
65.968,reacq,-0.5401,0.1044,-0.5200,0.1533,0.0528
66.020,reacq,-0.5177,0.0903,-0.5200,0.1533,0.0630
66.072,reacq,-0.5060,0.0834,-0.5200,0.1533,0.0713
66.124,reacq,-0.4836,0.0696,-0.5200,0.1533,0.0913
66.176,reacq,-0.4599,0.0561,-0.5200,0.1533,0.1143
66.228,reacq,-0.4492,0.0492,-0.5200,0.1533,0.1259
66.280,reacq,-0.4254,0.0360,-0.5200,0.1533,0.1507
66.332,reacq,-0.4146,0.0292,-0.5200,0.1533,0.1629
66.384,reacq,-0.3906,0.0163,-0.5200,0.1533,0.1885
66.436,reacq,-0.3797,0.0096,-0.5200,0.1533,0.2008
66.488,reacq,-0.3556,-0.0031,-0.5200,0.1533,0.2269
66.540,reacq,-0.3447,-0.0097,-0.5200,0.1533,0.2394
66.590,reacq,-0.3204,-0.0221,-0.5200,0.1533,0.2657
66.642,reacq,-0.2973,-0.0347,-0.5200,0.1533,0.2915
66.694,reacq,-0.2851,-0.0408,-0.5200,0.1533,0.3047
66.746,reacq,-0.2618,-0.0532,-0.5200,0.1533,0.3306
66.798,reacq,-0.2496,-0.0591,-0.5200,0.1533,0.3439
66.850,reacq,-0.2262,-0.0714,-0.5200,0.1533,0.3699
66.902,reacq,-0.2139,-0.0772,-0.5200,0.1533,0.3832
66.954,reacq,-0.1714,-0.0640,-0.1474,-0.0112,0.0580
67.006,reacq,-0.1591,-0.0699,-0.1474,-0.0112,0.0599
67.058,reacq,-0.1355,-0.0818,-0.1474,-0.0112,0.0715
67.110,reacq,-0.1118,-0.0934,-0.1474,-0.0112,0.0896
67.162,reacq,-0.0995,-0.0991,-0.1474,-0.0112,0.1001
67.212,reacq,-0.0757,-0.1106,-0.1474,-0.0112,0.1226
67.264,reacq,-0.0632,-0.1161,-0.1474,-0.0112,0.1345
67.316,reacq,-0.0393,-0.1274,-0.1474,-0.0112,0.1586
67.368,reacq,-0.0269,-0.1327,-0.1474,-0.0112,0.1712
67.420,reacq,-0.0028,-0.1437,-0.1474,-0.0112,0.1961
67.472,reacq,0.0097,-0.1489,-0.1474,-0.0112,0.2089
67.524,reacq,0.0338,-0.1597,-0.1474,-0.0112,0.2343
67.576,reacq,0.0591,-0.1697,-0.1474,-0.0112,0.2603
67.628,reacq,0.0707,-0.1752,-0.1474,-0.0112,0.2728
67.680,reacq,0.0961,-0.1850,-0.1474,-0.0112,0.2991
67.732,reacq,0.1077,-0.1904,-0.1474,-0.0112,0.3117
67.784,reacq,0.1332,-0.1998,-0.1474,-0.0112,0.3381
67.834,reacq,0.1449,-0.2052,-0.1474,-0.0112,0.3507
67.886,reacq,0.1705,-0.2143,-0.1474,-0.0112,0.3772
67.938,reacq,0.1822,-0.2195,0.2308,-0.1317,0.1003
67.990,reacq,0.2247,-0.1982,0.2308,-0.1317,0.0667
68.042,reacq,0.2494,-0.2075,0.2308,-0.1317,0.0781
68.094,reacq,0.2623,-0.2121,0.2308,-0.1317,0.0863
68.146,reacq,0.2870,-0.2212,0.2308,-0.1317,0.1057
68.198,reacq,0.2999,-0.2255,0.2308,-0.1317,0.1165
68.250,reacq,0.3248,-0.2344,0.2308,-0.1317,0.1392
68.302,reacq,0.3378,-0.2386,0.2308,-0.1317,0.1512
68.354,reacq,0.3627,-0.2472,0.2308,-0.1317,0.1753
68.406,reacq,0.3757,-0.2512,0.2308,-0.1317,0.1878
68.456,reacq,0.4008,-0.2595,0.2308,-0.1317,0.2127
68.508,reacq,0.4258,-0.2677,0.2308,-0.1317,0.2378
68.560,reacq,0.4389,-0.2714,0.2308,-0.1317,0.2507
68.612,reacq,0.4641,-0.2793,0.2308,-0.1317,0.2761
68.664,reacq,0.4773,-0.2828,0.2308,-0.1317,0.2891
68.716,reacq,0.5026,-0.2904,0.2308,-0.1317,0.3147
68.768,reacq,0.5158,-0.2937,0.2308,-0.1317,0.3278
68.820,reacq,0.5411,-0.3010,0.2308,-0.1317,0.3535
68.872,reacq,0.5544,-0.3041,0.2308,-0.1317,0.3666
68.924,reacq,0.5798,-0.3112,0.6144,-0.2025,0.1140
68.974,reacq,0.6048,-0.2763,0.6144,-0.2025,0.0744
69.026,reacq,0.6303,-0.2830,0.6144,-0.2025,0.0820
69.078,reacq,0.6568,-0.2892,0.6144,-0.2025,0.0965
69.130,reacq,0.6692,-0.2926,0.6144,-0.2025,0.1054
69.182,reacq,0.6957,-0.2985,0.6144,-0.2025,0.1258
69.234,reacq,0.7081,-0.3018,0.6144,-0.2025,0.1365
69.286,reacq,0.7347,-0.3073,0.6144,-0.2025,0.1596
69.338,reacq,0.7471,-0.3105,0.6144,-0.2025,0.1711
69.390,reacq,0.7738,-0.3156,0.6144,-0.2025,0.1955
69.442,reacq,0.7996,-0.3211,0.6144,-0.2025,0.2200
69.494,reacq,0.8130,-0.3234,0.6144,-0.2025,0.2326
69.546,reacq,0.8389,-0.3286,0.6144,-0.2025,0.2575
69.596,reacq,0.8523,-0.3307,0.6144,-0.2025,0.2703
69.648,reacq,0.8783,-0.3356,0.6144,-0.2025,0.2955
69.700,reacq,0.8917,-0.3375,0.6144,-0.2025,0.3085
69.752,reacq,0.9177,-0.3421,0.6144,-0.2025,0.3339
69.804,reacq,0.9312,-0.3438,0.6144,-0.2025,0.3469
69.856,reacq,0.9572,-0.3480,0.6144,-0.2025,0.3725
69.908,reacq,0.9833,-0.3521,1.0031,-0.2621,0.0921
69.960,reacq,1.0034,-0.3223,1.0031,-0.2621,0.0601
70.012,reacq,1.0295,-0.3261,1.0031,-0.2621,0.0693
70.064,reacq,1.0430,-0.3277,1.0031,-0.2621,0.0768
70.116,reacq,1.0692,-0.3313,1.0031,-0.2621,0.0957
70.168,reacq,1.0827,-0.3327,1.0031,-0.2621,0.1064
70.218,reacq,1.1089,-0.3360,1.0031,-0.2621,0.1290
70.270,reacq,1.1224,-0.3372,1.0031,-0.2621,0.1410
70.322,reacq,1.1486,-0.3402,1.0031,-0.2621,0.1652
70.374,reacq,1.1622,-0.3413,1.0031,-0.2621,0.1777
70.426,reacq,1.1884,-0.3440,1.0031,-0.2621,0.2026
70.478,reacq,1.2156,-0.3456,1.0031,-0.2621,0.2283
70.530,reacq,1.2282,-0.3473,1.0031,-0.2621,0.2408
70.582,reacq,1.2554,-0.3486,1.0031,-0.2621,0.2668
70.634,reacq,1.2681,-0.3501,1.0031,-0.2621,0.2793
70.686,reacq,1.2953,-0.3511,1.0031,-0.2621,0.3055
70.738,reacq,1.3080,-0.3525,1.0031,-0.2621,0.3181
70.790,reacq,1.3353,-0.3532,1.0031,-0.2621,0.3445
70.840,reacq,1.3480,-0.3545,1.0031,-0.2621,0.3571
70.892,reacq,1.3752,-0.3548,1.0031,-0.2621,0.3835
70.944,reacq,1.4032,-0.3234,1.3935,-0.2619,0.0622
70.996,reacq,1.4168,-0.3237,1.3935,-0.2619,0.0660
71.048,reacq,1.4431,-0.3247,1.3935,-0.2619,0.0800
71.100,reacq,1.4567,-0.3249,1.3935,-0.2619,0.0892
71.152,reacq,1.4831,-0.3256,1.3935,-0.2619,0.1099
71.204,reacq,1.4967,-0.3256,1.3935,-0.2619,0.1212
71.256,reacq,1.5231,-0.3261,1.3935,-0.2619,0.1446
71.308,reacq,1.5494,-0.3265,1.3935,-0.2619,0.1687
71.360,reacq,1.5630,-0.3262,1.3935,-0.2619,0.1813
71.412,reacq,1.5894,-0.3263,1.3935,-0.2619,0.2062
71.462,reacq,1.6030,-0.3258,1.3935,-0.2619,0.2190
71.514,reacq,1.6294,-0.3256,1.3935,-0.2619,0.2443
71.566,reacq,1.6430,-0.3250,1.3935,-0.2619,0.2573
71.618,reacq,1.6693,-0.3246,1.3935,-0.2619,0.2828
71.670,reacq,1.6829,-0.3238,1.3935,-0.2619,0.2959
71.722,reacq,1.7093,-0.3231,1.3935,-0.2619,0.3216
71.774,reacq,1.7229,-0.3221,1.3935,-0.2619,0.3348
71.826,reacq,1.7492,-0.3212,1.3935,-0.2619,0.3606
71.878,reacq,1.7764,-0.3189,1.3935,-0.2619,0.3870
71.930,reacq,1.7891,-0.3188,1.7902,-0.2111,0.1078
71.980,reacq,1.8163,-0.2791,1.7902,-0.2111,0.0729
