-0.2802,0.0005,0.0
-0.2819,0.0003,0.0
-0.2832,0.0003,0.0
-0.2847,0.0003,0.0
-0.2863,0.0002,0.0
-0.2878,0.0000,0.0
-0.2897,-0.0001,0.0
-0.2920,-0.0003,0.0
-0.2946,-0.0005,0.0
-0.2974,-0.0006,0.0
-0.3007,-0.0012,0.0
-0.3041,-0.0014,0.0
-0.3079,-0.0016,0.0
-0.3119,-0.0018,0.0
-0.3162,-0.0020,0.0
-0.3200,-0.0031,0.0
-0.3248,-0.0033,0.0
-0.3326,-0.0038,0.0
-0.3382,-0.0041,0.0
-0.3441,-0.0044,0.0
-0.3473,-0.0049,0.0
-0.3536,-0.0053,0.0
-0.3636,-0.0060,0.0
-0.3707,-0.0064,0.0
-0.3797,-0.0077,0.0
-0.3874,-0.0083,0.0
-0.3953,-0.0089,0.0
-0.4033,-0.0095,0.0
-0.4154,-0.0105,0.0
-0.4287,-0.0106,0.0
-0.4373,-0.0113,0.0
-0.4459,-0.0120,0.0
-0.4546,-0.0128,0.0
-0.4633,-0.0136,0.0
-0.4766,-0.0192,0.0
-0.4903,-0.0208,0.0
-0.4995,-0.0219,0.0
-0.5086,-0.0230,0.0
-0.5199,-0.0191,0.0
-0.5341,-0.0207,0.0
-0.5436,-0.0219,0.0
-0.5530,-0.0231,0.0
-0.5625,-0.0243,0.0
-0.5722,-0.0245,0.0
-0.5817,-0.0257,0.0
-0.5912,-0.0270,0.0
-0.6055,-0.0290,0.0
-0.6153,-0.0288,0.0
-0.6249,-0.0301,0.0
-0.6344,-0.0314,0.0
-0.6440,-0.0328,0.0
-0.6536,-0.0342,0.0
-0.6687,-0.0356,0.0
-0.6784,-0.0370,0.0
-0.6881,-0.0385,0.0
-0.6979,-0.0400,0.0
-0.7076,-0.0415,0.0
-0.7175,-0.0420,0.0
-0.7321,-0.0443,0.0
-0.7419,-0.0459,0.0
-0.7517,-0.0475,0.0
-0.7591,-0.0491,0.0
-0.7689,-0.0508,0.0
-0.7835,-0.0532,0.0
-0.7933,-0.0549,0.0
-0.8031,-0.0566,0.0
-0.8128,-0.0603,0.0
-0.8226,-0.0621,0.0
-0.8324,-0.0639,0.0
-0.8423,-0.0657,0.0
-0.8562,-0.0748,0.0
-0.8660,-0.0768,0.0
-0.8759,-0.0788,0.0
-0.8858,-0.0809,0.0
-0.8957,-0.0829,0.0
-0.9102,-0.0890,0.0
-0.9201,-0.0912,0.0
-0.9300,-0.0934,0.0
-0.9399,-0.0956,0.0
-0.9489,-0.0997,0.0
-0.9588,-0.1020,0.0
-0.9687,-0.1043,0.0
-0.9836,-0.1078,0.0
-0.9935,-0.1101,0.0
-1.0040,-0.1069,0.0
-1.0140,-0.1091,0.0
-1.0289,-0.1125,0.0
-1.0389,-0.1148,0.0
-1.0489,-0.1171,0.0
-1.0589,-0.1239,0.0
-1.0688,-0.1264,0.0
-1.0788,-0.1288,0.0
-1.0887,-0.1313,0.0
-1.1036,-0.1351,0.0
-1.1135,-0.1376,0.0
-1.1234,-0.1402,0.0
-1.1333,-0.1428,0.0
-1.1431,-0.1455,0.0
-1.1472,-0.1495,0.0
-1.1568,-0.1522,0.0
-1.1664,-0.1550,0.0
-1.1807,-0.1593,0.0
-1.1903,-0.1622,0.0
-1.1981,-0.1629,0.0
-1.2076,-0.1658,0.0
-1.2171,-0.1687,0.0
-1.2266,-0.1717,0.0
-1.2282,-0.1684,0.0
-1.2421,-0.1726,0.0
-1.2514,-0.1755,0.0
-1.2606,-0.1784,0.0
-1.2699,-0.1814,0.0
-1.2746,-0.1811,0.0
-1.2838,-0.1840,0.0
-1.2978,-0.1884,0.0
-1.3025,-0.1899,0.0
-1.3165,-0.1944,0.0
-1.3264,-0.1952,0.0
-1.3358,-0.1981,0.0
-1.3451,-0.2012,0.0
-1.3544,-0.2042,0.0
-1.3637,-0.2073,0.0
-1.3721,-0.2090,0.0
-1.3860,-0.2136,0.0
-1.3952,-0.2167,0.0
-1.4044,-0.2198,0.0
-1.4121,-0.2219,0.0
-1.4213,-0.2251,0.0
-1.4304,-0.2282,0.0
-1.4396,-0.2314,0.0
-1.4487,-0.2346,0.0
-1.4579,-0.2394,0.0
-1.4669,-0.2426,0.0
-1.4759,-0.2459,0.0
-1.4849,-0.2491,0.0
-1.4939,-0.2524,0.0
-1.5032,-0.2541,0.0
-1.5123,-0.2574,0.0
-1.5258,-0.2623,0.0
-1.5348,-0.2655,0.0
-1.5406,-0.2666,0.0
-1.5496,-0.2698,0.0
-1.5586,-0.2731,0.0
-1.5676,-0.2763,0.0
-1.5766,-0.2796,0.0
-1.5823,-0.2808,0.0
-1.5957,-0.2856,0.0
-1.6046,-0.2889,0.0
-1.6136,-0.2922,0.0
-1.6225,-0.2954,0.0
-1.6338,-0.2997,0.0
-1.6428,-0.3031,0.0
-1.6517,-0.3065,0.0
-1.6650,-0.3115,0.0
-1.6787,-0.3160,0.0
-1.6877,-0.3194,0.0
-1.6967,-0.3228,0.0
-1.7056,-0.3262,0.0
-1.7146,-0.3296,0.0
-1.7234,-0.3298,0.0
-1.7324,-0.3333,0.0
-1.7458,-0.3384,0.0
-1.7548,-0.3419,0.0
-1.7659,-0.3458,0.0
-1.7750,-0.3494,0.0
-1.7840,-0.3529,0.0
-1.7931,-0.3565,0.0
-1.8022,-0.3601,0.0
-1.8205,-0.3684,0.0
-1.8297,-0.3722,0.0
-1.8389,-0.3759,0.0
-1.8481,-0.3797,0.0
-1.8573,-0.3835,0.0
-1.8675,-0.3878,0.0
-1.8767,-0.3916,0.0
-1.8860,-0.3955,0.0
-1.8998,-0.4013,0.0
-1.9082,-0.4025,0.0
-1.9174,-0.4063,0.0
-1.9265,-0.4100,0.0
-1.9356,-0.4138,0.0
-1.9447,-0.4175,0.0
-1.9537,-0.4212,0.0
-1.9689,-0.4274,0.0
-1.9780,-0.4311,0.0
-1.9870,-0.4350,0.0
-1.9960,-0.4388,0.0
-2.0062,-0.4430,0.0
-2.0152,-0.4469,0.0
-2.0286,-0.4529,0.0
-2.0331,-0.4549,0.0
-2.0465,-0.4610,0.0
-2.0570,-0.4673,0.0
-2.0660,-0.4715,0.0
-2.0749,-0.4758,0.0
-2.0838,-0.4800,0.0
-2.0957,-0.4850,0.0
-2.1046,-0.4893,0.0
-2.1181,-0.4959,0.0
-2.1270,-0.5004,0.0
-2.1360,-0.5049,0.0
-2.1433,-0.5074,0.0
-2.1522,-0.5119,0.0
-2.1610,-0.5165,0.0
-2.1699,-0.5211,0.0
-2.1831,-0.5280,0.0
-2.1931,-0.5318,0.0
-2.2019,-0.5364,0.0
-2.2107,-0.5411,0.0
-2.2195,-0.5458,0.0
-2.2294,-0.5503,0.0
-2.2426,-0.5574,0.0
-2.2513,-0.5622,0.0
-2.2601,-0.5670,0.0
-2.2688,-0.5718,0.0
-2.2774,-0.5757,0.0
-2.2861,-0.5806,0.0
-2.2948,-0.5854,0.0
-2.3034,-0.5903,0.0
-2.3121,-0.5952,0.0
-2.3235,-0.6032,0.0
-2.3320,-0.6081,0.0
-2.3406,-0.6130,0.0
-2.3491,-0.6180,0.0
-2.3576,-0.6229,0.0
-2.3684,-0.6286,0.0
-2.3769,-0.6335,0.0
-2.3854,-0.6386,0.0
-2.3981,-0.6461,0.0
-2.4044,-0.6505,0.0
-2.4128,-0.6555,0.0
-2.4212,-0.6606,0.0
-2.4296,-0.6657,0.0
-2.4380,-0.6708,0.0
-2.4447,-0.6751,0.0
-2.4571,-0.6828,0.0
-2.4654,-0.6879,0.0
-2.4737,-0.6931,0.0
-2.4844,-0.6994,0.0
-2.4927,-0.7047,0.0
-2.5010,-0.7099,0.0
-2.5093,-0.7152,0.0
-2.5175,-0.7205,0.0
-2.5299,-0.7287,0.0
-2.5381,-0.7340,0.0
-2.5462,-0.7394,0.0
-2.5544,-0.7447,0.0
-2.5626,-0.7501,0.0
-2.5749,-0.7553,0.0
-2.5831,-0.7607,0.0
-2.5954,-0.7689,0.0
-2.6036,-0.7744,0.0
-2.6134,-0.7825,0.0
-2.6218,-0.7878,0.0
-2.6302,-0.7931,0.0
-2.6387,-0.7984,0.0
-2.6471,-0.8037,0.0
-2.6555,-0.8102,0.0
-2.6682,-0.8181,0.0
-2.6767,-0.8234,0.0
-2.6852,-0.8287,0.0
-2.6937,-0.8341,0.0
-2.6949,-0.8431,0.0
-2.7032,-0.8485,0.0
-2.7157,-0.8567,0.0
-2.7240,-0.8622,0.0
-2.7346,-0.8700,0.0
-2.7430,-0.8756,0.0
-2.7513,-0.8812,0.0
-2.7596,-0.8868,0.0
-2.7679,-0.8924,0.0
-2.7848,-0.9029,0.0
-2.7890,-0.9057,0.0
-2.8016,-0.9142,0.0
-2.8099,-0.9200,0.0
-2.8183,-0.9257,0.0
-2.8246,-0.9311,0.0
-2.8329,-0.9369,0.0
-2.8411,-0.9427,0.0
-2.8494,-0.9485,0.0
-2.8611,-0.9557,0.0
-2.8694,-0.9616,0.0
-2.8777,-0.9674,0.0
-2.8860,-0.9733,0.0
-2.8943,-0.9792,0.0
-2.9026,-0.9853,0.0
-2.9109,-0.9913,0.0
-2.9234,-1.0004,0.0
-2.9318,-1.0065,0.0
-2.9400,-1.0126,0.0
-2.9473,-1.0180,0.0
-2.9556,-1.0242,0.0
-2.9638,-1.0304,0.0
-2.9719,-1.0366,0.0
-2.9801,-1.0428,0.0
-2.9946,-1.0513,0.0
-3.0028,-1.0576,0.0
-3.0110,-1.0639,0.0
-3.0192,-1.0702,0.0
-3.0231,-1.0699,0.0
-3.0312,-1.0761,0.0
-3.0393,-1.0823,0.0
-3.0514,-1.0917,0.0
-3.0594,-1.0980,0.0
-3.0663,-1.1091,0.0
-3.0742,-1.1155,0.0
-3.0822,-1.1220,0.0
-3.0901,-1.1284,0.0
-3.0980,-1.1349,0.0
-3.1026,-1.1329,0.0
-3.1143,-1.1423,0.0
-3.1221,-1.1487,0.0
-3.1298,-1.1550,0.0
-3.1382,-1.1600,0.0
-3.1459,-1.1664,0.0
-3.1535,-1.1727,0.0
-3.1612,-1.1790,0.0
-3.1726,-1.1885,0.0
-3.1812,-1.1898,0.0
-3.1888,-1.1961,0.0
-3.1964,-1.2024,0.0
-3.2039,-1.2087,0.0
-3.2115,-1.2151,0.0
-3.2192,-1.2217,0.0
-3.2268,-1.2281,0.0
-3.2381,-1.2377,0.0
-3.2456,-1.2441,0.0
-3.2517,-1.2468,0.0
-3.2591,-1.2531,0.0
-3.2666,-1.2594,0.0
-3.2740,-1.2658,0.0
-3.2814,-1.2722,0.0
-3.2913,-1.2813,0.0
-3.2985,-1.2878,0.0
-3.3056,-1.2945,0.0
-3.3127,-1.3011,0.0
-3.3197,-1.3078,0.0
-3.3312,-1.3147,0.0
-3.3382,-1.3214,0.0
-3.3453,-1.3281,0.0
-3.3559,-1.3383,0.0
-3.3635,-1.3451,0.0
-3.3706,-1.3519,0.0
-3.3777,-1.3588,0.0
-3.3848,-1.3658,0.0
-3.3918,-1.3727,0.0
-3.3969,-1.3780,0.0
-3.4074,-1.3885,0.0
-3.4144,-1.3955,0.0
-3.4214,-1.4025,0.0
-3.4283,-1.4096,0.0
-3.4357,-1.4157,0.0
-3.4426,-1.4227,0.0
-3.4494,-1.4296,0.0
-3.4563,-1.4365,0.0
-3.4658,-1.4452,0.0
-3.4726,-1.4519,0.0
-3.4793,-1.4587,0.0
-3.4861,-1.4653,0.0
-3.4928,-1.4720,0.0
-3.5020,-1.4837,0.0
-3.5120,-1.4938,0.0
-3.5187,-1.5007,0.0
-3.5253,-1.5075,0.0
-3.5318,-1.5144,0.0
-3.5395,-1.5219,0.0
-3.5459,-1.5289,0.0
-3.5523,-1.5360,0.0
-3.5587,-1.5431,0.0
-3.5650,-1.5502,0.0
-3.5753,-1.5615,0.0
-3.5816,-1.5687,0.0
-3.5878,-1.5759,0.0
-3.5940,-1.5831,0.0
-3.6012,-1.5910,0.0
-3.6074,-1.5982,0.0
-3.6135,-1.6055,0.0
-3.6226,-1.6164,0.0
-3.6287,-1.6237,0.0
-3.6305,-1.6335,0.0
-3.6365,-1.6409,0.0
-3.6424,-1.6484,0.0
-3.6483,-1.6559,0.0
-3.6542,-1.6634,0.0
-3.6639,-1.6756,0.0
-3.6697,-1.6831,0.0
-3.6756,-1.6907,0.0
-3.6814,-1.6983,0.0
-3.6897,-1.7056,0.0
-3.6956,-1.7131,0.0
-3.7015,-1.7208,0.0
-3.7073,-1.7284,0.0
-3.7162,-1.7400,0.0
-3.7235,-1.7456,0.0
-3.7294,-1.7533,0.0
-3.7354,-1.7610,0.0
-3.7413,-1.7687,0.0
-3.7473,-1.7764,0.0
-3.7519,-1.7822,0.0
-3.7608,-1.7938,0.0
-3.7667,-1.8015,0.0
-3.7726,-1.8092,0.0
-3.7788,-1.8163,0.0
-3.7847,-1.8241,0.0
-3.7905,-1.8318,0.0
-3.7964,-1.8395,0.0
-3.8022,-1.8473,0.0
-3.8112,-1.8581,0.0
-3.8170,-1.8658,0.0
-3.8229,-1.8735,0.0
-3.8287,-1.8813,0.0
-3.8346,-1.8890,0.0
-3.8400,-1.8956,0.0
-3.8458,-1.9034,0.0
-3.8546,-1.9149,0.0
-3.8605,-1.9227,0.0
-3.8672,-1.9310,0.0
-3.8730,-1.9387,0.0
-3.8789,-1.9465,0.0
-3.8847,-1.9542,0.0
-3.8906,-1.9620,0.0
-3.8980,-1.9746,0.0
-3.9067,-1.9865,0.0
-3.9125,-1.9944,0.0
-3.9183,-2.0023,0.0
-3.9241,-2.0102,0.0
-3.9333,-2.0213,0.0
-3.9391,-2.0293,0.0
-3.9478,-2.0413,0.0
-3.9536,-2.0493,0.0
-3.9594,-2.0574,0.0
-3.9649,-2.0650,0.0
-3.9706,-2.0731,0.0
-3.9763,-2.0811,0.0
-3.9820,-2.0892,0.0
-3.9930,-2.1033,0.0
-3.9958,-2.1073,0.0
-4.0044,-2.1195,0.0
-4.0101,-2.1276,0.0
-4.0158,-2.1358,0.0
-4.0216,-2.1438,0.0
-4.0272,-2.1520,0.0
-4.0329,-2.1602,0.0
-4.0385,-2.1685,0.0
-4.0471,-2.1804,0.0
-4.0527,-2.1887,0.0
-4.0583,-2.1969,0.0
-4.0638,-2.2052,0.0
-4.0693,-2.2134,0.0
-4.0793,-2.2261,0.0
-4.0849,-2.2344,0.0
-4.0932,-2.2470,0.0
-4.0987,-2.2554,0.0
-4.1042,-2.2638,0.0
-4.1077,-2.2712,0.0
-4.1132,-2.2796,0.0
-4.1185,-2.2880,0.0
-4.1239,-2.2964,0.0
-4.1293,-2.3048,0.0
-4.1357,-2.3165,0.0
-4.1410,-2.3249,0.0
-4.1463,-2.3332,0.0
-4.1516,-2.3416,0.0
-4.1562,-2.3506,0.0
-4.1614,-2.3589,0.0
-4.1692,-2.3714,0.0
-4.1744,-2.3797,0.0
-4.1785,-2.3917,0.0
-4.1836,-2.4001,0.0
-4.1886,-2.4084,0.0
-4.1937,-2.4166,0.0
-4.1987,-2.4248,0.0
-4.2028,-2.4325,0.0
-4.2078,-2.4407,0.0
-4.2152,-2.4530,0.0
-4.2202,-2.4612,0.0
-4.2251,-2.4694,0.0
-4.2300,-2.4751,0.0
-4.2349,-2.4833,0.0
-4.2398,-2.4914,0.0
-4.2447,-2.4996,0.0
-4.2528,-2.5135,0.0
-4.2577,-2.5217,0.0
-4.2626,-2.5299,0.0
-4.2675,-2.5381,0.0
-4.2723,-2.5464,0.0
-4.2767,-2.5531,0.0
-4.2815,-2.5613,0.0
-4.2863,-2.5696,0.0
-4.2935,-2.5819,0.0
-4.2982,-2.5902,0.0
-4.3035,-2.6027,0.0
-4.3082,-2.6111,0.0
-4.3130,-2.6195,0.0
-4.3176,-2.6279,0.0
-4.3223,-2.6364,0.0
-4.3285,-2.6494,0.0
-4.3331,-2.6580,0.0
-4.3377,-2.6666,0.0
-4.3422,-2.6752,0.0
-4.3428,-2.6815,0.0
-4.3472,-2.6901,0.0
-4.3538,-2.7031,0.0
-4.3581,-2.7118,0.0
-4.3624,-2.7205,0.0
-4.3665,-2.7315,0.0
-4.3708,-2.7403,0.0
-4.3750,-2.7491,0.0
-4.3792,-2.7580,0.0
-4.3834,-2.7668,0.0
-4.3898,-2.7812,0.0
-4.3961,-2.7947,0.0
-4.4002,-2.8038,0.0
-4.4043,-2.8128,0.0
-4.4082,-2.8229,0.0
-4.4123,-2.8321,0.0
-4.4163,-2.8413,0.0
-4.4203,-2.8505,0.0
-4.4243,-2.8598,0.0
-4.4313,-2.8724,0.0
-4.4353,-2.8816,0.0
-4.4392,-2.8909,0.0
-4.4432,-2.9002,0.0
-4.4471,-2.9096,0.0
-4.4506,-2.9180,0.0
-4.4544,-2.9274,0.0
-4.4602,-2.9413,0.0
-4.4640,-2.9506,0.0
-4.4664,-2.9577,0.0
-4.4701,-2.9670,0.0
-4.4737,-2.9762,0.0
-4.4774,-2.9854,0.0
-4.4810,-2.9946,0.0
-4.4859,-3.0027,0.0
-4.4913,-3.0165,0.0
-4.4948,-3.0258,0.0
-4.4984,-3.0351,0.0
-4.5020,-3.0444,0.0
-4.5065,-3.0500,0.0
-4.5101,-3.0592,0.0
-4.5154,-3.0731,0.0
-4.5190,-3.0823,0.0
-4.5221,-3.0877,0.0
-4.5256,-3.0969,0.0
-4.5290,-3.1061,0.0
-4.5325,-3.1152,0.0
-4.5359,-3.1244,0.0
-4.5393,-3.1336,0.0
-4.5437,-3.1425,0.0
-4.5488,-3.1563,0.0
-4.5522,-3.1655,0.0
-4.5555,-3.1748,0.0
-4.5597,-3.1845,0.0
-4.5630,-3.1938,0.0
-4.5663,-3.2031,0.0
-4.5696,-3.2124,0.0
-4.5745,-3.2264,0.0
-4.5796,-3.2368,0.0
-4.5829,-3.2461,0.0
-4.5862,-3.2555,0.0
-4.5895,-3.2648,0.0
-4.5928,-3.2742,0.0
-4.5963,-3.2837,0.0
-4.6012,-3.2978,0.0
-4.6044,-3.3072,0.0
-4.6076,-3.3165,0.0
-4.6119,-3.3310,0.0
-4.6150,-3.3405,0.0
-4.6181,-3.3500,0.0
-4.6212,-3.3595,0.0
-4.6243,-3.3690,0.0
-4.6294,-3.3829,0.0
-4.6325,-3.3924,0.0
-4.6355,-3.4019,0.0
-4.6386,-3.4114,0.0
-4.6416,-3.4210,0.0
-4.6445,-3.4299,0.0
-4.6490,-3.4442,0.0
-4.6520,-3.4537,0.0
-4.6550,-3.4632,0.0
-4.6577,-3.4721,0.0
-4.6607,-3.4816,0.0
-4.6637,-3.4910,0.0
-4.6666,-3.5005,0.0
-4.6696,-3.5099,0.0
-4.6712,-3.5181,0.0
-4.6755,-3.5322,0.0
-4.6784,-3.5416,0.0
-4.6812,-3.5510,0.0
-4.6841,-3.5604,0.0
-4.6872,-3.5700,0.0
-4.6901,-3.5794,0.0
-4.6929,-3.5888,0.0
-4.6971,-3.6029,0.0
-4.7018,-3.6155,0.0
-4.7045,-3.6250,0.0
-4.7073,-3.6346,0.0
-4.7100,-3.6441,0.0
-4.7127,-3.6536,0.0
-4.7160,-3.6625,0.0
-4.7187,-3.6720,0.0
-4.7227,-3.6863,0.0
-4.7253,-3.6959,0.0
-4.7280,-3.7054,0.0
-4.7307,-3.7132,0.0
-4.7333,-3.7227,0.0
-4.7358,-3.7322,0.0
-4.7384,-3.7417,0.0
-4.7420,-3.7539,0.0
-4.7445,-3.7633,0.0
-4.7470,-3.7728,0.0
-4.7494,-3.7823,0.0
-4.7518,-3.7918,0.0
-4.7553,-3.8044,0.0
-4.7588,-3.8187,0.0
-4.7599,-3.8235,0.0
-4.7633,-3.8379,0.0
-4.7655,-3.8475,0.0
-4.7677,-3.8540,0.0
-4.7698,-3.8636,0.0
-4.7720,-3.8732,0.0
-4.7741,-3.8827,0.0
-4.7772,-3.8929,0.0
-4.7803,-3.9073,0.0
-4.7823,-3.9170,0.0
-4.7844,-3.9266,0.0
-4.7864,-3.9362,0.0
-4.7883,-3.9446,0.0
-4.7902,-3.9542,0.0
-4.7932,-3.9687,0.0
-4.7941,-3.9735,0.0
-4.7970,-3.9879,0.0
-4.7991,-3.9970,0.0
-4.8010,-4.0067,0.0
-4.8028,-4.0163,0.0
-4.8047,-4.0260,0.0
-4.8065,-4.0357,0.0
-4.8097,-4.0469,0.0
-4.8124,-4.0615,0.0
-4.8142,-4.0712,0.0
-4.8160,-4.0809,0.0
-4.8183,-4.0902,0.0
-4.8201,-4.1000,0.0
-4.8218,-4.1097,0.0
-4.8235,-4.1195,0.0
-4.8261,-4.1342,0.0
-4.8273,-4.1420,0.0
-4.8289,-4.1518,0.0
-4.8305,-4.1617,0.0
-4.8321,-4.1715,0.0
-4.8337,-4.1814,0.0
-4.8384,-4.1924,0.0
-4.8401,-4.2023,0.0
-4.8425,-4.2172,0.0
-4.8442,-4.2271,0.0
-4.8452,-4.2374,0.0
-4.8467,-4.2473,0.0
-4.8482,-4.2572,0.0
-4.8497,-4.2671,0.0
-4.8511,-4.2770,0.0
-4.8543,-4.2916,0.0
-4.8556,-4.3014,0.0
-4.8569,-4.3112,0.0
-4.8582,-4.3210,0.0
-4.8594,-4.3308,0.0
-4.8615,-4.3420,0.0
-4.8626,-4.3518,0.0
-4.8638,-4.3616,0.0
-4.8654,-4.3762,0.0
-4.8660,-4.3856,0.0
-4.8670,-4.3953,0.0
-4.8680,-4.4051,0.0
-4.8689,-4.4149,0.0
-4.8698,-4.4246,0.0
-4.8716,-4.4359,0.0
-4.8729,-4.4505,0.0
-4.8737,-4.4603,0.0
-4.8745,-4.4701,0.0
-4.8757,-4.4795,0.0
-4.8764,-4.4893,0.0
-4.8772,-4.4990,0.0
-4.8779,-4.5088,0.0
-4.8786,-4.5185,0.0
-4.8788,-4.5329,0.0
-4.8793,-4.5426,0.0
-4.8799,-4.5523,0.0
-4.8804,-4.5621,0.0
-4.8809,-4.5718,0.0
-4.8834,-4.5829,0.0
-4.8839,-4.5926,0.0
-4.8846,-4.6072,0.0
-4.8851,-4.6170,0.0
-4.8855,-4.6268,0.0
-4.8860,-4.6363,0.0
-4.8864,-4.6462,0.0
-4.8867,-4.6560,0.0
-4.8871,-4.6658,0.0
-4.8873,-4.6817,0.0
-4.8875,-4.6915,0.0
-4.8878,-4.7014,0.0
-4.8879,-4.7113,0.0
-4.8881,-4.7212,0.0
-4.8889,-4.7318,0.0
-4.8891,-4.7417,0.0
-4.8893,-4.7566,0.0
-4.8895,-4.7665,0.0
-4.8901,-4.7765,0.0
-4.8902,-4.7864,0.0
-4.8903,-4.7963,0.0
-4.8903,-4.8062,0.0
-4.8904,-4.8161,0.0
-4.8904,-4.8261,0.0
-4.8904,-4.8363,0.0
-4.8903,-4.8512,0.0
-4.8903,-4.8612,0.0
-4.8902,-4.8711,0.0
-4.8919,-4.8807,0.0
-4.8918,-4.8907,0.0
-4.8917,-4.9006,0.0
-4.8916,-4.9105,0.0
-4.8915,-4.9266,0.0
-4.8913,-4.9366,0.0
-4.8911,-4.9466,0.0
-4.8909,-4.9565,0.0
-4.8906,-4.9665,0.0
-4.8921,-4.9792,0.0
-4.8918,-4.9892,0.0
-4.8914,-5.0042,0.0
-4.8911,-5.0142,0.0
-4.8908,-5.0242,0.0
-4.8915,-5.0356,0.0
-4.8911,-5.0457,0.0
-4.8907,-5.0557,0.0
-4.8903,-5.0658,0.0
-4.8899,-5.0758,0.0
-4.8905,-5.0899,0.0
-4.8900,-5.0999,0.0
-4.8895,-5.1099,0.0
-4.8891,-5.1200,0.0
-4.8903,-5.1280,0.0
-4.8898,-5.1379,0.0
-4.8893,-5.1479,0.0
-4.8885,-5.1629,0.0
-4.8880,-5.1729,0.0
-4.8890,-5.1831,0.0
-4.8886,-5.1930,0.0
-4.8881,-5.2029,0.0
-4.8877,-5.2128,0.0
-4.8873,-5.2226,0.0
-4.8887,-5.2308,0.0
-4.8880,-5.2454,0.0
-4.8875,-5.2551,0.0
-4.8870,-5.2648,0.0
-4.8864,-5.2744,0.0
-4.8892,-5.2869,0.0
-4.8886,-5.2965,0.0
-4.8881,-5.3062,0.0
-4.8871,-5.3207,0.0
-4.8864,-5.3303,0.0
-4.8862,-5.3392,0.0
-4.8854,-5.3488,0.0
-4.8846,-5.3585,0.0
-4.8838,-5.3681,0.0
-4.8826,-5.3819,0.0
-4.8821,-5.3868,0.0
-4.8807,-5.4012,0.0
-4.8797,-5.4108,0.0
-4.8781,-5.4242,0.0
-4.8770,-5.4339,0.0
-4.8759,-5.4435,0.0
-4.8747,-5.4532,0.0
-4.8735,-5.4629,0.0
-4.8721,-5.4763,0.0
-4.8709,-5.4859,0.0
-4.8697,-5.4956,0.0
-4.8684,-5.5053,0.0
-4.8672,-5.5150,0.0
-4.8661,-5.5234,0.0
-4.8648,-5.5331,0.0
-4.8635,-5.5428,0.0
-4.8615,-5.5573,0.0
-4.8598,-5.5665,0.0
-4.8584,-5.5762,0.0
-4.8570,-5.5859,0.0
-4.8556,-5.5956,0.0
-4.8541,-5.6054,0.0
-4.8522,-5.6155,0.0
-4.8498,-5.6301,0.0
-4.8482,-5.6398,0.0
-4.8466,-5.6496,0.0
-4.8450,-5.6593,0.0
-4.8436,-5.6744,0.0
-4.8418,-5.6843,0.0
-4.8392,-5.6990,0.0
-4.8383,-5.7040,0.0
-4.8367,-5.7200,0.0
-4.8349,-5.7298,0.0
-4.8330,-5.7396,0.0
-4.8312,-5.7494,0.0
-4.8293,-5.7592,0.0
-4.8280,-5.7691,0.0
-4.8252,-5.7838,0.0
-4.8233,-5.7936,0.0
-4.8214,-5.8034,0.0
-4.8195,-5.8133,0.0
-4.8173,-5.8247,0.0
-4.8154,-5.8345,0.0
-4.8134,-5.8444,0.0
-4.8115,-5.8542,0.0
-4.8095,-5.8641,0.0
-4.8064,-5.8788,0.0
-4.8043,-5.8885,0.0
-4.8023,-5.8983,0.0
-4.8002,-5.9080,0.0
-4.7981,-5.9158,0.0
-4.7960,-5.9255,0.0
-4.7927,-5.9399,0.0
-4.7905,-5.9496,0.0
-4.7883,-5.9592,0.0
-4.7862,-5.9724,0.0
-4.7839,-5.9821,0.0
-4.7816,-5.9918,0.0
-4.7793,-6.0015,0.0
-4.7770,-6.0112,0.0
-4.7736,-6.0247,0.0
-4.7712,-6.0345,0.0
-4.7688,-6.0442,0.0
-4.7664,-6.0540,0.0
-4.7640,-6.0629,0.0
-4.7616,-6.0727,0.0
-4.7579,-6.0874,0.0
-4.7554,-6.0972,0.0
-4.7529,-6.1071,0.0
-4.7507,-6.1154,0.0
-4.7482,-6.1252,0.0
-4.7456,-6.1351,0.0
-4.7431,-6.1449,0.0
-4.7397,-6.1613,0.0
-4.7371,-6.1712,0.0
-4.7346,-6.1810,0.0
-4.7320,-6.1909,0.0
-4.7294,-6.2007,0.0
-4.7267,-6.2091,0.0
-4.7240,-6.2190,0.0
-4.7213,-6.2288,0.0
-4.7173,-6.2436,0.0
-4.7146,-6.2534,0.0
-4.7128,-6.2657,0.0
-4.7100,-6.2756,0.0
-4.7073,-6.2855,0.0
-4.7045,-6.2954,0.0
-4.7017,-6.3053,0.0
-4.6993,-6.3215,0.0
-4.6965,-6.3314,0.0
-4.6937,-6.3413,0.0
-4.6909,-6.3512,0.0
-4.6905,-6.3599,0.0
-4.6877,-6.3698,0.0
-4.6849,-6.3797,0.0
-4.6806,-6.3945,0.0
-4.6777,-6.4044,0.0
-4.6769,-6.4141,0.0
-4.6741,-6.4239,0.0
-4.6712,-6.4338,0.0
-4.6683,-6.4437,0.0
-4.6653,-6.4535,0.0
-4.6633,-6.4630,0.0
-4.6589,-6.4777,0.0
-4.6559,-6.4875,0.0
-4.6529,-6.4973,0.0
-4.6499,-6.5071,0.0
-4.6483,-6.5158,0.0
-4.6453,-6.5255,0.0
-4.6423,-6.5353,0.0
-4.6377,-6.5499,0.0
-4.6355,-6.5585,0.0
-4.6324,-6.5682,0.0
-4.6294,-6.5779,0.0
-4.6263,-6.5876,0.0
-4.6232,-6.5973,0.0
-4.6196,-6.6075,0.0
-4.6165,-6.6171,0.0
-4.6117,-6.6316,0.0
-4.6085,-6.6413,0.0
-4.6054,-6.6509,0.0
-4.6028,-6.6567,0.0
-4.5995,-6.6663,0.0
-4.5962,-6.6758,0.0
-4.5929,-6.6853,0.0
-4.5883,-6.6973,0.0
-4.5849,-6.7067,0.0
-4.5815,-6.7162,0.0
-4.5781,-6.7256,0.0
-4.5746,-6.7350,0.0
-4.5717,-6.7441,0.0
-4.5682,-6.7535,0.0
-4.5630,-6.7676,0.0
-4.5595,-6.7769,0.0
-4.5560,-6.7863,0.0
-4.5532,-6.7959,0.0
-4.5497,-6.8052,0.0
-4.5461,-6.8144,0.0
-4.5424,-6.8237,0.0
-4.5388,-6.8329,0.0
-4.5338,-6.8474,0.0
-4.5301,-6.8566,0.0
-4.5263,-6.8658,0.0
-4.5226,-6.8749,0.0
-4.5185,-6.8846,0.0
-4.5148,-6.8938,0.0
-4.5110,-6.9029,0.0
-4.5052,-6.9165,0.0
-4.5014,-6.9256,0.0
-4.4962,-6.9378,0.0
-4.4923,-6.9469,0.0
-4.4884,-6.9560,0.0
-4.4845,-6.9651,0.0
-4.4805,-6.9742,0.0
-4.4740,-6.9857,0.0
-4.4678,-6.9994,0.0
-4.4637,-7.0084,0.0
-4.4596,-7.0175,0.0
-4.4527,-7.0262,0.0
-4.4485,-7.0352,0.0
-4.4443,-7.0442,0.0
-4.4400,-7.0531,0.0
-4.4357,-7.0621,0.0
-4.4291,-7.0736,0.0
-4.4248,-7.0825,0.0
-4.4204,-7.0913,0.0
-4.4160,-7.1002,0.0
-4.4117,-7.1091,0.0
-4.4082,-7.1164,0.0
-4.4039,-7.1252,0.0
-4.3973,-7.1384,0.0
-4.3929,-7.1472,0.0
-4.3879,-7.1566,0.0
-4.3835,-7.1654,0.0
-4.3791,-7.1742,0.0
-4.3746,-7.1829,0.0
-4.3701,-7.1917,0.0
-4.3612,-7.2048,0.0
-4.3566,-7.2135,0.0
-4.3520,-7.2222,0.0
-4.3474,-7.2310,0.0
-4.3429,-7.2397,0.0
-4.3386,-7.2475,0.0
-4.3340,-7.2563,0.0
-4.3295,-7.2651,0.0
-4.3226,-7.2782,0.0
-4.3166,-7.2884,0.0
-4.3120,-7.2972,0.0
-4.3073,-7.3060,0.0
-4.3027,-7.3148,0.0
-4.2980,-7.3235,0.0
-4.2892,-7.3391,0.0
-4.2844,-7.3480,0.0
-4.2796,-7.3568,0.0
-4.2748,-7.3656,0.0
-4.2699,-7.3744,0.0
-4.2634,-7.3883,0.0
-4.2585,-7.3972,0.0
-4.2512,-7.4106,0.0
-4.2488,-7.4150,0.0
-4.2420,-7.4310,0.0
-4.2371,-7.4400,0.0
-4.2322,-7.4490,0.0
-4.2273,-7.4579,0.0
-4.2224,-7.4669,0.0
-4.2166,-7.4769,0.0
-4.2117,-7.4859,0.0
-4.2043,-7.4993,0.0
-4.1993,-7.5083,0.0
-4.1943,-7.5172,0.0
-4.1894,-7.5259,0.0
-4.1845,-7.5348,0.0
-4.1795,-7.5438,0.0
-4.1745,-7.5527,0.0
-4.1695,-7.5616,0.0
-4.1617,-7.5759,0.0
-4.1567,-7.5848,0.0
-4.1517,-7.5938,0.0
-4.1467,-7.6027,0.0
-4.1418,-7.6115,0.0
-4.1358,-7.6219,0.0
-4.1308,-7.6308,0.0
-4.1233,-7.6440,0.0
-4.1184,-7.6529,0.0
-4.1130,-7.6615,0.0
-4.1080,-7.6703,0.0
-4.1005,-7.6834,0.0
-4.0955,-7.6922,0.0
-4.0921,-7.7003,0.0
-4.0871,-7.7090,0.0
-4.0821,-7.7177,0.0
-4.0771,-7.7264,0.0
-4.0721,-7.7351,0.0
-4.0673,-7.7455,0.0
-4.0623,-7.7542,0.0
-4.0548,-7.7673,0.0
-4.0497,-7.7759,0.0
-4.0447,-7.7846,0.0
-4.0395,-7.7969,0.0
-4.0344,-7.8056,0.0
-4.0293,-7.8143,0.0
-4.0243,-7.8230,0.0
-4.0176,-7.8367,0.0
-4.0125,-7.8454,0.0
-4.0074,-7.8540,0.0
-4.0022,-7.8627,0.0
-3.9971,-7.8714,0.0
-3.9910,-7.8814,0.0
-3.9858,-7.8901,0.0
-3.9806,-7.8987,0.0
-3.9728,-7.9116,0.0
-3.9676,-7.9202,0.0
-3.9611,-7.9280,0.0
-3.9558,-7.9365,0.0
-3.9505,-7.9450,0.0
-3.9451,-7.9536,0.0
-3.9398,-7.9621,0.0
-3.9303,-7.9777,0.0
-3.9249,-7.9863,0.0
-3.9194,-7.9948,0.0
-3.9140,-8.0033,0.0
-3.9069,-8.0100,0.0
-3.9014,-8.0184,0.0
-3.8931,-8.0310,0.0
-3.8903,-8.0352,0.0
-3.8819,-8.0477,0.0
-3.8771,-8.0530,0.0
-3.8714,-8.0613,0.0
-3.8658,-8.0695,0.0
-3.8600,-8.0778,0.0
-3.8543,-8.0859,0.0
-3.8489,-8.0908,0.0
-3.8401,-8.1029,0.0
-3.8343,-8.1109,0.0
-3.8283,-8.1190,0.0
-3.8168,-8.1364,0.0
-3.8107,-8.1446,0.0
-3.8046,-8.1527,0.0
-3.7953,-8.1650,0.0
-3.7890,-8.1732,0.0
-3.7824,-8.1815,0.0
-3.7761,-8.1897,0.0
-3.7697,-8.1978,0.0
-3.7634,-8.2059,0.0
-3.7570,-8.2140,0.0
-3.7499,-8.2224,0.0
-3.7435,-8.2305,0.0
-3.7338,-8.2426,0.0
-3.7274,-8.2507,0.0
-3.7205,-8.2588,0.0
-3.7140,-8.2669,0.0
-3.7075,-8.2750,0.0
-3.7010,-8.2831,0.0
-3.6945,-8.2911,0.0
-3.6853,-8.2988,0.0
-3.6754,-8.3108,0.0
-3.6688,-8.3188,0.0
-3.6621,-8.3267,0.0
-3.6555,-8.3346,0.0
-3.6459,-8.3426,0.0
-3.6392,-8.3505,0.0
-3.6324,-8.3584,0.0
-3.6223,-8.3701,0.0
-3.6164,-8.3789,0.0
-3.6097,-8.3867,0.0
-3.6029,-8.3946,0.0
-3.5961,-8.4024,0.0
-3.5893,-8.4101,0.0
-3.5792,-8.4216,0.0
-3.5689,-8.4333,0.0
-3.5620,-8.4410,0.0
-3.5551,-8.4488,0.0
-3.5482,-8.4565,0.0
-3.5406,-8.4630,0.0
-3.5337,-8.4707,0.0
-3.5267,-8.4782,0.0
-3.5197,-8.4858,0.0
-3.5092,-8.4971,0.0
-3.5022,-8.5027,0.0
-3.4952,-8.5101,0.0
-3.4882,-8.5175,0.0
-3.4812,-8.5249,0.0
-3.4739,-8.5312,0.0
-3.4669,-8.5385,0.0
-3.4564,-8.5494,0.0
-3.4494,-8.5567,0.0
-3.4423,-8.5639,0.0
-3.4353,-8.5691,0.0
-3.4283,-8.5763,0.0
-3.4212,-8.5834,0.0
-3.4107,-8.5941,0.0
-3.4072,-8.5977,0.0
-3.3954,-8.6080,0.0
-3.3883,-8.6151,0.0
-3.3812,-8.6222,0.0
-3.3740,-8.6294,0.0
-3.3669,-8.6365,0.0
-3.3570,-8.6448,0.0
-3.3497,-8.6519,0.0
-3.3388,-8.6626,0.0
-3.3315,-8.6697,0.0
-3.3232,-8.6774,0.0
-3.3159,-8.6846,0.0
-3.3086,-8.6917,0.0
-3.3012,-8.6988,0.0
-3.2938,-8.7059,0.0
-3.2858,-8.7127,0.0
-3.2746,-8.7233,0.0
-3.2672,-8.7304,0.0
-3.2597,-8.7374,0.0
-3.2522,-8.7444,0.0
-3.2434,-8.7518,0.0
-3.2358,-8.7588,0.0
-3.2245,-8.7692,0.0
-3.2169,-8.7762,0.0
-3.2079,-8.7846,0.0
-3.2003,-8.7916,0.0
-3.1927,-8.7986,0.0
-3.1851,-8.8055,0.0
-3.1776,-8.8124,0.0
-3.1699,-8.8183,0.0
-3.1585,-8.8286,0.0
-3.1508,-8.8354,0.0
-3.1432,-8.8423,0.0
-3.1356,-8.8491,0.0
-3.1277,-8.8548,0.0
-3.1201,-8.8616,0.0
-3.1124,-8.8683,0.0
-3.1047,-8.8750,0.0
-3.0938,-8.8847,0.0
-3.0862,-8.8914,0.0
-3.0785,-8.8980,0.0
-3.0708,-8.9046,0.0
-3.0631,-8.9112,0.0
-3.0558,-8.9178,0.0
-3.0482,-8.9244,0.0
-3.0405,-8.9309,0.0
-3.0289,-8.9407,0.0
-3.0212,-8.9473,0.0
-3.0142,-8.9536,0.0
-3.0064,-8.9601,0.0
-2.9986,-8.9665,0.0
-2.9909,-8.9730,0.0
-2.9796,-8.9836,0.0
-2.9719,-8.9900,0.0
-2.9642,-8.9964,0.0
-2.9564,-9.0029,0.0
-2.9487,-9.0093,0.0
-2.9391,-9.0178,0.0
-2.9313,-9.0242,0.0
-2.9196,-9.0337,0.0
-2.9117,-9.0401,0.0
-2.9039,-9.0464,0.0
-2.8936,-9.0540,0.0
-2.8857,-9.0604,0.0
-2.8777,-9.0667,0.0
-2.8698,-9.0730,0.0
-2.8619,-9.0793,0.0
-2.8501,-9.0867,0.0
-2.8422,-9.0929,0.0
-2.8342,-9.0991,0.0
-2.8262,-9.1052,0.0
-2.8181,-9.1129,0.0
-2.8100,-9.1191,0.0
-2.8020,-9.1252,0.0
-2.7940,-9.1314,0.0
-2.7819,-9.1405,0.0
-2.7739,-9.1471,0.0
-2.7658,-9.1532,0.0
-2.7578,-9.1592,0.0
-2.7497,-9.1653,0.0
-2.7417,-9.1714,0.0
-2.7346,-9.1777,0.0
-2.7226,-9.1868,0.0
-2.7146,-9.1929,0.0
-2.7067,-9.1989,0.0
-2.6988,-9.2051,0.0
-2.6909,-9.2111,0.0
-2.6829,-9.2172,0.0
-2.6750,-9.2233,0.0
-2.6671,-9.2293,0.0
-2.6517,-9.2423,0.0
-2.6437,-9.2483,0.0
-2.6357,-9.2544,0.0
-2.6277,-9.2604,0.0
-2.6198,-9.2664,0.0
-2.6134,-9.2724,0.0
-2.6056,-9.2783,0.0
-2.5977,-9.2843,0.0
-2.5860,-9.2932,0.0
-2.5769,-9.3012,0.0
-2.5690,-9.3072,0.0
-2.5612,-9.3130,0.0
-2.5533,-9.3189,0.0
-2.5454,-9.3248,0.0
-2.5391,-9.3304,0.0
-2.5273,-9.3392,0.0
-2.5194,-9.3449,0.0
-2.5115,-9.3507,0.0
-2.5036,-9.3565,0.0
-2.4978,-9.3634,0.0
-2.4900,-9.3691,0.0
-2.4821,-9.3748,0.0
-2.4742,-9.3806,0.0
-2.4619,-9.3927,0.0
-2.4540,-9.3984,0.0
-2.4460,-9.4042,0.0
-2.4380,-9.4099,0.0
-2.4299,-9.4156,0.0
-2.4238,-9.4228,0.0
-2.4117,-9.4312,0.0
-2.4037,-9.4367,0.0
-2.3956,-9.4423,0.0
-2.3876,-9.4477,0.0
-2.3778,-9.4555,0.0
-2.3697,-9.4609,0.0
-2.3616,-9.4663,0.0
-2.3534,-9.4717,0.0
-2.3452,-9.4771,0.0
-2.3339,-9.4855,0.0
-2.3258,-9.4909,0.0
-2.3176,-9.4962,0.0
-2.3094,-9.5015,0.0
-2.3000,-9.5074,0.0
-2.2918,-9.5127,0.0
-2.2794,-9.5206,0.0
-2.2711,-9.5258,0.0
-2.2629,-9.5310,0.0
-2.2522,-9.5384,0.0
-2.2439,-9.5436,0.0
-2.2356,-9.5488,0.0
-2.2272,-9.5539,0.0
-2.2151,-9.5622,0.0
-2.2109,-9.5648,0.0
-2.1984,-9.5723,0.0
-2.1900,-9.5774,0.0
-2.1816,-9.5824,0.0
-2.1734,-9.5880,0.0
-2.1650,-9.5930,0.0
-2.1524,-9.6005,0.0
-2.1482,-9.6030,0.0
-2.1355,-9.6104,0.0
-2.1274,-9.6151,0.0
-2.1190,-9.6199,0.0
-2.1105,-9.6248,0.0
-2.1019,-9.6296,0.0
-2.0934,-9.6344,0.0
-2.0860,-9.6401,0.0
-2.0732,-9.6473,0.0
-2.0647,-9.6520,0.0
-2.0561,-9.6567,0.0
-2.0475,-9.6620,0.0
-2.0389,-9.6667,0.0
-2.0303,-9.6714,0.0
-2.0175,-9.6784,0.0
-2.0132,-9.6808,0.0
-1.9999,-9.6884,0.0
-1.9914,-9.6930,0.0
-1.9828,-9.6977,0.0
-1.9743,-9.7024,0.0
-1.9657,-9.7071,0.0
-1.9561,-9.7122,0.0
-1.9475,-9.7168,0.0
-1.9346,-9.7238,0.0
-1.9260,-9.7284,0.0
-1.9130,-9.7350,0.0
-1.9043,-9.7396,0.0
-1.8956,-9.7442,0.0
-1.8869,-9.7488,0.0
-1.8782,-9.7534,0.0
-1.8631,-9.7601,0.0
-1.8543,-9.7646,0.0
-1.8456,-9.7692,0.0
-1.8368,-9.7737,0.0
-1.8280,-9.7782,0.0
-1.8137,-9.7855,0.0
-1.8049,-9.7900,0.0
-1.7960,-9.7945,0.0
-1.7826,-9.8013,0.0
-1.7729,-9.8044,0.0
-1.7640,-9.8088,0.0
-1.7550,-9.8132,0.0
-1.7461,-9.8175,0.0
-1.7371,-9.8219,0.0
-1.7274,-9.8257,0.0
-1.7184,-9.8300,0.0
-1.7049,-9.8364,0.0
-1.6958,-9.8407,0.0
-1.6868,-9.8449,0.0
-1.6767,-9.8484,0.0
-1.6677,-9.8526,0.0
-1.6586,-9.8567,0.0
-1.6495,-9.8609,0.0
-1.6347,-9.8660,0.0
-1.6256,-9.8701,0.0
-1.6165,-9.8742,0.0
-1.6074,-9.8783,0.0
-1.5982,-9.8823,0.0
-1.5872,-9.8847,0.0
-1.5735,-9.8907,0.0
-1.5643,-9.8947,0.0
-1.5551,-9.8986,0.0
-1.5459,-9.9025,0.0
-1.5345,-9.9052,0.0
-1.5252,-9.9091,0.0
-1.5159,-9.9129,0.0
-1.5067,-9.9167,0.0
-1.4903,-9.9217,0.0
-1.4809,-9.9254,0.0
-1.4715,-9.9291,0.0
-1.4622,-9.9328,0.0
-1.4528,-9.9365,0.0
-1.4415,-9.9394,0.0
-1.4320,-9.9430,0.0
-1.4178,-9.9484,0.0
-1.4131,-9.9501,0.0
-1.3989,-9.9554,0.0
-1.3864,-9.9579,0.0
-1.3768,-9.9613,0.0
-1.3672,-9.9648,0.0
-1.3577,-9.9682,0.0
-1.3471,-9.9721,0.0
-1.3375,-9.9755,0.0
-1.3231,-9.9806,0.0
-1.3134,-9.9840,0.0
-1.3037,-9.9872,0.0
-1.2957,-9.9883,0.0
-1.2861,-9.9915,0.0
-1.2764,-9.9947,0.0
-1.2668,-9.9979,0.0
-1.2522,-10.0025,0.0
-1.2414,-10.0057,0.0
-1.2317,-10.0088,0.0
-1.2219,-10.0119,0.0
-1.2122,-10.0149,0.0
-1.2066,-10.0132,0.0
-1.1969,-10.0161,0.0
-1.1823,-10.0205,0.0
-1.1726,-10.0234,0.0
-1.1628,-10.0262,0.0
-1.1535,-10.0281,0.0
-1.1437,-10.0309,0.0
-1.1339,-10.0337,0.0
-1.1242,-10.0365,0.0
-1.1144,-10.0393,0.0
-1.0964,-10.0429,0.0
-1.0866,-10.0457,0.0
-1.0767,-10.0484,0.0
-1.0669,-10.0511,0.0
-1.0572,-10.0538,0.0
-1.0476,-10.0556,0.0
-1.0379,-10.0582,0.0
-1.0282,-10.0609,0.0
-1.0136,-10.0648,0.0
-1.0020,-10.0683,0.0
-0.9923,-10.0709,0.0
-0.9826,-10.0735,0.0
-0.9728,-10.0760,0.0
-0.9630,-10.0785,0.0
-0.9469,-10.0823,0.0
-0.9370,-10.0847,0.0
-0.9271,-10.0870,0.0
-0.9171,-10.0892,0.0
-0.9071,-10.0914,0.0
-0.8945,-10.0936,0.0
-0.8844,-10.0957,0.0
-0.8743,-10.0978,0.0
-0.8642,-10.0999,0.0
-0.8476,-10.1028,0.0
-0.8375,-10.1049,0.0
-0.8274,-10.1069,0.0
-0.8172,-10.1089,0.0
-0.8071,-10.1109,0.0
-0.7956,-10.1129,0.0
-0.7803,-10.1158,0.0
-0.7702,-10.1177,0.0
-0.7600,-10.1196,0.0
-0.7498,-10.1215,0.0
-0.7383,-10.1231,0.0
-0.7281,-10.1250,0.0
-0.7179,-10.1268,0.0
-0.7077,-10.1286,0.0
-0.6924,-10.1311,0.0
-0.6822,-10.1328,0.0
-0.6720,-10.1345,0.0
-0.6618,-10.1363,0.0
-0.6515,-10.1380,0.0
-0.6393,-10.1404,0.0
-0.6290,-10.1422,0.0
-0.6137,-10.1447,0.0
-0.6034,-10.1464,0.0
-0.5931,-10.1481,0.0
-0.5812,-10.1495,0.0
-0.5709,-10.1511,0.0
-0.5606,-10.1527,0.0
-0.5503,-10.1543,0.0
-0.5336,-10.1566,0.0
-0.5284,-10.1574,0.0
-0.5129,-10.1597,0.0
-0.5026,-10.1612,0.0
-0.4923,-10.1627,0.0
-0.4816,-10.1628,0.0
-0.4713,-10.1642,0.0
-0.4610,-10.1655,0.0
-0.4506,-10.1669,0.0
-0.4351,-10.1689,0.0
-0.4213,-10.1699,0.0
-0.4109,-10.1711,0.0
-0.4005,-10.1723,0.0
-0.3901,-10.1734,0.0
-0.3798,-10.1746,0.0
-0.3703,-10.1739,0.0
-0.3548,-10.1756,0.0
-0.3444,-10.1767,0.0
-0.3339,-10.1778,0.0
-0.3252,-10.1769,0.0
-0.3148,-10.1780,0.0
-0.3044,-10.1791,0.0
-0.2940,-10.1802,0.0
-0.2836,-10.1813,0.0
-0.2685,-10.1822,0.0
-0.2581,-10.1832,0.0
-0.2477,-10.1842,0.0
-0.2373,-10.1852,0.0
-0.2269,-10.1862,0.0
-0.2161,-10.1862,0.0
-0.2056,-10.1872,0.0
-0.1900,-10.1886,0.0
-0.1795,-10.1895,0.0
-0.1689,-10.1880,0.0
-0.1584,-10.1888,0.0
-0.1479,-10.1896,0.0
-0.1374,-10.1904,0.0
-0.1269,-10.1912,0.0
-0.1198,-10.1920,0.0
-0.1041,-10.1931,0.0
-0.0937,-10.1938,0.0
-0.0832,-10.1945,0.0
-0.0728,-10.1952,0.0
-0.0656,-10.1952,0.0
-0.0552,-10.1958,0.0
-0.0448,-10.1964,0.0
-0.0292,-10.1973,0.0
-0.0208,-10.1983,0.0
-0.0104,-10.1988,0.0
-0.0000,-10.1993,0.0
0.0104,-10.1998,0.0
0.0208,-10.2003,0.0
0.0327,-10.2022,0.0
0.0483,-10.2029,0.0
0.0587,-10.2034,0.0
0.0691,-10.2038,0.0
0.0796,-10.2042,0.0
0.0892,-10.2047,0.0
0.0996,-10.2050,0.0
0.1100,-10.2054,0.0
0.1204,-10.2058,0.0
0.1358,-10.2062,0.0
0.1462,-10.2065,0.0
0.1565,-10.2069,0.0
0.1668,-10.2073,0.0
0.1770,-10.2076,0.0
0.1876,-10.2081,0.0
0.1979,-10.2085,0.0
0.2081,-10.2089,0.0
0.2235,-10.2094,0.0
0.2337,-10.2098,0.0
0.2446,-10.2103,0.0
0.2548,-10.2107,0.0
0.2651,-10.2110,0.0
0.2753,-10.2113,0.0
0.2856,-10.2116,0.0
0.3005,-10.2124,0.0
0.3107,-10.2127,0.0
0.3209,-10.2130,0.0
0.3312,-10.2132,0.0
0.3433,-10.2146,0.0
0.3536,-10.2148,0.0
0.3639,-10.2151,0.0
0.3742,-10.2153,0.0
0.3896,-10.2155,0.0
0.3970,-10.2160,0.0
0.4073,-10.2162,0.0
0.4175,-10.2164,0.0
0.4277,-10.2165,0.0
0.4379,-10.2166,0.0
0.4507,-10.2171,0.0
0.4661,-10.2172,0.0
0.4764,-10.2173,0.0
0.4866,-10.2173,0.0
0.4988,-10.2179,0.0
0.5092,-10.2179,0.0
0.5195,-10.2179,0.0
0.5298,-10.2179,0.0
0.5401,-10.2179,0.0
0.5529,-10.2156,0.0
0.5632,-10.2154,0.0
0.5735,-10.2152,0.0
0.5838,-10.2150,0.0
0.5941,-10.2147,0.0
0.6051,-10.2136,0.0
0.6205,-10.2130,0.0
0.6309,-10.2127,0.0
0.6412,-10.2123,0.0
0.6499,-10.2120,0.0
0.6601,-10.2116,0.0
0.6703,-10.2112,0.0
0.6804,-10.2108,0.0
0.6906,-10.2104,0.0
0.7060,-10.2079,0.0
0.7162,-10.2073,0.0
0.7264,-10.2067,0.0
0.7366,-10.2061,0.0
0.7469,-10.2054,0.0
0.7567,-10.2043,0.0
0.7720,-10.2033,0.0
0.7771,-10.2029,0.0
0.7923,-10.2019,0.0
0.8017,-10.1998,0.0
0.8118,-10.1990,0.0
0.8218,-10.1983,0.0
0.8319,-10.1975,0.0
0.8419,-10.1966,0.0
0.8527,-10.1944,0.0
0.8678,-10.1931,0.0
0.8778,-10.1922,0.0
0.8878,-10.1913,0.0
0.8977,-10.1903,0.0
0.9066,-10.1869,0.0
0.9166,-10.1858,0.0
0.9315,-10.1841,0.0
0.9414,-10.1829,0.0
0.9519,-10.1801,0.0
0.9618,-10.1787,0.0
0.9717,-10.1774,0.0
0.9816,-10.1760,0.0
0.9915,-10.1745,0.0
1.0027,-10.1709,0.0
1.0126,-10.1694,0.0
1.0274,-10.1671,0.0
1.0373,-10.1656,0.0
1.0473,-10.1641,0.0
1.0576,-10.1612,0.0
1.0676,-10.1597,0.0
1.0775,-10.1582,0.0
1.0875,-10.1567,0.0
1.1014,-10.1531,0.0
1.1114,-10.1515,0.0
1.1213,-10.1500,0.0
1.1313,-10.1484,0.0
1.1413,-10.1468,0.0
1.1530,-10.1439,0.0
1.1630,-10.1423,0.0
1.1780,-10.1399,0.0
1.1880,-10.1383,0.0
1.1980,-10.1367,0.0
1.2104,-10.1328,0.0
1.2204,-10.1311,0.0
1.2303,-10.1295,0.0
1.2403,-10.1277,0.0
1.2587,-10.1251,0.0
1.2687,-10.1234,0.0
1.2787,-10.1216,0.0
1.2887,-10.1199,0.0
1.2987,-10.1182,0.0
1.3101,-10.1150,0.0
1.3201,-10.1132,0.0
1.3351,-10.1104,0.0
1.3401,-10.1095,0.0
1.3552,-10.1067,0.0
1.3659,-10.1038,0.0
1.3759,-10.1019,0.0
1.3859,-10.0999,0.0
1.3959,-10.0979,0.0
1.4059,-10.0959,0.0
1.4141,-10.0927,0.0
1.4241,-10.0906,0.0
1.4391,-10.0874,0.0
1.4490,-10.0852,0.0
1.4598,-10.0826,0.0
1.4698,-10.0804,0.0
1.4798,-10.0782,0.0
1.4898,-10.0759,0.0
1.4998,-10.0736,0.0
1.5163,-10.0694,0.0
1.5263,-10.0670,0.0
1.5363,-10.0647,0.0
1.5462,-10.0622,0.0
1.5562,-10.0598,0.0
1.5676,-10.0565,0.0
1.5775,-10.0540,0.0
1.5925,-10.0502,0.0
1.6025,-10.0476,0.0
1.6137,-10.0443,0.0
1.6237,-10.0417,0.0
1.6337,-10.0390,0.0
1.6437,-10.0364,0.0
1.6537,-10.0337,0.0
1.6691,-10.0315,0.0
1.6790,-10.0289,0.0
1.6890,-10.0262,0.0
1.6990,-10.0235,0.0
1.7089,-10.0208,0.0
1.7178,-10.0188,0.0
1.7277,-10.0160,0.0
1.7426,-10.0119,0.0
1.7525,-10.0091,0.0
1.7559,-10.0075,0.0
1.7657,-10.0047,0.0
1.7755,-10.0019,0.0
1.7852,-9.9990,0.0
1.7950,-9.9961,0.0
1.8059,-9.9929,0.0
1.8156,-9.9900,0.0
1.8252,-9.9870,0.0
1.8348,-9.9840,0.0
1.8445,-9.9810,0.0
1.8545,-9.9779,0.0
1.8642,-9.9748,0.0
1.8738,-9.9718,0.0
1.8882,-9.9671,0.0
1.8987,-9.9640,0.0
1.9084,-9.9608,0.0
1.9180,-9.9575,0.0
1.9276,-9.9542,0.0
1.9372,-9.9508,0.0
1.9435,-9.9477,0.0
1.9529,-9.9443,0.0
1.9671,-9.9390,0.0
1.9766,-9.9355,0.0
1.9860,-9.9319,0.0
2.0064,-9.9283,0.0
2.0160,-9.9247,0.0
2.0256,-9.9211,0.0
2.0401,-9.9157,0.0
2.0482,-9.9127,0.0
2.0578,-9.9090,0.0
2.0674,-9.9054,0.0
2.0771,-9.9017,0.0
2.0867,-9.8979,0.0
2.0962,-9.8967,0.0
2.1106,-9.8911,0.0
2.1202,-9.8874,0.0
2.1298,-9.8836,0.0
2.1394,-9.8797,0.0
2.1478,-9.8756,0.0
2.1573,-9.8717,0.0
2.1667,-9.8678,0.0
2.1761,-9.8638,0.0
2.1877,-9.8572,0.0
2.1970,-9.8531,0.0
2.2063,-9.8490,0.0
2.2155,-9.8449,0.0
2.2247,-9.8408,0.0
2.2336,-9.8353,0.0
2.2428,-9.8311,0.0
2.2520,-9.8269,0.0
2.2657,-9.8205,0.0
2.2748,-9.8162,0.0
2.2846,-9.8097,0.0
2.2937,-9.8054,0.0
2.3028,-9.8010,0.0
2.3120,-9.7966,0.0
2.3211,-9.7922,0.0
2.3388,-9.7778,0.0
2.3481,-9.7731,0.0
2.3573,-9.7685,0.0
2.3664,-9.7639,0.0
2.3757,-9.7576,0.0
2.3848,-9.7529,0.0
2.3939,-9.7481,0.0
2.4030,-9.7433,0.0
2.4166,-9.7360,0.0
2.4258,-9.7300,0.0
2.4348,-9.7250,0.0
2.4438,-9.7201,0.0
2.4527,-9.7151,0.0
2.4617,-9.7101,0.0
2.4647,-9.7064,0.0
2.4736,-9.7014,0.0
2.4868,-9.6938,0.0
2.4958,-9.6887,0.0
2.5059,-9.6839,0.0
2.5148,-9.6788,0.0
2.5238,-9.6738,0.0
2.5328,-9.6688,0.0
2.5418,-9.6637,0.0
2.5574,-9.6571,0.0
2.5665,-9.6520,0.0
2.5755,-9.6470,0.0
2.5846,-9.6420,0.0
2.5936,-9.6370,0.0
2.6049,-9.6334,0.0
2.6140,-9.6283,0.0
2.6276,-9.6207,0.0
2.6367,-9.6156,0.0
2.6482,-9.6100,0.0
2.6574,-9.6048,0.0
2.6665,-9.5996,0.0
2.6756,-9.5944,0.0
2.6848,-9.5892,0.0
2.6908,-9.5846,0.0
2.7043,-9.5767,0.0
2.7133,-9.5714,0.0
2.7223,-9.5660,0.0
2.7313,-9.5606,0.0
2.7415,-9.5549,0.0
2.7505,-9.5495,0.0
2.7595,-9.5441,0.0
2.7684,-9.5386,0.0
2.7827,-9.5309,0.0
2.7917,-9.5254,0.0
2.8007,-9.5200,0.0
2.8096,-9.5145,0.0
2.8185,-9.5091,0.0
2.8275,-9.5061,0.0
2.8364,-9.5008,0.0
2.8497,-9.4927,0.0
2.8585,-9.4874,0.0
2.8674,-9.4820,0.0
2.8815,-9.4764,0.0
2.8905,-9.4711,0.0
2.8994,-9.4658,0.0
2.9083,-9.4604,0.0
2.9219,-9.4534,0.0
2.9308,-9.4480,0.0
2.9396,-9.4426,0.0
2.9485,-9.4372,0.0
2.9574,-9.4318,0.0
2.9668,-9.4276,0.0
2.9756,-9.4222,0.0
2.9845,-9.4168,0.0
2.9977,-9.4087,0.0
3.0066,-9.4033,0.0
3.0229,-9.3970,0.0
3.0318,-9.3916,0.0
3.0407,-9.3861,0.0
3.0496,-9.3807,0.0
3.0584,-9.3753,0.0
3.0644,-9.3718,0.0
3.0775,-9.3636,0.0
3.0863,-9.3581,0.0
3.0951,-9.3526,0.0
3.1028,-9.3481,0.0
3.1115,-9.3426,0.0
3.1202,-9.3370,0.0
3.1333,-9.3285,0.0
3.1420,-9.3228,0.0
3.1508,-9.3185,0.0
3.1595,-9.3128,0.0
3.1682,-9.3071,0.0
3.1769,-9.3014,0.0
3.1856,-9.2958,0.0
3.1981,-9.2906,0.0
3.2113,-9.2821,0.0
3.2201,-9.2765,0.0
3.2288,-9.2708,0.0
3.2391,-9.2667,0.0
3.2478,-9.2612,0.0
3.2566,-9.2556,0.0
3.2653,-9.2500,0.0
3.2741,-9.2444,0.0
3.2882,-9.2363,0.0
3.2968,-9.2307,0.0
3.3055,-9.2252,0.0
3.3141,-9.2197,0.0
3.3226,-9.2141,0.0
3.3313,-9.2088,0.0
3.3397,-9.2031,0.0
3.3522,-9.1945,0.0
3.3604,-9.1888,0.0
3.3702,-9.1817,0.0
3.3784,-9.1758,0.0
3.3865,-9.1699,0.0
3.3946,-9.1640,0.0
3.4027,-9.1580,0.0
3.4163,-9.1480,0.0
3.4245,-9.1420,0.0
3.4326,-9.1360,0.0
3.4408,-9.1300,0.0
3.4490,-9.1240,0.0
3.4588,-9.1168,0.0
3.4671,-9.1108,0.0
3.4753,-9.1047,0.0
3.4878,-9.0957,0.0
3.4958,-9.0887,0.0
3.5041,-9.0826,0.0
3.5124,-9.0766,0.0
3.5207,-9.0705,0.0
3.5290,-9.0644,0.0
3.5367,-9.0564,0.0
3.5450,-9.0503,0.0
3.5573,-9.0411,0.0
3.5656,-9.0350,0.0
3.5721,-9.0263,0.0
3.5803,-9.0201,0.0
3.5885,-9.0139,0.0
3.5966,-9.0076,0.0
3.6048,-9.0014,0.0
3.6169,-8.9917,0.0
3.6250,-8.9854,0.0
3.6331,-8.9791,0.0
3.6412,-8.9728,0.0
3.6493,-8.9664,0.0
3.6553,-8.9609,0.0
3.6633,-8.9545,0.0
3.6753,-8.9448,0.0
3.6833,-8.9382,0.0
3.6924,-8.9277,0.0
3.7004,-8.9210,0.0
3.7083,-8.9143,0.0
3.7163,-8.9075,0.0
3.7242,-8.9007,0.0
3.7346,-8.8894,0.0
3.7425,-8.8825,0.0
3.7504,-8.8756,0.0
3.7582,-8.8687,0.0
3.7661,-8.8617,0.0
3.7741,-8.8524,0.0
3.7819,-8.8453,0.0
3.7936,-8.8347,0.0
3.7975,-8.8312,0.0
3.8036,-8.8187,0.0
3.8113,-8.8115,0.0
3.8189,-8.8044,0.0
3.8265,-8.7971,0.0
3.8340,-8.7898,0.0
3.8415,-8.7835,0.0
3.8489,-8.7762,0.0
3.8600,-8.7652,0.0
3.8673,-8.7578,0.0
3.8746,-8.7504,0.0
3.8789,-8.7444,0.0
3.8861,-8.7370,0.0
3.8933,-8.7296,0.0
3.9005,-8.7222,0.0
3.9006,-8.7146,0.0
3.9075,-8.7072,0.0
3.9143,-8.6997,0.0
3.9212,-8.6922,0.0
3.9279,-8.6847,0.0
3.9355,-8.6793,0.0
3.9423,-8.6718,0.0
3.9523,-8.6604,0.0
3.9590,-8.6529,0.0
3.9657,-8.6453,0.0
3.9728,-8.6404,0.0
3.9795,-8.6328,0.0
3.9862,-8.6252,0.0
3.9928,-8.6177,0.0
3.9995,-8.6101,0.0
4.0080,-8.6018,0.0
4.0146,-8.5942,0.0
4.0213,-8.5866,0.0
4.0279,-8.5790,0.0
4.0331,-8.5738,0.0
4.0397,-8.5662,0.0
4.0496,-8.5548,0.0
4.0562,-8.5472,0.0
4.0627,-8.5396,0.0
4.0694,-8.5326,0.0
4.0759,-8.5249,0.0
4.0824,-8.5172,0.0
4.0889,-8.5095,0.0
4.0955,-8.5018,0.0
4.1026,-8.4959,0.0
4.1123,-8.4843,0.0
4.1188,-8.4765,0.0
4.1253,-8.4688,0.0
4.1328,-8.4609,0.0
4.1393,-8.4531,0.0
4.1458,-8.4453,0.0
4.1523,-8.4375,0.0
4.1588,-8.4297,0.0
4.1676,-8.4194,0.0
4.1741,-8.4116,0.0
4.1805,-8.4038,0.0
4.1869,-8.3959,0.0
4.1933,-8.3881,0.0
4.1997,-8.3799,0.0
4.2093,-8.3680,0.0
4.2156,-8.3601,0.0
4.2220,-8.3522,0.0
4.2285,-8.3446,0.0
4.2348,-8.3367,0.0
4.2411,-8.3288,0.0
4.2474,-8.3209,0.0
4.2537,-8.3130,0.0
4.2639,-8.3023,0.0
4.2702,-8.2943,0.0
4.2764,-8.2864,0.0
4.2826,-8.2784,0.0
4.2889,-8.2705,0.0
4.2949,-8.2647,0.0
4.3011,-8.2568,0.0
4.3104,-8.2449,0.0
4.3165,-8.2369,0.0
4.3218,-8.2313,0.0
4.3278,-8.2233,0.0
4.3339,-8.2153,0.0
4.3399,-8.2073,0.0
4.3459,-8.1993,0.0
4.3561,-8.1881,0.0
4.3622,-8.1800,0.0
4.3712,-8.1679,0.0
4.3772,-8.1599,0.0
4.3832,-8.1518,0.0
4.3882,-8.1439,0.0
4.3942,-8.1358,0.0
4.4001,-8.1276,0.0
4.4060,-8.1195,0.0
4.4096,-8.1149,0.0
4.4153,-8.1068,0.0
4.4211,-8.0986,0.0
4.4268,-8.0905,0.0
4.4325,-8.0823,0.0
4.4375,-8.0749,0.0
4.4431,-8.0668,0.0
4.4516,-8.0546,0.0
4.4572,-8.0465,0.0
4.4628,-8.0384,0.0
4.4674,-8.0317,0.0
4.4729,-8.0236,0.0
4.4785,-8.0155,0.0
4.4840,-8.0075,0.0
4.4895,-7.9994,0.0
4.4977,-7.9881,0.0
4.5032,-7.9802,0.0
4.5087,-7.9722,0.0
4.5142,-7.9643,0.0
4.5200,-7.9567,0.0
4.5255,-7.9488,0.0
4.5337,-7.9370,0.0
4.5391,-7.9292,0.0
4.5445,-7.9214,0.0
4.5519,-7.9099,0.0
4.5573,-7.9022,0.0
4.5627,-7.8945,0.0
4.5680,-7.8869,0.0
4.5734,-7.8792,0.0
4.5807,-7.8654,0.0
4.5859,-7.8576,0.0
4.5912,-7.8498,0.0
4.5964,-7.8420,0.0
4.6050,-7.8275,0.0
4.6103,-7.8197,0.0
4.6155,-7.8118,0.0
4.6207,-7.8039,0.0
4.6285,-7.7921,0.0
4.6345,-7.7766,0.0
4.6396,-7.7684,0.0
4.6447,-7.7602,0.0
4.6498,-7.7521,0.0
4.6548,-7.7439,0.0
4.6607,-7.7319,0.0
4.6657,-7.7236,0.0
4.6732,-7.7112,0.0
4.6781,-7.7029,0.0
4.6850,-7.6894,0.0
4.6900,-7.6810,0.0
4.6949,-7.6726,0.0
4.6998,-7.6642,0.0
4.7071,-7.6515,0.0
4.7133,-7.6381,0.0
4.7181,-7.6296,0.0
4.7230,-7.6211,0.0
4.7278,-7.6126,0.0
4.7326,-7.6040,0.0
4.7383,-7.5955,0.0
4.7430,-7.5868,0.0
4.7500,-7.5737,0.0
4.7546,-7.5650,0.0
4.7599,-7.5575,0.0
4.7644,-7.5486,0.0
4.7690,-7.5397,0.0
4.7735,-7.5308,0.0
4.7780,-7.5219,0.0
4.7869,-7.5078,0.0
4.7915,-7.4990,0.0
4.7960,-7.4902,0.0
4.8005,-7.4815,0.0
4.8051,-7.4728,0.0
4.8098,-7.4663,0.0
4.8143,-7.4575,0.0
4.8210,-7.4444,0.0
4.8232,-7.4401,0.0
4.8300,-7.4285,0.0
4.8344,-7.4197,0.0
4.8388,-7.4110,0.0
4.8432,-7.4022,0.0
4.8476,-7.3935,0.0
4.8524,-7.3863,0.0
4.8567,-7.3776,0.0
4.8632,-7.3644,0.0
4.8675,-7.3556,0.0
4.8718,-7.3469,0.0
4.8813,-7.3377,0.0
4.8857,-7.3289,0.0
4.8901,-7.3201,0.0
4.8945,-7.3112,0.0
4.9037,-7.2963,0.0
4.9081,-7.2874,0.0
4.9125,-7.2784,0.0
4.9168,-7.2695,0.0
4.9211,-7.2605,0.0
4.9262,-7.2519,0.0
4.9305,-7.2429,0.0
4.9368,-7.2293,0.0
4.9409,-7.2202,0.0
4.9444,-7.2089,0.0
4.9485,-7.1998,0.0
4.9525,-7.1906,0.0
4.9566,-7.1813,0.0
4.9606,-7.1720,0.0
4.9645,-7.1627,0.0
4.9695,-7.1490,0.0
4.9734,-7.1396,0.0
4.9773,-7.1302,0.0
4.9811,-7.1207,0.0
4.9844,-7.1124,0.0
4.9882,-7.1029,0.0
4.9920,-7.0934,0.0
4.9977,-7.0792,0.0
5.0014,-7.0697,0.0
5.0058,-7.0598,0.0
5.0095,-7.0502,0.0
5.0131,-7.0407,0.0
5.0168,-7.0311,0.0
5.0210,-7.0202,0.0
5.0228,-7.0154,0.0
5.0281,-7.0012,0.0
5.0317,-6.9917,0.0
5.0352,-6.9822,0.0
5.0387,-6.9727,0.0
5.0434,-6.9644,0.0
5.0469,-6.9550,0.0
5.0504,-6.9455,0.0
5.0540,-6.9361,0.0
5.0598,-6.9236,0.0
5.0633,-6.9142,0.0
5.0667,-6.9048,0.0
5.0702,-6.8954,0.0
5.0736,-6.8860,0.0
5.0764,-6.8769,0.0
5.0798,-6.8675,0.0
5.0847,-6.8534,0.0
5.0880,-6.8440,0.0
5.0915,-6.8334,0.0
5.0947,-6.8239,0.0
5.0979,-6.8145,0.0
5.1011,-6.8050,0.0
5.1042,-6.7956,0.0
5.1093,-6.7815,0.0
5.1123,-6.7721,0.0
5.1153,-6.7626,0.0
5.1182,-6.7531,0.0
5.1211,-6.7436,0.0
5.1251,-6.7329,0.0
5.1293,-6.7186,0.0
5.1308,-6.7138,0.0
5.1349,-6.6995,0.0
5.1383,-6.6902,0.0
5.1411,-6.6807,0.0
5.1438,-6.6711,0.0
5.1465,-6.6616,0.0
5.1492,-6.6521,0.0
5.1564,-6.6339,0.0
5.1578,-6.6291,0.0
5.1618,-6.6147,0.0
5.1645,-6.6050,0.0
5.1671,-6.5954,0.0
5.1724,-6.5804,0.0
5.1750,-6.5706,0.0
5.1777,-6.5608,0.0
5.1804,-6.5511,0.0
5.1818,-6.5385,0.0
5.1843,-6.5288,0.0
5.1869,-6.5190,0.0
5.1894,-6.5093,0.0
5.1919,-6.4995,0.0
5.1944,-6.4898,0.0
5.1965,-6.4803,0.0
5.2002,-6.4657,0.0
5.2026,-6.4559,0.0
5.2050,-6.4461,0.0
5.2073,-6.4365,0.0
5.2097,-6.4267,0.0
5.2121,-6.4169,0.0
5.2144,-6.4072,0.0
5.2167,-6.3974,0.0
5.2214,-6.3800,0.0
5.2236,-6.3701,0.0
5.2258,-6.3603,0.0
5.2280,-6.3504,0.0
5.2299,-6.3420,0.0
5.2320,-6.3321,0.0
5.2350,-6.3172,0.0
5.2370,-6.3073,0.0
5.2389,-6.2974,0.0
5.2405,-6.2870,0.0
5.2423,-6.2770,0.0
5.2442,-6.2670,0.0
5.2460,-6.2570,0.0
