2.4101,-0.0044,0.0
2.4121,-0.0044,0.0
2.4147,-0.0043,0.0
2.4147,-0.0043,0.0
2.4170,-0.0042,0.0
2.4200,-0.0041,0.0
2.4200,-0.0041,0.0
2.4219,-0.0038,0.0
2.4256,-0.0035,0.0
2.4256,-0.0035,0.0
2.4307,-0.0033,0.0
2.4346,-0.0026,0.0
2.4346,-0.0026,0.0
2.4405,-0.0023,0.0
2.4479,-0.0019,0.0
2.4479,-0.0019,0.0
2.4547,-0.0007,0.0
2.4628,-0.0003,0.0
2.4628,-0.0003,0.0
2.4726,0.0002,0.0
2.4726,0.0002,0.0
2.4798,0.0009,0.0
2.4900,0.0016,0.0
2.4900,0.0016,0.0
2.5021,0.0024,0.0
2.5162,0.0040,0.0
2.5162,0.0040,0.0
2.5288,0.0049,0.0
2.5426,0.0060,0.0
2.5426,0.0060,0.0
2.5616,0.0066,0.0
2.5753,0.0077,0.0
2.5753,0.0077,0.0
2.5901,0.0090,0.0
2.6096,0.0152,0.0
2.6096,0.0152,0.0
2.6242,0.0169,0.0
2.6396,0.0187,0.0
2.6396,0.0187,0.0
2.6576,0.0155,0.0
2.6728,0.0172,0.0
2.6728,0.0172,0.0
2.6888,0.0194,0.0
2.6888,0.0194,0.0
2.7051,0.0204,0.0
2.7203,0.0224,0.0
2.7203,0.0224,0.0
2.7365,0.0247,0.0
2.7530,0.0253,0.0
2.7530,0.0253,0.0
2.7683,0.0275,0.0
2.7846,0.0299,0.0
2.7846,0.0299,0.0
2.8017,0.0315,0.0
2.8172,0.0338,0.0
2.8172,0.0338,0.0
2.8337,0.0364,0.0
2.8504,0.0380,0.0
2.8504,0.0380,0.0
2.8660,0.0404,0.0
2.8826,0.0432,0.0
2.8826,0.0432,0.0
2.8969,0.0459,0.0
2.9125,0.0486,0.0
2.9125,0.0486,0.0
2.9292,0.0514,0.0
2.9292,0.0514,0.0
2.9457,0.0564,0.0
2.9614,0.0592,0.0
2.9614,0.0592,0.0
2.9782,0.0623,0.0
2.9940,0.0720,0.0
2.9940,0.0720,0.0
3.0098,0.0753,0.0
3.0267,0.0786,0.0
3.0267,0.0786,0.0
3.0431,0.0852,0.0
3.0589,0.0888,0.0
3.0589,0.0888,0.0
3.0758,0.0925,0.0
3.0917,0.0983,0.0
3.0917,0.0983,0.0
3.1075,0.1020,0.0
3.1244,0.1059,0.0
3.1244,0.1059,0.0
3.1419,0.1043,0.0
3.1579,0.1078,0.0
3.1579,0.1078,0.0
3.1748,0.1119,0.0
3.1748,0.1119,0.0
3.1918,0.1204,0.0
3.2077,0.1244,0.0
3.2077,0.1244,0.0
3.2246,0.1285,0.0
3.2414,0.1328,0.0
3.2414,0.1328,0.0
3.2573,0.1370,0.0
3.2740,0.1416,0.0
3.2740,0.1416,0.0
3.2847,0.1475,0.0
3.3000,0.1520,0.0
3.3000,0.1520,0.0
3.3164,0.1569,0.0
3.3164,0.1569,0.0
3.3309,0.1596,0.0
3.3460,0.1643,0.0
3.3460,0.1643,0.0
3.3622,0.1694,0.0
3.3701,0.1679,0.0
3.3701,0.1679,0.0
3.3848,0.1725,0.0
3.4008,0.1778,0.0
3.4008,0.1778,0.0
3.4118,0.1794,0.0
3.4265,0.1841,0.0
3.4265,0.1841,0.0
3.4427,0.1894,0.0
3.4427,0.1894,0.0
3.4591,0.1922,0.0
3.4740,0.1971,0.0
3.4740,0.1971,0.0
3.4898,0.2024,0.0
3.5047,0.2063,0.0
3.5047,0.2063,0.0
3.5195,0.2112,0.0
3.5352,0.2167,0.0
3.5352,0.2167,0.0
3.5492,0.2209,0.0
3.5492,0.2209,0.0
3.5638,0.2260,0.0
3.5794,0.2316,0.0
3.5794,0.2316,0.0
3.5903,0.2370,0.0
3.6046,0.2422,0.0
3.6046,0.2422,0.0
3.6201,0.2479,0.0
3.6357,0.2519,0.0
3.6357,0.2519,0.0
3.6501,0.2571,0.0
3.6501,0.2571,0.0
3.6654,0.2629,0.0
3.6774,0.2662,0.0
3.6774,0.2662,0.0
3.6918,0.2714,0.0
3.7072,0.2771,0.0
3.7072,0.2771,0.0
3.7190,0.2805,0.0
3.7333,0.2857,0.0
3.7333,0.2857,0.0
3.7486,0.2914,0.0
3.7661,0.2980,0.0
3.7661,0.2980,0.0
3.7804,0.3035,0.0
3.7804,0.3035,0.0
3.7955,0.3093,0.0
3.8155,0.3162,0.0
3.8155,0.3162,0.0
3.8299,0.3217,0.0
3.8449,0.3275,0.0
3.8449,0.3275,0.0
3.8601,0.3301,0.0
3.8744,0.3356,0.0
3.8744,0.3356,0.0
3.8896,0.3417,0.0
3.8896,0.3417,0.0
3.9071,0.3481,0.0
3.9217,0.3538,0.0
3.9217,0.3538,0.0
3.9370,0.3600,0.0
3.9573,0.3692,0.0
3.9573,0.3692,0.0
3.9720,0.3752,0.0
3.9875,0.3816,0.0
3.9875,0.3816,0.0
4.0043,0.3886,0.0
4.0190,0.3948,0.0
4.0190,0.3948,0.0
4.0346,0.4014,0.0
4.0346,0.4014,0.0
4.0494,0.4052,0.0
4.0640,0.4112,0.0
4.0640,0.4112,0.0
4.0794,0.4177,0.0
4.0964,0.4246,0.0
4.0964,0.4246,0.0
4.1109,0.4306,0.0
4.1262,0.4372,0.0
4.1262,0.4372,0.0
4.1427,0.4441,0.0
4.1570,0.4505,0.0
4.1570,0.4505,0.0
4.1722,0.4574,0.0
4.1722,0.4574,0.0
4.1890,0.4667,0.0
4.2033,0.4734,0.0
4.2033,0.4734,0.0
4.2183,0.4807,0.0
4.2365,0.4888,0.0
4.2365,0.4888,0.0
4.2509,0.4959,0.0
4.2660,0.5035,0.0
4.2660,0.5035,0.0
4.2795,0.5092,0.0
4.2795,0.5092,0.0
4.2936,0.5165,0.0
4.3087,0.5245,0.0
4.3087,0.5245,0.0
4.3248,0.5315,0.0
4.3389,0.5390,0.0
4.3389,0.5390,0.0
4.3538,0.5471,0.0
4.3698,0.5549,0.0
4.3698,0.5549,0.0
4.3838,0.5626,0.0
4.3986,0.5709,0.0
4.3986,0.5709,0.0
4.4132,0.5782,0.0
4.4132,0.5782,0.0
4.4271,0.5860,0.0
4.4418,0.5945,0.0
4.4418,0.5945,0.0
4.4549,0.6035,0.0
4.4685,0.6114,0.0
4.4685,0.6114,0.0
4.4830,0.6198,0.0
4.4997,0.6290,0.0
4.4997,0.6290,0.0
4.5133,0.6371,0.0
4.5133,0.6371,0.0
4.5276,0.6456,0.0
4.5398,0.6536,0.0
4.5398,0.6536,0.0
4.5532,0.6617,0.0
4.5675,0.6705,0.0
4.5675,0.6705,0.0
4.5799,0.6783,0.0
4.5932,0.6866,0.0
4.5932,0.6866,0.0
4.6073,0.6955,0.0
4.6073,0.6955,0.0
4.6238,0.7056,0.0
4.6370,0.7140,0.0
4.6370,0.7140,0.0
4.6509,0.7231,0.0
4.6649,0.7324,0.0
4.6649,0.7324,0.0
4.6780,0.7410,0.0
4.6918,0.7502,0.0
4.6918,0.7502,0.0
4.7099,0.7592,0.0
4.7230,0.7680,0.0
4.7230,0.7680,0.0
4.7368,0.7773,0.0
4.7368,0.7773,0.0
4.7525,0.7892,0.0
4.7660,0.7977,0.0
4.7660,0.7977,0.0
4.7804,0.8066,0.0
4.7946,0.8170,0.0
4.7946,0.8170,0.0
4.8082,0.8255,0.0
4.8226,0.8345,0.0
4.8226,0.8345,0.0
4.8295,0.8474,0.0
4.8427,0.8562,0.0
4.8427,0.8562,0.0
4.8570,0.8654,0.0
4.8570,0.8654,0.0
4.8735,0.8773,0.0
4.8868,0.8863,0.0
4.8868,0.8863,0.0
4.9009,0.8958,0.0
4.9195,0.9076,0.0
4.9195,0.9076,0.0
4.9329,0.9167,0.0
4.9469,0.9264,0.0
4.9469,0.9264,0.0
4.9591,0.9359,0.0
4.9591,0.9359,0.0
4.9722,0.9452,0.0
4.9862,0.9552,0.0
4.9862,0.9552,0.0
4.9996,0.9636,0.0
5.0129,0.9730,0.0
5.0129,0.9730,0.0
5.0270,0.9832,0.0
5.0411,0.9935,0.0
5.0411,0.9935,0.0
5.0544,1.0033,0.0
5.0685,1.0137,0.0
5.0685,1.0137,0.0
5.0815,1.0234,0.0
5.0815,1.0234,0.0
5.0946,1.0334,0.0
5.1084,1.0441,0.0
5.1084,1.0441,0.0
5.1245,1.0538,0.0
5.1377,1.0639,0.0
5.1377,1.0639,0.0
5.1515,1.0748,0.0
5.1609,1.0787,0.0
5.1609,1.0787,0.0
5.1738,1.0887,0.0
5.1738,1.0887,0.0
5.1875,1.0996,0.0
5.1999,1.1152,0.0
5.1999,1.1152,0.0
5.2126,1.1256,0.0
5.2260,1.1365,0.0
5.2260,1.1365,0.0
5.2360,1.1389,0.0
5.2484,1.1490,0.0
5.2484,1.1490,0.0
5.2616,1.1601,0.0
5.2753,1.1695,0.0
5.2753,1.1695,0.0
5.2875,1.1796,0.0
5.2875,1.1796,0.0
5.3004,1.1905,0.0
5.3143,1.1961,0.0
5.3143,1.1961,0.0
5.3264,1.2062,0.0
5.3393,1.2172,0.0
5.3393,1.2172,0.0
5.3522,1.2283,0.0
5.3643,1.2386,0.0
5.3643,1.2386,0.0
5.3770,1.2495,0.0
5.3770,1.2495,0.0
5.3882,1.2566,0.0
5.4001,1.2667,0.0
5.4001,1.2667,0.0
5.4126,1.2778,0.0
5.4239,1.2882,0.0
5.4239,1.2882,0.0
5.4353,1.2988,0.0
5.4472,1.3102,0.0
5.4472,1.3102,0.0
5.4636,1.3218,0.0
5.4749,1.3326,0.0
5.4749,1.3326,0.0
5.4868,1.3443,0.0
5.4868,1.3443,0.0
5.4994,1.3558,0.0
5.5107,1.3669,0.0
5.5107,1.3669,0.0
5.5227,1.3788,0.0
5.5326,1.3890,0.0
5.5326,1.3890,0.0
5.5437,1.4002,0.0
5.5555,1.4123,0.0
5.5555,1.4123,0.0
5.5677,1.4233,0.0
5.5787,1.4345,0.0
5.5787,1.4345,0.0
5.5902,1.4462,0.0
5.5902,1.4462,0.0
5.6010,1.4562,0.0
5.6118,1.4669,0.0
5.6118,1.4669,0.0
5.6232,1.4783,0.0
5.6370,1.4949,0.0
5.6370,1.4949,0.0
5.6477,1.5058,0.0
5.6587,1.5175,0.0
5.6587,1.5175,0.0
5.6709,1.5299,0.0
5.6709,1.5299,0.0
5.6811,1.5412,0.0
5.6918,1.5533,0.0
5.6918,1.5533,0.0
5.7034,1.5661,0.0
5.7134,1.5776,0.0
5.7134,1.5776,0.0
5.7238,1.5899,0.0
5.7353,1.6029,0.0
5.7353,1.6029,0.0
5.7451,1.6146,0.0
5.7553,1.6270,0.0
5.7553,1.6270,0.0
5.7612,1.6420,0.0
5.7612,1.6420,0.0
5.7707,1.6540,0.0
5.7807,1.6667,0.0
5.7807,1.6667,0.0
5.7916,1.6805,0.0
5.8009,1.6926,0.0
5.8009,1.6926,0.0
5.8108,1.7055,0.0
5.8232,1.7181,0.0
5.8232,1.7181,0.0
5.8326,1.7303,0.0
5.8326,1.7303,0.0
5.8425,1.7434,0.0
5.8540,1.7545,0.0
5.8540,1.7545,0.0
5.8635,1.7668,0.0
5.8735,1.7800,0.0
5.8735,1.7800,0.0
5.8823,1.7911,0.0
5.8917,1.8034,0.0
5.8917,1.8034,0.0
5.9017,1.8167,0.0
5.9017,1.8167,0.0
5.9120,1.8292,0.0
5.9214,1.8416,0.0
5.9214,1.8416,0.0
5.9313,1.8548,0.0
5.9414,1.8671,0.0
5.9414,1.8671,0.0
5.9508,1.8795,0.0
5.9607,1.8927,0.0
5.9607,1.8927,0.0
5.9702,1.9047,0.0
5.9796,1.9170,0.0
5.9796,1.9170,0.0
5.9895,1.9302,0.0
5.9895,1.9302,0.0
6.0003,1.9440,0.0
6.0097,1.9564,0.0
6.0097,1.9564,0.0
6.0196,1.9696,0.0
6.0311,1.9878,0.0
6.0311,1.9878,0.0
6.0404,2.0005,0.0
6.0502,2.0138,0.0
6.0502,2.0138,0.0
6.0635,2.0306,0.0
6.0729,2.0434,0.0
6.0729,2.0434,0.0
6.0826,2.0569,0.0
6.0826,2.0569,0.0
6.0922,2.0703,0.0
6.1014,2.0831,0.0
6.1014,2.0831,0.0
6.1111,2.0968,0.0
6.1232,2.1125,0.0
6.1232,2.1125,0.0
6.1324,2.1255,0.0
6.1420,2.1393,0.0
6.1420,2.1393,0.0
6.1518,2.1531,0.0
6.1518,2.1531,0.0
6.1608,2.1662,0.0
6.1703,2.1802,0.0
6.1703,2.1802,0.0
6.1801,2.1938,0.0
6.1891,2.2070,0.0
6.1891,2.2070,0.0
6.1985,2.2210,0.0
6.2124,2.2396,0.0
6.2124,2.2396,0.0
6.2214,2.2530,0.0
6.2306,2.2671,0.0
6.2306,2.2671,0.0
6.2380,2.2805,0.0
6.2380,2.2805,0.0
6.2467,2.2939,0.0
6.2558,2.3081,0.0
6.2558,2.3081,0.0
6.2633,2.3215,0.0
6.2718,2.3348,0.0
6.2718,2.3348,0.0
6.2809,2.3490,0.0
6.2892,2.3639,0.0
6.2892,2.3639,0.0
6.2975,2.3772,0.0
6.2975,2.3772,0.0
6.3053,2.3948,0.0
6.3139,2.4091,0.0
6.3139,2.4091,0.0
6.3221,2.4224,0.0
6.3297,2.4357,0.0
6.3297,2.4357,0.0
6.3382,2.4496,0.0
6.3462,2.4627,0.0
6.3462,2.4627,0.0
6.3545,2.4743,0.0
6.3629,2.4880,0.0
6.3629,2.4880,0.0
6.3708,2.5010,0.0
6.3708,2.5010,0.0
6.3799,2.5165,0.0
6.3883,2.5305,0.0
6.3883,2.5305,0.0
6.3961,2.5436,0.0
6.4039,2.5561,0.0
6.4039,2.5561,0.0
6.4121,2.5700,0.0
6.4198,2.5832,0.0
6.4198,2.5832,0.0
6.4285,2.6012,0.0
6.4285,2.6012,0.0
6.4366,2.6157,0.0
6.4442,2.6292,0.0
6.4442,2.6292,0.0
6.4514,2.6437,0.0
6.4593,2.6582,0.0
6.4593,2.6582,0.0
6.4666,2.6719,0.0
6.4706,2.6843,0.0
6.4706,2.6843,0.0
6.4779,2.6989,0.0
6.4849,2.7127,0.0
6.4849,2.7127,0.0
6.4922,2.7297,0.0
6.4922,2.7297,0.0
6.4995,2.7447,0.0
6.5063,2.7588,0.0
6.5063,2.7588,0.0
6.5156,2.7790,0.0
6.5229,2.7946,0.0
6.5229,2.7946,0.0
6.5296,2.8090,0.0
6.5363,2.8253,0.0
6.5363,2.8253,0.0
6.5433,2.8409,0.0
6.5498,2.8557,0.0
6.5498,2.8557,0.0
6.5576,2.8701,0.0
6.5576,2.8701,0.0
6.5645,2.8858,0.0
6.5709,2.9006,0.0
6.5709,2.9006,0.0
6.5772,2.9157,0.0
6.5838,2.9314,0.0
6.5838,2.9314,0.0
6.5900,2.9463,0.0
6.5952,2.9600,0.0
6.5952,2.9600,0.0
6.6015,2.9756,0.0
6.6015,2.9756,0.0
6.6073,2.9903,0.0
6.6148,3.0049,0.0
6.6148,3.0049,0.0
6.6210,3.0204,0.0
6.6268,3.0352,0.0
6.6268,3.0352,0.0
6.6338,3.0476,0.0
6.6400,3.0631,0.0
6.6400,3.0631,0.0
6.6457,3.0778,0.0
6.6457,3.0778,0.0
6.6513,3.0899,0.0
6.6573,3.1052,0.0
6.6573,3.1052,0.0
6.6629,3.1199,0.0
6.6688,3.1356,0.0
6.6688,3.1356,0.0
6.6756,3.1508,0.0
6.6811,3.1655,0.0
6.6811,3.1655,0.0
6.6868,3.1813,0.0
6.6933,3.1975,0.0
6.6933,3.1975,0.0
6.6987,3.2124,0.0
6.6987,3.2124,0.0
6.7043,3.2282,0.0
6.7118,3.2451,0.0
6.7118,3.2451,0.0
6.7172,3.2600,0.0
6.7227,3.2759,0.0
6.7227,3.2759,0.0
6.7286,3.2920,0.0
6.7338,3.3070,0.0
6.7338,3.3070,0.0
6.7393,3.3229,0.0
6.7393,3.3229,0.0
6.7459,3.3441,0.0
6.7509,3.3593,0.0
6.7509,3.3593,0.0
6.7561,3.3753,0.0
6.7620,3.3911,0.0
6.7620,3.3911,0.0
6.7669,3.4063,0.0
6.7721,3.4225,0.0
6.7721,3.4225,0.0
6.7772,3.4380,0.0
6.7820,3.4533,0.0
6.7820,3.4533,0.0
6.7871,3.4695,0.0
6.7871,3.4695,0.0
6.7920,3.4849,0.0
6.7968,3.5000,0.0
6.7968,3.5000,0.0
6.8019,3.5161,0.0
6.8055,3.5308,0.0
6.8055,3.5308,0.0
6.8102,3.5458,0.0
6.8151,3.5618,0.0
6.8151,3.5618,0.0
6.8203,3.5779,0.0
6.8248,3.5930,0.0
6.8248,3.5930,0.0
6.8296,3.6090,0.0
6.8296,3.6090,0.0
6.8363,3.6283,0.0
6.8408,3.6435,0.0
6.8408,3.6435,0.0
6.8454,3.6597,0.0
6.8506,3.6752,0.0
6.8506,3.6752,0.0
6.8549,3.6905,0.0
6.8594,3.7067,0.0
6.8594,3.7067,0.0
6.8640,3.7211,0.0
6.8640,3.7211,0.0
6.8682,3.7362,0.0
6.8724,3.7524,0.0
6.8724,3.7524,0.0
6.8766,3.7664,0.0
6.8805,3.7815,0.0
6.8805,3.7815,0.0
6.8846,3.7977,0.0
6.8898,3.8171,0.0
6.8898,3.8171,0.0
6.8935,3.8324,0.0
6.8973,3.8487,0.0
6.8973,3.8487,0.0
6.9010,3.8618,0.0
6.9010,3.8618,0.0
6.9045,3.8771,0.0
6.9090,3.8941,0.0
6.9090,3.8941,0.0
6.9127,3.9104,0.0
6.9160,3.9258,0.0
6.9160,3.9258,0.0
6.9194,3.9421,0.0
6.9227,3.9572,0.0
6.9227,3.9572,0.0
6.9258,3.9726,0.0
6.9258,3.9726,0.0
6.9291,3.9891,0.0
6.9325,4.0049,0.0
6.9325,4.0049,0.0
6.9355,4.0203,0.0
6.9386,4.0368,0.0
6.9386,4.0368,0.0
6.9432,4.0548,0.0
6.9461,4.0704,0.0
6.9461,4.0704,0.0
6.9491,4.0868,0.0
6.9527,4.1030,0.0
6.9527,4.1030,0.0
6.9555,4.1186,0.0
6.9555,4.1186,0.0
6.9583,4.1352,0.0
6.9607,4.1499,0.0
6.9607,4.1499,0.0
6.9633,4.1656,0.0
6.9660,4.1825,0.0
6.9660,4.1825,0.0
6.9720,4.2003,0.0
6.9747,4.2162,0.0
6.9747,4.2162,0.0
6.9774,4.2331,0.0
6.9774,4.2331,0.0
6.9794,4.2503,0.0
6.9818,4.2662,0.0
6.9818,4.2662,0.0
6.9854,4.2827,0.0
6.9878,4.2995,0.0
6.9878,4.2995,0.0
6.9899,4.3152,0.0
6.9919,4.3318,0.0
6.9919,4.3318,0.0
6.9949,4.3499,0.0
6.9967,4.3656,0.0
6.9967,4.3656,0.0
6.9984,4.3821,0.0
6.9984,4.3821,0.0
6.9998,4.3983,0.0
7.0013,4.4139,0.0
7.0013,4.4139,0.0
7.0037,4.4319,0.0
7.0053,4.4486,0.0
7.0053,4.4486,0.0
7.0066,4.4643,0.0
7.0082,4.4806,0.0
7.0082,4.4806,0.0
7.0096,4.4971,0.0
7.0107,4.5127,0.0
7.0107,4.5127,0.0
7.0111,4.5290,0.0
7.0111,4.5290,0.0
7.0121,4.5456,0.0
7.0130,4.5611,0.0
7.0130,4.5611,0.0
7.0138,4.5777,0.0
7.0167,4.5956,0.0
7.0167,4.5956,0.0
7.0175,4.6112,0.0
7.0181,4.6278,0.0
7.0181,4.6278,0.0
7.0189,4.6442,0.0
7.0189,4.6442,0.0
7.0195,4.6599,0.0
7.0198,4.6777,0.0
7.0198,4.6777,0.0
7.0202,4.6945,0.0
7.0205,4.7104,0.0
7.0205,4.7104,0.0
7.0208,4.7271,0.0
7.0218,4.7447,0.0
7.0218,4.7447,0.0
7.0220,4.7606,0.0
7.0220,4.7606,0.0
7.0226,4.7775,0.0
7.0228,4.7943,0.0
7.0228,4.7943,0.0
7.0229,4.8102,0.0
7.0230,4.8271,0.0
7.0230,4.8271,0.0
7.0229,4.8443,0.0
7.0228,4.8602,0.0
7.0228,4.8602,0.0
7.0244,4.8768,0.0
7.0243,4.8937,0.0
7.0243,4.8937,0.0
7.0242,4.9095,0.0
7.0242,4.9095,0.0
7.0239,4.9276,0.0
7.0236,4.9446,0.0
7.0236,4.9446,0.0
7.0232,4.9605,0.0
7.0244,4.9801,0.0
7.0244,4.9801,0.0
7.0240,4.9973,0.0
7.0236,5.0133,0.0
7.0236,5.0133,0.0
7.0229,5.0302,0.0
7.0229,5.0302,0.0
7.0233,5.0487,0.0
7.0227,5.0648,0.0
7.0227,5.0648,0.0
7.0231,5.0809,0.0
7.0224,5.0979,0.0
7.0224,5.0979,0.0
7.0216,5.1139,0.0
7.0223,5.1290,0.0
7.0223,5.1290,0.0
7.0216,5.1459,0.0
7.0207,5.1618,0.0
7.0207,5.1618,0.0
7.0197,5.1789,0.0
7.0197,5.1789,0.0
7.0205,5.1960,0.0
7.0198,5.2118,0.0
7.0198,5.2118,0.0
7.0189,5.2285,0.0
7.0200,5.2435,0.0
7.0200,5.2435,0.0
7.0192,5.2590,0.0
7.0182,5.2754,0.0
7.0182,5.2754,0.0
7.0206,5.2947,0.0
7.0197,5.3102,0.0
7.0197,5.3102,0.0
7.0184,5.3265,0.0
7.0184,5.3265,0.0
7.0176,5.3421,0.0
7.0164,5.3576,0.0
7.0164,5.3576,0.0
7.0148,5.3739,0.0
7.0134,5.3897,0.0
7.0134,5.3897,0.0
7.0119,5.4050,0.0
7.0094,5.4250,0.0
7.0094,5.4250,0.0
7.0075,5.4417,0.0
7.0075,5.4417,0.0
7.0056,5.4571,0.0
7.0039,5.4724,0.0
7.0039,5.4724,0.0
7.0018,5.4888,0.0
6.9998,5.5043,0.0
6.9998,5.5043,0.0
6.9978,5.5196,0.0
6.9956,5.5360,0.0
6.9956,5.5360,0.0
6.9934,5.5514,0.0
6.9908,5.5675,0.0
6.9908,5.5675,0.0
6.9883,5.5839,0.0
6.9883,5.5839,0.0
6.9859,5.5994,0.0
6.9830,5.6164,0.0
6.9830,5.6164,0.0
6.9802,5.6329,0.0
6.9776,5.6485,0.0
6.9776,5.6485,0.0
6.9750,5.6702,0.0
6.9720,5.6872,0.0
6.9720,5.6872,0.0
6.9692,5.7029,0.0
6.9692,5.7029,0.0
6.9671,5.7208,0.0
6.9640,5.7376,0.0
6.9640,5.7376,0.0
6.9609,5.7532,0.0
6.9582,5.7699,0.0
6.9582,5.7699,0.0
6.9550,5.7866,0.0
6.9519,5.8022,0.0
6.9519,5.8022,0.0
6.9483,5.8205,0.0
6.9483,5.8205,0.0
6.9449,5.8373,0.0
6.9417,5.8530,0.0
6.9417,5.8530,0.0
6.9381,5.8696,0.0
6.9347,5.8863,0.0
6.9347,5.8863,0.0
6.9313,5.9019,0.0
6.9277,5.9165,0.0
6.9277,5.9165,0.0
6.9240,5.9329,0.0
6.9204,5.9483,0.0
6.9204,5.9483,0.0
6.9166,5.9681,0.0
6.9166,5.9681,0.0
6.9127,5.9847,0.0
6.9090,6.0002,0.0
6.9090,6.0002,0.0
6.9050,6.0155,0.0
6.9010,6.0320,0.0
6.9010,6.0320,0.0
6.8971,6.0477,0.0
6.8929,6.0634,0.0
6.8929,6.0634,0.0
6.8886,6.0800,0.0
6.8846,6.0957,0.0
6.8846,6.0957,0.0
6.8806,6.1110,0.0
6.8762,6.1276,0.0
6.8762,6.1276,0.0
6.8721,6.1433,0.0
6.8721,6.1433,0.0
6.8681,6.1616,0.0
6.8636,6.1784,0.0
6.8636,6.1784,0.0
6.8594,6.1941,0.0
6.8548,6.2095,0.0
6.8548,6.2095,0.0
6.8502,6.2261,0.0
6.8458,6.2418,0.0
6.8458,6.2418,0.0
6.8419,6.2609,0.0
6.8419,6.2609,0.0
6.8373,6.2778,0.0
6.8328,6.2936,0.0
6.8328,6.2936,0.0
6.8296,6.3117,0.0
6.8249,6.3286,0.0
6.8249,6.3286,0.0
6.8203,6.3444,0.0
6.8177,6.3600,0.0
6.8177,6.3600,0.0
6.8130,6.3767,0.0
6.8083,6.3925,0.0
6.8083,6.3925,0.0
6.8032,6.4093,0.0
6.8032,6.4093,0.0
6.8004,6.4259,0.0
6.7957,6.4416,0.0
6.7957,6.4416,0.0
6.7905,6.4583,0.0
6.7863,6.4746,0.0
6.7863,6.4746,0.0
6.7815,6.4903,0.0
6.7762,6.5070,0.0
6.7762,6.5070,0.0
6.7724,6.5224,0.0
6.7675,6.5379,0.0
6.7675,6.5379,0.0
6.7622,6.5545,0.0
6.7622,6.5545,0.0
6.7577,6.5698,0.0
6.7527,6.5853,0.0
6.7527,6.5853,0.0
6.7473,6.6017,0.0
6.7414,6.6186,0.0
6.7414,6.6186,0.0
6.7362,6.6341,0.0
6.7307,6.6504,0.0
6.7307,6.6504,0.0
6.7258,6.6628,0.0
6.7258,6.6628,0.0
6.7205,6.6780,0.0
6.7147,6.6942,0.0
6.7147,6.6942,0.0
6.7092,6.7079,0.0
6.7036,6.7230,0.0
6.7036,6.7230,0.0
6.6976,6.7390,0.0
6.6922,6.7546,0.0
6.6922,6.7546,0.0
6.6865,6.7696,0.0
6.6803,6.7854,0.0
6.6803,6.7854,0.0
6.6750,6.8015,0.0
6.6750,6.8015,0.0
6.6692,6.8163,0.0
6.6628,6.8319,0.0
6.6628,6.8319,0.0
6.6569,6.8482,0.0
6.6509,6.8629,0.0
6.6509,6.8629,0.0
6.6443,6.8784,0.0
6.6375,6.8944,0.0
6.6375,6.8944,0.0
6.6313,6.9090,0.0
6.6313,6.9090,0.0
6.6247,6.9244,0.0
6.6166,6.9429,0.0
6.6166,6.9429,0.0
6.6102,6.9575,0.0
6.6034,6.9728,0.0
6.6034,6.9728,0.0
6.5938,6.9906,0.0
6.5871,7.0051,0.0
6.5871,7.0051,0.0
6.5800,7.0203,0.0
6.5800,7.0203,0.0
6.5700,7.0353,0.0
6.5631,7.0496,0.0
6.5631,7.0496,0.0
6.5558,7.0648,0.0
6.5482,7.0779,0.0
6.5482,7.0779,0.0
6.5411,7.0921,0.0
6.5335,7.1071,0.0
6.5335,7.1071,0.0
6.5270,7.1205,0.0
6.5198,7.1346,0.0
6.5198,7.1346,0.0
6.5122,7.1495,0.0
6.5122,7.1495,0.0
6.5040,7.1650,0.0
6.4968,7.1789,0.0
6.4968,7.1789,0.0
6.4891,7.1938,0.0
6.4790,7.2085,0.0
6.4790,7.2085,0.0
6.4716,7.2224,0.0
6.4638,7.2372,0.0
6.4638,7.2372,0.0
6.4562,7.2511,0.0
6.4488,7.2651,0.0
6.4488,7.2651,0.0
6.4409,7.2799,0.0
6.4409,7.2799,0.0
6.4314,7.2963,0.0
6.4239,7.3103,0.0
6.4239,7.3103,0.0
6.4159,7.3251,0.0
6.4059,7.3424,0.0
6.4059,7.3424,0.0
6.3981,7.3565,0.0
6.3898,7.3713,0.0
6.3898,7.3713,0.0
6.3797,7.3915,0.0
6.3718,7.4057,0.0
6.3718,7.4057,0.0
6.3634,7.4206,0.0
6.3634,7.4206,0.0
6.3555,7.4385,0.0
6.3476,7.4528,0.0
6.3476,7.4528,0.0
6.3391,7.4679,0.0
6.3297,7.4841,0.0
6.3297,7.4841,0.0
6.3217,7.4984,0.0
6.3132,7.5136,0.0
6.3132,7.5136,0.0
6.3046,7.5284,0.0
6.3046,7.5284,0.0
6.2966,7.5426,0.0
6.2880,7.5578,0.0
6.2880,7.5578,0.0
6.2790,7.5738,0.0
6.2709,7.5880,0.0
6.2709,7.5880,0.0
6.2624,7.6030,0.0
6.2527,7.6196,0.0
6.2527,7.6196,0.0
6.2447,7.6337,0.0
6.2447,7.6337,0.0
6.2361,7.6486,0.0
6.2271,7.6634,0.0
6.2190,7.6773,0.0
6.2190,7.6773,0.0
6.2104,7.6921,0.0
6.2104,7.6921,0.0
6.2035,7.7062,0.0
6.1954,7.7201,0.0
6.1954,7.7201,0.0
6.1867,7.7348,0.0
6.1783,7.7513,0.0
6.1783,7.7513,0.0
6.1701,7.7652,0.0
6.1614,7.7798,0.0
6.1614,7.7798,0.0
6.1525,7.7982,0.0
6.1525,7.7982,0.0
6.1443,7.8121,0.0
6.1355,7.8267,0.0
6.1355,7.8267,0.0
6.1277,7.8420,0.0
6.1194,7.8559,0.0
6.1194,7.8559,0.0
6.1105,7.8705,0.0
6.1006,7.8865,0.0
6.1006,7.8865,0.0
6.0922,7.9003,0.0
6.0832,7.9148,0.0
6.0832,7.9148,0.0
6.0729,7.9284,0.0
6.0729,7.9284,0.0
6.0643,7.9420,0.0
6.0551,7.9564,0.0
6.0551,7.9564,0.0
6.0444,7.9737,0.0
6.0356,7.9873,0.0
6.0356,7.9873,0.0
6.0262,8.0016,0.0
6.0152,8.0141,0.0
6.0152,8.0141,0.0
6.0062,8.0275,0.0
6.0062,8.0275,0.0
5.9966,8.0416,0.0
5.9878,8.0526,0.0
5.9878,8.0526,0.0
5.9786,8.0657,0.0
5.9687,8.0797,0.0
5.9687,8.0797,0.0
5.9592,8.0901,0.0
5.9497,8.1028,0.0
5.9497,8.1028,0.0
5.9395,8.1165,0.0
5.9395,8.1165,0.0
5.9234,8.1397,0.0
5.9134,8.1528,0.0
5.9134,8.1528,0.0
5.9029,8.1663,0.0
5.8916,8.1804,0.0
5.8916,8.1804,0.0
5.8814,8.1933,0.0
5.8705,8.2070,0.0
5.8705,8.2070,0.0
5.8588,8.2209,0.0
5.8484,8.2338,0.0
5.8484,8.2338,0.0
5.8374,8.2475,0.0
5.8374,8.2475,0.0
5.8259,8.2612,0.0
5.8154,8.2741,0.0
5.8154,8.2741,0.0
5.8042,8.2877,0.0
5.7902,8.3008,0.0
5.7902,8.3008,0.0
5.7795,8.3135,0.0
5.7682,8.3269,0.0
5.7682,8.3269,0.0
5.7537,8.3403,0.0
5.7429,8.3528,0.0
5.7429,8.3528,0.0
5.7314,8.3661,0.0
5.7314,8.3661,0.0
5.7206,8.3802,0.0
5.7097,8.3927,0.0
5.7097,8.3927,0.0
5.6981,8.4058,0.0
5.6830,8.4227,0.0
5.6830,8.4227,0.0
5.6719,8.4351,0.0
5.6601,8.4480,0.0
5.6601,8.4480,0.0
5.6476,8.4598,0.0
5.6363,8.4719,0.0
5.6363,8.4719,0.0
5.6244,8.4846,0.0
5.6244,8.4846,0.0
5.6124,8.4954,0.0
5.6011,8.5072,0.0
5.6011,8.5072,0.0
5.5890,8.5196,0.0
5.5768,8.5310,0.0
5.5768,8.5310,0.0
5.5656,8.5425,0.0
5.5535,8.5548,0.0
5.5535,8.5548,0.0
5.5415,8.5649,0.0
5.5415,8.5649,0.0
5.5302,8.5763,0.0
5.5181,8.5884,0.0
5.5181,8.5884,0.0
5.5049,8.6000,0.0
5.4934,8.6113,0.0
5.4934,8.6113,0.0
5.4812,8.6234,0.0
5.4662,8.6366,0.0
5.4662,8.6366,0.0
5.4545,8.6480,0.0
5.4545,8.6480,0.0
5.4421,8.6599,0.0
5.4286,8.6726,0.0
5.4286,8.6726,0.0
5.4168,8.6840,0.0
5.4042,8.6959,0.0
5.4042,8.6959,0.0
5.3909,8.7076,0.0
5.3789,8.7189,0.0
5.3789,8.7189,0.0
5.3662,8.7307,0.0
5.3520,8.7430,0.0
5.3520,8.7430,0.0
5.3398,8.7541,0.0
5.3398,8.7541,0.0
5.3269,8.7658,0.0
5.3125,8.7791,0.0
5.3125,8.7791,0.0
5.3003,8.7902,0.0
5.2874,8.8019,0.0
5.2874,8.8019,0.0
5.2743,8.8125,0.0
5.2621,8.8234,0.0
5.2621,8.8234,0.0
5.2491,8.8349,0.0
5.2491,8.8349,0.0
5.2359,8.8454,0.0
5.2235,8.8561,0.0
5.2235,8.8561,0.0
5.2104,8.8674,0.0
5.1980,8.8784,0.0
5.1980,8.8784,0.0
5.1856,8.8890,0.0
5.1724,8.9001,0.0
5.1724,8.9001,0.0
5.1598,8.9112,0.0
5.1474,8.9217,0.0
5.1474,8.9217,0.0
5.1343,8.9327,0.0
5.1343,8.9327,0.0
5.1218,8.9435,0.0
5.1093,8.9538,0.0
5.1093,8.9538,0.0
5.0960,8.9647,0.0
5.0832,8.9766,0.0
5.0832,8.9766,0.0
5.0708,8.9868,0.0
5.0575,8.9976,0.0
5.0575,8.9976,0.0
5.0424,9.0105,0.0
5.0299,9.0207,0.0
5.0299,9.0207,0.0
5.0165,9.0314,0.0
5.0165,9.0314,0.0
5.0006,9.0434,0.0
4.9879,9.0534,0.0
4.9879,9.0534,0.0
4.9744,9.0640,0.0
4.9610,9.0726,0.0
4.9610,9.0726,0.0
4.9482,9.0825,0.0
4.9346,9.0929,0.0
4.9346,9.0929,0.0
4.9208,9.1049,0.0
4.9208,9.1049,0.0
4.9079,9.1147,0.0
4.8942,9.1250,0.0
4.8942,9.1250,0.0
4.8804,9.1357,0.0
4.8675,9.1454,0.0
4.8675,9.1454,0.0
4.8538,9.1556,0.0
4.8410,9.1661,0.0
4.8410,9.1661,0.0
4.8282,9.1758,0.0
4.8145,9.1860,0.0
4.8145,9.1860,0.0
4.8011,9.1963,0.0
4.8011,9.1963,0.0
4.7883,9.2060,0.0
4.7748,9.2161,0.0
4.7748,9.2161,0.0
4.7577,9.2303,0.0
4.7448,9.2399,0.0
4.7448,9.2399,0.0
4.7313,9.2500,0.0
4.7194,9.2601,0.0
4.7194,9.2601,0.0
4.7067,9.2696,0.0
4.7067,9.2696,0.0
4.6933,9.2795,0.0
4.6787,9.2917,0.0
4.6787,9.2917,0.0
4.6660,9.3011,0.0
4.6526,9.3109,0.0
4.6526,9.3109,0.0
4.6407,9.3206,0.0
4.6281,9.3298,0.0
4.6281,9.3298,0.0
4.6145,9.3395,0.0
4.6145,9.3395,0.0
4.6032,9.3504,0.0
4.5906,9.3595,0.0
4.5906,9.3595,0.0
4.5770,9.3690,0.0
4.5631,9.3823,0.0
4.5631,9.3823,0.0
4.5502,9.3915,0.0
4.5365,9.4009,0.0
4.5365,9.4009,0.0
4.5247,9.4121,0.0
4.5118,9.4209,0.0
4.5118,9.4209,0.0
4.4979,9.4301,0.0
4.4979,9.4301,0.0
4.4825,9.4416,0.0
4.4694,9.4502,0.0
4.4694,9.4502,0.0
4.4555,9.4592,0.0
4.4425,9.4687,0.0
4.4425,9.4687,0.0
4.4293,9.4771,0.0
4.4153,9.4860,0.0
4.4153,9.4860,0.0
4.4001,9.4955,0.0
4.3868,9.5038,0.0
4.3868,9.5038,0.0
4.3728,9.5126,0.0
4.3728,9.5126,0.0
4.3562,9.5236,0.0
4.3428,9.5318,0.0
4.3428,9.5318,0.0
4.3286,9.5404,0.0
4.3148,9.5496,0.0
4.3148,9.5496,0.0
4.3013,9.5576,0.0
4.2869,9.5659,0.0
4.2869,9.5659,0.0
4.2728,9.5750,0.0
4.2593,9.5829,0.0
4.2593,9.5829,0.0
4.2449,9.5911,0.0
4.2449,9.5911,0.0
4.2309,9.5992,0.0
4.2172,9.6068,0.0
4.2172,9.6068,0.0
4.2026,9.6149,0.0
4.1893,9.6239,0.0
4.1893,9.6239,0.0
4.1755,9.6314,0.0
4.1609,9.6393,0.0
4.1609,9.6393,0.0
4.1462,9.6478,0.0
4.1462,9.6478,0.0
4.1324,9.6552,0.0
4.1178,9.6630,0.0
4.1178,9.6630,0.0
4.1027,9.6714,0.0
4.0890,9.6788,0.0
4.0890,9.6788,0.0
4.0744,9.6866,0.0
4.0587,9.6948,0.0
4.0587,9.6948,0.0
4.0449,9.7021,0.0
4.0449,9.7021,0.0
4.0302,9.7099,0.0
4.0110,9.7196,0.0
4.0110,9.7196,0.0
3.9970,9.7269,0.0
3.9823,9.7345,0.0
3.9823,9.7345,0.0
3.9652,9.7420,0.0
3.9511,9.7491,0.0
3.9511,9.7491,0.0
3.9362,9.7566,0.0
3.9156,9.7670,0.0
3.9156,9.7670,0.0
3.9013,9.7742,0.0
3.9013,9.7742,0.0
3.8863,9.7815,0.0
3.8702,9.7877,0.0
3.8702,9.7877,0.0
3.8558,9.7946,0.0
3.8406,9.8019,0.0
3.8406,9.8019,0.0
3.8245,9.8085,0.0
3.8100,9.8153,0.0
3.8100,9.8153,0.0
3.7947,9.8225,0.0
3.7947,9.8225,0.0
3.7782,9.8287,0.0
3.7636,9.8353,0.0
3.7636,9.8353,0.0
3.7482,9.8423,0.0
3.7315,9.8480,0.0
3.7315,9.8480,0.0
3.7168,9.8545,0.0
3.7013,9.8612,0.0
3.7013,9.8612,0.0
3.6838,9.8663,0.0
3.6690,9.8726,0.0
3.6690,9.8726,0.0
3.6534,9.8792,0.0
3.6534,9.8792,0.0
3.6354,9.8845,0.0
3.6206,9.8905,0.0
3.6206,9.8905,0.0
3.6048,9.8969,0.0
3.5864,9.9025,0.0
3.5864,9.9025,0.0
3.5714,9.9083,0.0
3.5555,9.9144,0.0
3.5555,9.9144,0.0
3.5375,9.9197,0.0
3.5223,9.9254,0.0
3.5223,9.9254,0.0
3.5062,9.9313,0.0
3.5062,9.9313,0.0
3.4869,9.9360,0.0
3.4716,9.9415,0.0
3.4716,9.9415,0.0
3.4554,9.9472,0.0
3.4380,9.9534,0.0
3.4380,9.9534,0.0
3.4226,9.9587,0.0
3.4061,9.9642,0.0
3.4061,9.9642,0.0
3.3914,9.9674,0.0
3.3914,9.9674,0.0
3.3759,9.9724,0.0
3.3594,9.9777,0.0
3.3594,9.9777,0.0
3.3417,9.9829,0.0
3.3261,9.9878,0.0
3.3261,9.9878,0.0
3.3095,9.9929,0.0
3.2973,9.9930,0.0
3.2973,9.9930,0.0
3.2817,9.9976,0.0
3.2649,10.0025,0.0
3.2649,10.0025,0.0
3.2488,10.0062,0.0
3.2488,10.0062,0.0
3.2332,10.0106,0.0
3.2165,10.0153,0.0
3.2165,10.0153,0.0
3.1965,10.0193,0.0
3.1807,10.0236,0.0
3.1807,10.0236,0.0
3.1641,10.0282,0.0
3.1477,10.0317,0.0
3.1477,10.0317,0.0
3.1321,10.0358,0.0
3.1321,10.0358,0.0
3.1156,10.0403,0.0
3.0971,10.0454,0.0
3.0971,10.0454,0.0
3.0815,10.0495,0.0
3.0649,10.0536,0.0
3.0649,10.0536,0.0
3.0468,10.0579,0.0
3.0309,10.0615,0.0
3.0309,10.0615,0.0
3.0139,10.0652,0.0
3.0139,10.0652,0.0
2.9942,10.0688,0.0
2.9781,10.0721,0.0
2.9781,10.0721,0.0
2.9610,10.0756,0.0
2.9423,10.0788,0.0
2.9423,10.0788,0.0
2.9260,10.0819,0.0
2.9088,10.0852,0.0
2.9088,10.0852,0.0
2.8902,10.0885,0.0
2.8739,10.0915,0.0
2.8739,10.0915,0.0
2.8566,10.0946,0.0
2.8566,10.0946,0.0
2.8379,10.0974,0.0
2.8216,10.1003,0.0
2.8216,10.1003,0.0
2.8042,10.1033,0.0
2.7869,10.1060,0.0
2.7869,10.1060,0.0
2.7705,10.1087,0.0
2.7531,10.1115,0.0
2.7531,10.1115,0.0
2.7337,10.1151,0.0
2.7172,10.1177,0.0
2.7172,10.1177,0.0
2.6999,10.1205,0.0
2.6999,10.1205,0.0
2.6807,10.1229,0.0
2.6642,10.1255,0.0
2.6642,10.1255,0.0
2.6467,10.1281,0.0
2.6278,10.1306,0.0
2.6278,10.1306,0.0
2.6113,10.1330,0.0
2.5938,10.1354,0.0
2.5938,10.1354,0.0
2.5759,10.1364,0.0
2.5759,10.1364,0.0
2.5593,10.1385,0.0
2.5418,10.1407,0.0
2.5418,10.1407,0.0
2.5207,10.1426,0.0
2.5040,10.1444,0.0
2.5040,10.1444,0.0
2.4864,10.1463,0.0
2.4697,10.1463,0.0
2.4697,10.1463,0.0
2.4531,10.1480,0.0
2.4354,10.1498,0.0
2.4354,10.1498,0.0
2.4194,10.1496,0.0
2.4194,10.1496,0.0
2.4028,10.1513,0.0
2.3850,10.1531,0.0
2.3850,10.1531,0.0
2.3679,10.1541,0.0
2.3512,10.1557,0.0
2.3512,10.1557,0.0
2.3335,10.1574,0.0
2.3154,10.1580,0.0
2.3154,10.1580,0.0
2.2987,10.1594,0.0
2.2987,10.1594,0.0
2.2809,10.1609,0.0
2.2629,10.1599,0.0
2.2629,10.1599,0.0
2.2461,10.1611,0.0
2.2283,10.1624,0.0
2.2283,10.1624,0.0
2.2139,10.1637,0.0
2.1972,10.1648,0.0
2.1972,10.1648,0.0
2.1793,10.1659,0.0
2.1650,10.1663,0.0
2.1650,10.1663,0.0
2.1484,10.1673,0.0
2.1484,10.1673,0.0
2.1305,10.1682,0.0
2.1149,10.1695,0.0
2.1149,10.1695,0.0
2.0983,10.1703,0.0
2.0806,10.1710,0.0
2.0806,10.1710,0.0
2.0613,10.1732,0.0
2.0447,10.1739,0.0
2.0447,10.1739,0.0
2.0270,10.1745,0.0
2.0270,10.1745,0.0
2.0101,10.1752,0.0
1.9934,10.1757,0.0
1.9934,10.1757,0.0
1.9757,10.1762,0.0
1.9583,10.1766,0.0
1.9583,10.1766,0.0
1.9418,10.1771,0.0
1.9243,10.1777,0.0
1.9243,10.1777,0.0
1.9065,10.1784,0.0
1.8901,10.1789,0.0
1.8901,10.1789,0.0
1.8727,10.1795,0.0
1.8727,10.1795,0.0
1.8546,10.1802,0.0
1.8382,10.1807,0.0
1.8382,10.1807,0.0
1.8208,10.1811,0.0
1.8039,10.1819,0.0
1.8039,10.1819,0.0
1.7875,10.1823,0.0
1.7701,10.1826,0.0
1.7701,10.1826,0.0
1.7507,10.1841,0.0
1.7343,10.1844,0.0
1.7343,10.1844,0.0
1.7168,10.1846,0.0
1.7168,10.1846,0.0
1.7022,10.1852,0.0
1.6859,10.1854,0.0
1.6859,10.1854,0.0
1.6684,10.1855,0.0
1.6485,10.1860,0.0
1.6485,10.1860,0.0
1.6321,10.1861,0.0
1.6147,10.1861,0.0
1.6147,10.1861,0.0
1.5952,10.1866,0.0
1.5952,10.1866,0.0
1.5787,10.1866,0.0
1.5612,10.1865,0.0
1.5612,10.1865,0.0
1.5463,10.1840,0.0
1.5299,10.1837,0.0
1.5299,10.1837,0.0
1.5123,10.1832,0.0
1.4942,10.1818,0.0
1.4942,10.1818,0.0
1.4777,10.1812,0.0
1.4601,10.1804,0.0
1.4601,10.1804,0.0
1.4443,10.1798,0.0
1.4443,10.1798,0.0
1.4280,10.1791,0.0
1.4107,10.1784,0.0
1.4107,10.1784,0.0
1.3933,10.1757,0.0
1.3770,10.1747,0.0
1.3770,10.1747,0.0
1.3596,10.1736,0.0
1.3426,10.1719,0.0
1.3426,10.1719,0.0
1.3263,10.1707,0.0
1.3263,10.1707,0.0
1.3091,10.1695,0.0
1.2926,10.1668,0.0
1.2926,10.1668,0.0
1.2765,10.1655,0.0
1.2594,10.1641,0.0
1.2594,10.1641,0.0
1.2416,10.1611,0.0
1.2256,10.1596,0.0
1.2256,10.1596,0.0
1.2086,10.1580,0.0
1.2086,10.1580,0.0
1.1928,10.1538,0.0
1.1769,10.1520,0.0
1.1769,10.1520,0.0
1.1599,10.1500,0.0
1.1425,10.1461,0.0
1.1425,10.1461,0.0
1.1267,10.1439,0.0
1.1099,10.1415,0.0
1.1099,10.1415,0.0
1.0918,10.1367,0.0
1.0760,10.1342,0.0
1.0760,10.1342,0.0
1.0592,10.1316,0.0
1.0592,10.1316,0.0
1.0418,10.1276,0.0
1.0259,10.1251,0.0
1.0259,10.1251,0.0
1.0090,10.1226,0.0
0.9931,10.1185,0.0
0.9931,10.1185,0.0
0.9772,10.1160,0.0
0.9602,10.1133,0.0
0.9602,10.1133,0.0
0.9415,10.1092,0.0
0.9255,10.1066,0.0
0.9255,10.1066,0.0
0.9086,10.1038,0.0
0.9086,10.1038,0.0
0.8891,10.0987,0.0
0.8732,10.0959,0.0
0.8732,10.0959,0.0
0.8563,10.0930,0.0
0.8358,10.0899,0.0
0.8358,10.0899,0.0
0.8198,10.0871,0.0
0.8029,10.0841,0.0
0.8029,10.0841,0.0
0.7845,10.0796,0.0
0.7685,10.0766,0.0
0.7685,10.0766,0.0
0.7515,10.0735,0.0
0.7515,10.0735,0.0
0.7338,10.0692,0.0
0.7178,10.0660,0.0
0.7178,10.0660,0.0
0.7008,10.0626,0.0
0.6856,10.0579,0.0
0.6856,10.0579,0.0
0.6696,10.0545,0.0
0.6527,10.0508,0.0
0.6527,10.0508,0.0
0.6349,10.0466,0.0
0.6349,10.0466,0.0
0.6189,10.0430,0.0
0.6019,10.0390,0.0
0.6019,10.0390,0.0
0.5834,10.0343,0.0
0.5675,10.0305,0.0
0.5675,10.0305,0.0
0.5506,10.0264,0.0
0.5322,10.0212,0.0
0.5322,10.0212,0.0
0.5162,10.0172,0.0
0.4994,10.0128,0.0
0.4994,10.0128,0.0
0.4811,10.0076,0.0
0.4811,10.0076,0.0
0.4651,10.0034,0.0
0.4482,9.9987,0.0
0.4482,9.9987,0.0
0.4308,9.9960,0.0
0.4148,9.9918,0.0
0.4148,9.9918,0.0
0.3979,9.9871,0.0
0.3821,9.9832,0.0
0.3821,9.9832,0.0
0.3663,9.9788,0.0
0.3494,9.9740,0.0
0.3494,9.9740,0.0
0.3392,9.9705,0.0
0.3392,9.9705,0.0
0.3237,9.9659,0.0
0.3069,9.9609,0.0
0.3069,9.9609,0.0
0.2941,9.9571,0.0
0.2787,9.9524,0.0
0.2787,9.9524,0.0
0.2622,9.9472,0.0
0.2455,9.9420,0.0
0.2455,9.9420,0.0
0.2301,9.9370,0.0
0.2301,9.9370,0.0
0.2137,9.9316,0.0
0.1964,9.9263,0.0
0.1964,9.9263,0.0
0.1810,9.9211,0.0
0.1648,9.9153,0.0
0.1648,9.9153,0.0
0.1519,9.9098,0.0
0.1368,9.9042,0.0
0.1368,9.9042,0.0
0.1206,9.8981,0.0
0.1206,9.8981,0.0
0.0935,9.8919,0.0
0.0781,9.8862,0.0
0.0781,9.8862,0.0
0.0621,9.8800,0.0
0.0471,9.8745,0.0
0.0471,9.8745,0.0
0.0317,9.8686,0.0
0.0154,9.8622,0.0
0.0154,9.8622,0.0
-0.0009,9.8584,0.0
-0.0162,9.8524,0.0
-0.0162,9.8524,0.0
-0.0325,9.8458,0.0
-0.0325,9.8458,0.0
-0.0476,9.8390,0.0
-0.0627,9.8327,0.0
-0.0627,9.8327,0.0
-0.0787,9.8259,0.0
-0.0920,9.8184,0.0
-0.0920,9.8184,0.0
-0.1069,9.8119,0.0
-0.1226,9.8048,0.0
-0.1226,9.8048,0.0
-0.1379,9.7963,0.0
-0.1525,9.7896,0.0
-0.1525,9.7896,0.0
-0.1681,9.7823,0.0
-0.1681,9.7823,0.0
-0.1842,9.7728,0.0
-0.1988,9.7658,0.0
-0.1988,9.7658,0.0
-0.2143,9.7583,0.0
-0.2339,9.7429,0.0
-0.2339,9.7429,0.0
-0.2487,9.7355,0.0
-0.2642,9.7278,0.0
-0.2642,9.7278,0.0
-0.2799,9.7181,0.0
-0.2944,9.7105,0.0
-0.2944,9.7105,0.0
-0.3098,9.7023,0.0
-0.3098,9.7023,0.0
-0.3253,9.6928,0.0
-0.3397,9.6849,0.0
-0.3397,9.6849,0.0
-0.3549,9.6764,0.0
-0.3641,9.6693,0.0
-0.3641,9.6693,0.0
-0.3782,9.6612,0.0
-0.3935,9.6525,0.0
-0.3935,9.6525,0.0
-0.4098,9.6441,0.0
-0.4098,9.6441,0.0
-0.4242,9.6361,0.0
-0.4394,9.6275,0.0
-0.4394,9.6275,0.0
-0.4569,9.6198,0.0
-0.4714,9.6118,0.0
-0.4714,9.6118,0.0
-0.4867,9.6032,0.0
-0.5043,9.5961,0.0
-0.5043,9.5961,0.0
-0.5189,9.5880,0.0
-0.5189,9.5880,0.0
-0.5343,9.5792,0.0
-0.5523,9.5700,0.0
-0.5523,9.5700,0.0
-0.5669,9.5617,0.0
-0.5823,9.5528,0.0
-0.5823,9.5528,0.0
-0.5946,9.5445,0.0
-0.6090,9.5360,0.0
-0.6090,9.5360,0.0
-0.6244,9.5269,0.0
-0.6408,9.5174,0.0
-0.6408,9.5174,0.0
-0.6552,9.5087,0.0
-0.6552,9.5087,0.0
-0.6704,9.4994,0.0
-0.6865,9.4906,0.0
-0.6865,9.4906,0.0
-0.7009,9.4819,0.0
-0.7160,9.4726,0.0
-0.7160,9.4726,0.0
-0.7312,9.4659,0.0
-0.7454,9.4573,0.0
-0.7454,9.4573,0.0
-0.7604,9.4481,0.0
-0.7604,9.4481,0.0
-0.7809,9.4388,0.0
-0.7952,9.4302,0.0
-0.7952,9.4302,0.0
-0.8101,9.4210,0.0
-0.8255,9.4129,0.0
-0.8255,9.4129,0.0
-0.8397,9.4043,0.0
-0.8547,9.3951,0.0
-0.8547,9.3951,0.0
-0.8703,9.3871,0.0
-0.8845,9.3784,0.0
-0.8845,9.3784,0.0
-0.8995,9.3692,0.0
-0.8995,9.3692,0.0
-0.9221,9.3590,0.0
-0.9364,9.3504,0.0
-0.9364,9.3504,0.0
-0.9512,9.3411,0.0
-0.9634,9.3338,0.0
-0.9634,9.3338,0.0
-0.9774,9.3251,0.0
-0.9923,9.3156,0.0
-0.9923,9.3156,0.0
-1.0061,9.3073,0.0
-1.0200,9.2984,0.0
-1.0200,9.2984,0.0
-1.0349,9.2887,0.0
-1.0349,9.2887,0.0
-1.0497,9.2804,0.0
-1.0636,9.2713,0.0
-1.0636,9.2713,0.0
-1.0784,9.2616,0.0
-1.0971,9.2525,0.0
-1.0971,9.2525,0.0
-1.1112,9.2434,0.0
-1.1259,9.2337,0.0
-1.1259,9.2337,0.0
-1.1424,9.2257,0.0
-1.1424,9.2257,0.0
-1.1564,9.2168,0.0
-1.1711,9.2072,0.0
-1.1711,9.2072,0.0
-1.1870,9.1979,0.0
-1.2009,9.1890,0.0
-1.2009,9.1890,0.0
-1.2154,9.1796,0.0
-1.2301,9.1704,0.0
-1.2301,9.1704,0.0
-1.2435,9.1613,0.0
-1.2575,9.1514,0.0
-1.2575,9.1514,0.0
-1.2730,9.1403,0.0
-1.2730,9.1403,0.0
-1.2860,9.1308,0.0
-1.2996,9.1207,0.0
-1.2996,9.1207,0.0
-1.3150,9.1094,0.0
-1.3280,9.0997,0.0
-1.3280,9.0997,0.0
-1.3418,9.0895,0.0
-1.3574,9.0781,0.0
-1.3574,9.0781,0.0
-1.3706,9.0684,0.0
-1.3706,9.0684,0.0
-1.3846,9.0582,0.0
-1.3984,9.0469,0.0
-1.3984,9.0469,0.0
-1.4117,9.0371,0.0
-1.4258,9.0268,0.0
-1.4258,9.0268,0.0
-1.4393,9.0145,0.0
-1.4525,9.0047,0.0
-1.4525,9.0047,0.0
-1.4664,8.9943,0.0
-1.4664,8.9943,0.0
-1.4787,8.9811,0.0
-1.4917,8.9711,0.0
-1.4917,8.9711,0.0
-1.5056,8.9606,0.0
-1.5193,8.9496,0.0
-1.5193,8.9496,0.0
-1.5323,8.9395,0.0
-1.5460,8.9287,0.0
-1.5460,8.9287,0.0
-1.5576,8.9187,0.0
-1.5704,8.9084,0.0
-1.5704,8.9084,0.0
-1.5839,8.8972,0.0
-1.5839,8.8972,0.0
-1.5987,8.8819,0.0
-1.6114,8.8711,0.0
-1.6114,8.8711,0.0
-1.6248,8.8596,0.0
-1.6368,8.8469,0.0
-1.6368,8.8469,0.0
-1.6494,8.8358,0.0
-1.6627,8.8240,0.0
-1.6627,8.8240,0.0
-1.6762,8.8097,0.0
-1.6887,8.7983,0.0
-1.6887,8.7983,0.0
-1.7019,8.7864,0.0
-1.7019,8.7864,0.0
-1.7093,8.7723,0.0
-1.7215,8.7608,0.0
-1.7215,8.7608,0.0
-1.7344,8.7484,0.0
-1.7471,8.7370,0.0
-1.7471,8.7370,0.0
-1.7588,8.7252,0.0
-1.7713,8.7127,0.0
-1.7713,8.7127,0.0
-1.7805,8.7015,0.0
-1.7921,8.6897,0.0
-1.7921,8.6897,0.0
-1.8043,8.6770,0.0
-1.8043,8.6770,0.0
-1.8053,8.6680,0.0
-1.8162,8.6560,0.0
-1.8162,8.6560,0.0
-1.8281,8.6431,0.0
-1.8402,8.6325,0.0
-1.8402,8.6325,0.0
-1.8510,8.6204,0.0
-1.8623,8.6075,0.0
-1.8623,8.6075,0.0
-1.8741,8.5973,0.0
-1.8741,8.5973,0.0
-1.8848,8.5852,0.0
-1.8961,8.5722,0.0
-1.8961,8.5722,0.0
-1.9059,8.5625,0.0
-1.9165,8.5504,0.0
-1.9165,8.5504,0.0
-1.9278,8.5372,0.0
-1.9375,8.5268,0.0
-1.9375,8.5268,0.0
-1.9481,8.5147,0.0
-1.9481,8.5147,0.0
-1.9592,8.5016,0.0
-1.9704,8.4893,0.0
-1.9704,8.4893,0.0
-1.9809,8.4770,0.0
-1.9919,8.4638,0.0
-1.9919,8.4638,0.0
-2.0036,8.4525,0.0
-2.0140,8.4401,0.0
-2.0140,8.4401,0.0
-2.0249,8.4268,0.0
-2.0370,8.4135,0.0
-2.0370,8.4135,0.0
-2.0474,8.4010,0.0
-2.0474,8.4010,0.0
-2.0584,8.3876,0.0
-2.0684,8.3759,0.0
-2.0684,8.3759,0.0
-2.0787,8.3633,0.0
-2.0896,8.3499,0.0
-2.0896,8.3499,0.0
-2.1005,8.3362,0.0
-2.1106,8.3236,0.0
-2.1106,8.3236,0.0
-2.1214,8.3101,0.0
-2.1214,8.3101,0.0
-2.1323,8.2969,0.0
-2.1424,8.2842,0.0
-2.1424,8.2842,0.0
-2.1530,8.2708,0.0
-2.1645,8.2585,0.0
-2.1645,8.2585,0.0
-2.1745,8.2458,0.0
-2.1850,8.2322,0.0
-2.1850,8.2322,0.0
-2.1954,8.2209,0.0
-2.2052,8.2082,0.0
-2.2052,8.2082,0.0
-2.2156,8.1945,0.0
-2.2156,8.1945,0.0
-2.2251,8.1834,0.0
-2.2347,8.1706,0.0
-2.2347,8.1706,0.0
-2.2455,8.1561,0.0
-2.2594,8.1400,0.0
-2.2594,8.1400,0.0
-2.2691,8.1270,0.0
-2.2791,8.1134,0.0
-2.2791,8.1134,0.0
-2.2883,8.0997,0.0
-2.2883,8.0997,0.0
-2.2977,8.0867,0.0
-2.3077,8.0728,0.0
-2.3077,8.0728,0.0
-2.3123,8.0667,0.0
-2.3214,8.0538,0.0
-2.3214,8.0538,0.0
-2.3312,8.0396,0.0
-2.3400,8.0266,0.0
-2.3400,8.0266,0.0
-2.3490,8.0136,0.0
-2.3585,7.9997,0.0
-2.3585,7.9997,0.0
-2.3669,7.9874,0.0
-2.3669,7.9874,0.0
-2.3757,7.9744,0.0
-2.3851,7.9607,0.0
-2.3851,7.9607,0.0
-2.3944,7.9478,0.0
-2.4031,7.9350,0.0
-2.4031,7.9350,0.0
-2.4124,7.9215,0.0
-2.4221,7.9084,0.0
-2.4221,7.9084,0.0
-2.4307,7.8957,0.0
-2.4398,7.8824,0.0
-2.4398,7.8824,0.0
-2.4510,7.8655,0.0
-2.4510,7.8655,0.0
-2.4596,7.8531,0.0
-2.4686,7.8402,0.0
-2.4686,7.8402,0.0
-2.4770,7.8248,0.0
-2.4853,7.8122,0.0
-2.4853,7.8122,0.0
-2.4941,7.7990,0.0
-2.5065,7.7789,0.0
-2.5065,7.7789,0.0
-2.5149,7.7662,0.0
-2.5149,7.7662,0.0
-2.5235,7.7530,0.0
-2.5332,7.7316,0.0
-2.5332,7.7316,0.0
-2.5413,7.7185,0.0
-2.5497,7.7048,0.0
-2.5497,7.7048,0.0
-2.5591,7.6869,0.0
-2.5671,7.6736,0.0
-2.5671,7.6736,0.0
-2.5754,7.6596,0.0
-2.5754,7.6596,0.0
-2.5858,7.6400,0.0
-2.5937,7.6265,0.0
-2.5937,7.6265,0.0
-2.6018,7.6123,0.0
-2.6114,7.5928,0.0
-2.6114,7.5928,0.0
-2.6192,7.5791,0.0
-2.6272,7.5647,0.0
-2.6272,7.5647,0.0
-2.6363,7.5501,0.0
-2.6438,7.5362,0.0
-2.6438,7.5362,0.0
-2.6515,7.5213,0.0
-2.6515,7.5213,0.0
-2.6599,7.5076,0.0
-2.6672,7.4934,0.0
-2.6672,7.4934,0.0
-2.6768,7.4772,0.0
-2.6847,7.4623,0.0
-2.6847,7.4623,0.0
-2.6919,7.4482,0.0
-2.6995,7.4334,0.0
-2.6995,7.4334,0.0
-2.7074,7.4208,0.0
-2.7145,7.4068,0.0
-2.7145,7.4068,0.0
-2.7220,7.3919,0.0
-2.7220,7.3919,0.0
-2.7297,7.3786,0.0
-2.7367,7.3646,0.0
-2.7367,7.3646,0.0
-2.7441,7.3496,0.0
-2.7519,7.3364,0.0
-2.7519,7.3364,0.0
-2.7588,7.3224,0.0
-2.7661,7.3074,0.0
-2.7661,7.3074,0.0
-2.7787,7.2921,0.0
-2.7787,7.2921,0.0
-2.7857,7.2779,0.0
-2.7929,7.2628,0.0
-2.7929,7.2628,0.0
-2.8032,7.2460,0.0
-2.8101,7.2317,0.0
-2.8101,7.2317,0.0
-2.8181,7.2168,0.0
-2.8254,7.2015,0.0
-2.8254,7.2015,0.0
-2.8321,7.1870,0.0
-2.8384,7.1694,0.0
-2.8384,7.1694,0.0
-2.8453,7.1537,0.0
-2.8453,7.1537,0.0
-2.8517,7.1389,0.0
-2.8584,7.1231,0.0
-2.8584,7.1231,0.0
-2.8641,7.1075,0.0
-2.8703,7.0924,0.0
-2.8703,7.0924,0.0
-2.8769,7.0763,0.0
-2.8828,7.0614,0.0
-2.8828,7.0614,0.0
-2.8888,7.0462,0.0
-2.8888,7.0462,0.0
-2.8951,7.0300,0.0
-2.9021,7.0134,0.0
-2.9021,7.0134,0.0
-2.9079,6.9981,0.0
-2.9140,6.9818,0.0
-2.9140,6.9818,0.0
-2.9189,6.9691,0.0
-2.9245,6.9539,0.0
-2.9245,6.9539,0.0
-2.9305,6.9377,0.0
-2.9376,6.9227,0.0
-2.9376,6.9227,0.0
-2.9432,6.9076,0.0
-2.9432,6.9076,0.0
-2.9491,6.8915,0.0
-2.9556,6.8772,0.0
-2.9556,6.8772,0.0
-2.9611,6.8622,0.0
-2.9669,6.8461,0.0
-2.9669,6.8461,0.0
-2.9720,6.8304,0.0
-2.9773,6.8153,0.0
-2.9773,6.8153,0.0
-2.9828,6.7993,0.0
-2.9828,6.7993,0.0
-2.9885,6.7820,0.0
-2.9935,6.7669,0.0
-2.9935,6.7669,0.0
-2.9988,6.7509,0.0
-3.0044,6.7349,0.0
-3.0044,6.7349,0.0
-3.0091,6.7197,0.0
-3.0139,6.7036,0.0
-3.0139,6.7036,0.0
-3.0199,6.6862,0.0
-3.0244,6.6709,0.0
-3.0244,6.6709,0.0
-3.0290,6.6546,0.0
-3.0290,6.6546,0.0
-3.0343,6.6386,0.0
-3.0386,6.6234,0.0
-3.0386,6.6234,0.0
-3.0430,6.6072,0.0
-3.0508,6.5870,0.0
-3.0508,6.5870,0.0
-3.0551,6.5715,0.0
-3.0594,6.5553,0.0
-3.0594,6.5553,0.0
-3.0666,6.5332,0.0
-3.0666,6.5332,0.0
-3.0708,6.5176,0.0
-3.0752,6.5011,0.0
-3.0752,6.5011,0.0
-3.0770,6.4866,0.0
-3.0810,6.4710,0.0
-3.0810,6.4710,0.0
-3.0852,6.4544,0.0
-3.0890,6.4381,0.0
-3.0890,6.4381,0.0
-3.0929,6.4225,0.0
-3.0969,6.4058,0.0
-3.0969,6.4058,0.0
-3.1009,6.3894,0.0
-3.1009,6.3894,0.0
-3.1046,6.3737,0.0
-3.1085,6.3570,0.0
-3.1085,6.3570,0.0
-3.1136,6.3377,0.0
-3.1171,6.3218,0.0
-3.1171,6.3218,0.0
-3.1206,6.3051,0.0
-3.1239,6.2897,0.0
-3.1239,6.2897,0.0
-3.1271,6.2739,0.0
-3.1304,6.2570,0.0
-3.1304,6.2570,0.0
-3.1332,6.2397,0.0
-3.1332,6.2397,0.0
-3.1361,6.2236,0.0
