t,gt_x,gt_y,ov_x,ov_y,ego_x,ego_y
0.000,0.6591,-0.0475,-0.0406,-0.7015,0.3540,-0.0240
0.021,0.6591,-0.0475,-0.0406,-0.7027,0.3540,-0.0240
0.042,0.6599,-0.0475,-0.0407,-0.7042,0.3561,-0.0240
0.063,0.6606,-0.0475,-0.0407,-0.7025,0.3551,-0.0241
0.084,0.6615,-0.0475,-0.0408,-0.7039,0.3551,-0.0241
0.105,0.6628,-0.0476,-0.0409,-0.7060,0.3577,-0.0243
0.126,0.6643,-0.0476,-0.0411,-0.7083,0.3577,-0.0243
0.147,0.6660,-0.0477,-0.0412,-0.7105,0.3612,-0.0246
0.168,0.6705,-0.0478,-0.0414,-0.7116,0.3625,-0.0248
0.189,0.6732,-0.0479,-0.0416,-0.7150,0.3625,-0.0248
0.210,0.6762,-0.0480,-0.0418,-0.7190,0.3674,-0.0251
0.231,0.6795,-0.0481,-0.0420,-0.7226,0.3735,-0.0255
0.252,0.6830,-0.0482,-0.0419,-0.7246,0.3735,-0.0255
0.273,0.6869,-0.0483,-0.0421,-0.7297,0.3790,-0.0256
0.294,0.6955,-0.0486,-0.0423,-0.7344,0.3790,-0.0256
0.315,0.7002,-0.0487,-0.0425,-0.7404,0.3872,-0.0261
0.336,0.7052,-0.0488,-0.0427,-0.7467,0.3967,-0.0265
0.357,0.7105,-0.0489,-0.0429,-0.7525,0.3967,-0.0265
0.378,0.7159,-0.0491,-0.0426,-0.7595,0.4053,-0.0264
0.399,0.7215,-0.0493,-0.0428,-0.7667,0.4162,-0.0269
0.420,0.7334,-0.0497,-0.0431,-0.7742,0.4162,-0.0269
0.441,0.7397,-0.0499,-0.0434,-0.7808,0.4278,-0.0275
0.462,0.7462,-0.0502,-0.0435,-0.7861,0.4377,-0.0279
0.483,0.7529,-0.0506,-0.0439,-0.7943,0.4377,-0.0279
0.504,0.7598,-0.0509,-0.0443,-0.8015,0.4503,-0.0286
0.525,0.7669,-0.0513,-0.0447,-0.8101,0.4503,-0.0286
0.546,0.7816,-0.0522,-0.0452,-0.8191,0.4637,-0.0295
0.567,0.7893,-0.0527,-0.0452,-0.8249,0.4773,-0.0301
0.588,0.7970,-0.0532,-0.0460,-0.8381,0.4773,-0.0301
0.609,0.8048,-0.0537,-0.0466,-0.8475,0.4916,-0.0311
0.630,0.8128,-0.0542,-0.0472,-0.8570,0.5064,-0.0322
0.651,0.8208,-0.0547,-0.0477,-0.8653,0.5064,-0.0322
0.672,0.8371,-0.0558,-0.0475,-0.8742,0.5211,-0.0327
0.693,0.8453,-0.0564,-0.0480,-0.8839,0.5211,-0.0327
0.714,0.8535,-0.0569,-0.0485,-0.8923,0.5363,-0.0337
0.735,0.8619,-0.0575,-0.0491,-0.9022,0.5518,-0.0348
0.756,0.8702,-0.0581,-0.0498,-0.9106,0.5518,-0.0348
0.777,0.8786,-0.0586,-0.0503,-0.9190,0.5661,-0.0360
0.798,0.8955,-0.0597,-0.0512,-0.9332,0.5816,-0.0371
0.819,0.9040,-0.0603,-0.0517,-0.9432,0.5816,-0.0371
0.840,0.9125,-0.0608,-0.0522,-0.9533,0.5973,-0.0382
0.861,0.9212,-0.0613,-0.0531,-0.9616,0.5973,-0.0382
0.882,0.9298,-0.0617,-0.0536,-0.9717,0.6142,-0.0397
0.903,0.9385,-0.0621,-0.0539,-0.9820,0.6302,-0.0406
0.924,0.9561,-0.0628,-0.0542,-0.9908,0.6302,-0.0406
0.945,0.9649,-0.0630,-0.0545,-1.0011,0.6463,-0.0413
0.966,0.9737,-0.0633,-0.0549,-1.0104,0.6617,-0.0420
0.987,0.9825,-0.0635,-0.0551,-1.0192,0.6617,-0.0420
1.008,0.9913,-0.0636,-0.0553,-1.0339,0.6778,-0.0425
1.029,1.0002,-0.0637,-0.0553,-1.0442,0.6940,-0.0428
1.050,1.0178,-0.0638,-0.0554,-1.0533,0.6940,-0.0428
1.071,1.0266,-0.0638,-0.0553,-1.0620,0.7092,-0.0430
1.092,1.0354,-0.0637,-0.0552,-1.0722,0.7092,-0.0430
1.113,1.0442,-0.0637,-0.0551,-1.0824,0.7252,-0.0430
1.134,1.0530,-0.0636,-0.0550,-1.0911,0.7412,-0.0430
1.155,1.0618,-0.0635,-0.0547,-1.1007,0.7412,-0.0430
1.176,1.0794,-0.0632,-0.0545,-1.1108,0.7579,-0.0428
1.197,1.0882,-0.0630,-0.0543,-1.1195,0.7738,-0.0426
1.218,1.0970,-0.0629,-0.0539,-1.1339,0.7738,-0.0426
1.239,1.1058,-0.0627,-0.0536,-1.1440,0.7897,-0.0424
1.260,1.1146,-0.0625,-0.0531,-1.1533,0.7897,-0.0424
1.281,1.1233,-0.0623,-0.0528,-1.1619,0.8049,-0.0419
1.302,1.1407,-0.0619,-0.0525,-1.1719,0.8206,-0.0416
1.323,1.1494,-0.0617,-0.0523,-1.1818,0.8206,-0.0416
1.344,1.1581,-0.0615,-0.0520,-1.1902,0.8362,-0.0413
1.365,1.1667,-0.0613,-0.0510,-1.2000,0.8517,-0.0403
1.386,1.1753,-0.0611,-0.0507,-1.2098,0.8517,-0.0403
1.407,1.1839,-0.0609,-0.0504,-1.2182,0.8670,-0.0399
1.428,1.2010,-0.0605,-0.0499,-1.2321,0.8824,-0.0396
1.449,1.2095,-0.0603,-0.0511,-1.2415,0.8824,-0.0396
1.470,1.2181,-0.0600,-0.0508,-1.2512,0.8986,-0.0409
1.491,1.2266,-0.0598,-0.0505,-1.2595,0.8986,-0.0409
1.512,1.2351,-0.0595,-0.0502,-1.2691,0.9138,-0.0406
1.533,1.2436,-0.0593,-0.0498,-1.2787,0.9290,-0.0402
1.554,1.2607,-0.0587,-0.0495,-1.2869,0.9290,-0.0402
1.575,1.2692,-0.0584,-0.0486,-1.2959,0.9435,-0.0393
1.596,1.2777,-0.0581,-0.0482,-1.3054,0.9586,-0.0389
1.617,1.2861,-0.0578,-0.0478,-1.3136,0.9586,-0.0389
1.638,1.2946,-0.0576,-0.0473,-1.3272,0.9735,-0.0384
1.659,1.3031,-0.0573,-0.0471,-1.3368,0.9735,-0.0384
1.680,1.3200,-0.0569,-0.0468,-1.3463,0.9886,-0.0381
1.701,1.3285,-0.0567,-0.0465,-1.3545,1.0035,-0.0378
1.722,1.3370,-0.0565,-0.0462,-1.3639,1.0035,-0.0378
1.743,1.3455,-0.0563,-0.0459,-1.3734,1.0184,-0.0375
1.764,1.3554,-0.0561,-0.0462,-1.3825,1.0358,-0.0378
1.785,1.3624,-0.0559,-0.0459,-1.3920,1.0358,-0.0378
1.806,1.3723,-0.0557,-0.0456,-1.4016,1.0508,-0.0375
1.827,1.3895,-0.0551,-0.0453,-1.4098,1.0508,-0.0375
1.848,1.3981,-0.0547,-0.0446,-1.4235,1.0658,-0.0372
1.869,1.4067,-0.0543,-0.0436,-1.4358,1.0830,-0.0361
1.890,1.4154,-0.0539,-0.0430,-1.4455,1.0830,-0.0361
1.911,1.4241,-0.0534,-0.0425,-1.4539,1.0984,-0.0354
1.932,1.4327,-0.0530,-0.0418,-1.4637,1.1138,-0.0346
1.953,1.4501,-0.0519,-0.0411,-1.4734,1.1138,-0.0346
1.974,1.4588,-0.0513,-0.0405,-1.4833,1.1307,-0.0336
1.995,1.4675,-0.0507,-0.0397,-1.4931,1.1462,-0.0326
2.016,1.4763,-0.0501,-0.0389,-1.5030,1.1462,-0.0326
2.037,1.4850,-0.0495,-0.0382,-1.5114,1.1617,-0.0316
2.058,1.4937,-0.0488,-0.0368,-1.5262,1.1617,-0.0316
2.079,1.5111,-0.0475,-0.0359,-1.5360,1.1794,-0.0301
2.100,1.5199,-0.0468,-0.0350,-1.5459,1.1949,-0.0289
2.121,1.5286,-0.0460,-0.0342,-1.5543,1.1949,-0.0289
2.142,1.5373,-0.0453,-0.0332,-1.5642,1.2104,-0.0276
2.163,1.5461,-0.0445,-0.0325,-1.5750,1.2266,-0.0264
2.184,1.5548,-0.0438,-0.0316,-1.5834,1.2266,-0.0264
2.205,1.5721,-0.0423,-0.0307,-1.5933,1.2422,-0.0251
2.226,1.5808,-0.0416,-0.0298,-1.6030,1.2422,-0.0251
2.247,1.5894,-0.0408,-0.0290,-1.6114,1.2576,-0.0238
2.268,1.5980,-0.0401,-0.0276,-1.6267,1.2744,-0.0225
2.289,1.6066,-0.0393,-0.0266,-1.6364,1.2744,-0.0225
2.310,1.6151,-0.0385,-0.0255,-1.6461,1.2898,-0.0211
2.331,1.6321,-0.0368,-0.0246,-1.6544,1.3050,-0.0196
2.352,1.6406,-0.0359,-0.0234,-1.6640,1.3050,-0.0196
2.373,1.6491,-0.0350,-0.0235,-1.6746,1.3225,-0.0192
2.394,1.6576,-0.0340,-0.0225,-1.6828,1.3225,-0.0192
2.415,1.6660,-0.0331,-0.0214,-1.6924,1.3377,-0.0176
2.436,1.6745,-0.0321,-0.0202,-1.7020,1.3528,-0.0160
2.457,1.6913,-0.0301,-0.0192,-1.7102,1.3528,-0.0160
2.478,1.6997,-0.0291,-0.0179,-1.7266,1.3700,-0.0146
2.499,1.7082,-0.0281,-0.0167,-1.7362,1.3852,-0.0129
2.520,1.7166,-0.0271,-0.0154,-1.7458,1.3852,-0.0129
2.541,1.7250,-0.0260,-0.0144,-1.7541,1.4003,-0.0111
2.562,1.7334,-0.0250,-0.0133,-1.7651,1.4169,-0.0095
2.583,1.7501,-0.0228,-0.0120,-1.7747,1.4169,-0.0095
2.604,1.7585,-0.0218,-0.0109,-1.7830,1.4322,-0.0077
2.625,1.7669,-0.0207,-0.0096,-1.7926,1.4322,-0.0077
2.646,1.7753,-0.0196,-0.0083,-1.8022,1.4473,-0.0059
2.667,1.7837,-0.0184,-0.0080,-1.8102,1.4635,-0.0047
2.688,1.7921,-0.0173,-0.0061,-1.8239,1.4635,-0.0047
2.709,1.8090,-0.0150,-0.0048,-1.8336,1.4786,-0.0028
2.730,1.8175,-0.0139,-0.0035,-1.8434,1.4939,-0.0009
2.751,1.8261,-0.0127,-0.0023,-1.8519,1.4939,-0.0009
2.772,1.8347,-0.0115,-0.0013,-1.8618,1.5095,0.0008
2.793,1.8433,-0.0103,0.0001,-1.8717,1.5095,0.0008
2.814,1.8519,-0.0090,0.0013,-1.8802,1.5251,0.0027
2.835,1.8693,-0.0065,0.0027,-1.8902,1.5407,0.0048
2.856,1.8780,-0.0052,0.0041,-1.9001,1.5407,0.0048
2.877,1.8867,-0.0040,0.0055,-1.9094,1.5571,0.0070
2.898,1.8954,-0.0027,0.0076,-1.9236,1.5729,0.0091
2.919,1.9041,-0.0013,0.0091,-1.9336,1.5729,0.0091
2.940,1.9128,-0.0000,0.0106,-1.9436,1.5886,0.0113
2.961,1.9302,0.0027,0.0117,-1.9541,1.5886,0.0113
2.982,1.9389,0.0041,0.0132,-1.9642,1.6079,0.0134
3.003,1.9476,0.0055,0.0148,-1.9743,1.6238,0.0156
3.024,1.9564,0.0069,0.0161,-1.9829,1.6238,0.0156
3.045,1.9651,0.0083,0.0177,-1.9930,1.6397,0.0179
3.066,1.9738,0.0097,0.0193,-2.0030,1.6555,0.0203
3.087,1.9912,0.0127,0.0200,-2.0106,1.6555,0.0203
3.108,1.9999,0.0141,0.0223,-2.0249,1.6701,0.0218
3.129,2.0086,0.0156,0.0240,-2.0349,1.6859,0.0242
3.150,2.0173,0.0172,0.0256,-2.0449,1.6859,0.0242
3.171,2.0259,0.0187,0.0263,-2.0525,1.7016,0.0267
3.192,2.0345,0.0201,0.0278,-2.0623,1.7016,0.0267
3.213,2.0517,0.0228,0.0292,-2.0721,1.7160,0.0281
3.234,2.0603,0.0241,0.0304,-2.0804,1.7314,0.0302
3.255,2.0688,0.0253,0.0317,-2.0901,1.7314,0.0302
3.276,2.0773,0.0265,0.0334,-2.1004,1.7487,0.0326
3.297,2.0858,0.0276,0.0344,-2.1087,1.7640,0.0344
3.318,2.0942,0.0287,0.0360,-2.1225,1.7640,0.0344
3.339,2.1111,0.0309,0.0372,-2.1321,1.7791,0.0360
3.360,2.1195,0.0320,0.0382,-2.1417,1.7791,0.0360
3.381,2.1279,0.0330,0.0403,-2.1509,1.7942,0.0375
3.402,2.1363,0.0341,0.0414,-2.1604,1.8104,0.0404
3.423,2.1447,0.0351,0.0425,-2.1700,1.8104,0.0404
3.444,2.1531,0.0361,0.0435,-2.1782,1.8255,0.0420
3.465,2.1698,0.0382,0.0469,-2.1886,1.8414,0.0460
3.486,2.1781,0.0392,0.0481,-2.1981,1.8414,0.0460
3.507,2.1864,0.0402,0.0491,-2.2063,1.8564,0.0478
3.528,2.1948,0.0412,0.0508,-2.2199,1.8714,0.0496
3.549,2.2031,0.0423,0.0528,-2.2298,1.8714,0.0496
3.570,2.2114,0.0433,0.0540,-2.2393,1.8882,0.0522
3.591,2.2279,0.0454,0.0551,-2.2474,1.8882,0.0522
3.612,2.2362,0.0465,0.0564,-2.2569,1.9032,0.0540
3.633,2.2445,0.0476,0.0577,-2.2664,1.9181,0.0559
3.654,2.2527,0.0487,0.0588,-2.2745,1.9181,0.0559
3.675,2.2610,0.0499,0.0609,-2.2842,1.9331,0.0584
3.696,2.2692,0.0512,0.0625,-2.2936,1.9480,0.0606
3.717,2.2858,0.0539,0.0639,-2.3018,1.9480,0.0606
3.738,2.2941,0.0554,0.0664,-2.3153,1.9630,0.0631
3.759,2.3024,0.0569,0.0687,-2.3254,1.9630,0.0631
3.780,2.3106,0.0585,0.0707,-2.3350,1.9785,0.0663
3.801,2.3189,0.0601,0.0724,-2.3433,1.9937,0.0693
3.822,2.3272,0.0617,0.0744,-2.3531,1.9937,0.0693
3.843,2.3437,0.0648,0.0763,-2.3629,2.0091,0.0722
3.864,2.3519,0.0663,0.0784,-2.3725,2.0272,0.0758
3.885,2.3601,0.0677,0.0803,-2.3822,2.0272,0.0758
3.906,2.3682,0.0692,0.0822,-2.3920,2.0426,0.0787
3.927,2.3764,0.0707,0.0838,-2.4003,2.0426,0.0787
3.948,2.3846,0.0721,0.0865,-2.4142,2.0580,0.0814
3.969,2.4009,0.0749,0.0884,-2.4242,2.0734,0.0842
3.990,2.4090,0.0764,0.0903,-2.4339,2.0734,0.0842
4.011,2.4172,0.0778,0.0919,-2.4423,2.0888,0.0870
4.032,2.4254,0.0793,0.0938,-2.4520,2.1041,0.0898
4.053,2.4335,0.0808,0.0958,-2.4618,2.1041,0.0898
4.074,2.4417,0.0824,0.0965,-2.4702,2.1196,0.0917
4.095,2.4580,0.0855,0.0986,-2.4800,2.1350,0.0947
4.116,2.4661,0.0871,0.1006,-2.4898,2.1350,0.0947
4.137,2.4743,0.0888,0.1024,-2.4982,2.1504,0.0977
4.158,2.4824,0.0904,0.1050,-2.5151,2.1504,0.0977
4.179,2.4906,0.0921,0.1072,-2.5249,2.1704,0.1007
4.200,2.4987,0.0939,0.1094,-2.5348,2.1860,0.1039
4.221,2.5150,0.0975,0.1115,-2.5433,2.1860,0.1039
4.242,2.5231,0.0994,0.1139,-2.5532,2.2016,0.1074
4.263,2.5312,0.1014,0.1164,-2.5617,2.2160,0.1113
4.284,2.5394,0.1034,0.1186,-2.5701,2.2160,0.1113
4.305,2.5475,0.1054,0.1212,-2.5800,2.2315,0.1151
4.326,2.5556,0.1075,0.1239,-2.5898,2.2315,0.1151
4.347,2.5719,0.1118,0.1262,-2.5983,2.2470,0.1191
4.368,2.5800,0.1139,0.1295,-2.6131,2.2633,0.1226
4.389,2.5881,0.1162,0.1323,-2.6229,2.2633,0.1226
4.410,2.5961,0.1184,0.1352,-2.6328,2.2789,0.1268
4.431,2.6042,0.1207,0.1377,-2.6412,2.2944,0.1311
4.452,2.6123,0.1230,0.1393,-2.6498,2.2944,0.1311
4.473,2.6284,0.1277,0.1423,-2.6596,2.3099,0.1346
4.494,2.6365,0.1301,0.1448,-2.6680,2.3099,0.1346
4.515,2.6445,0.1326,0.1478,-2.6778,2.3253,0.1390
4.536,2.6525,0.1350,0.1509,-2.6876,2.3408,0.1436
4.557,2.6605,0.1375,0.1536,-2.6960,2.3408,0.1436
4.578,2.6685,0.1400,0.1569,-2.7075,2.3543,0.1475
4.599,2.6845,0.1451,0.1600,-2.7172,2.3695,0.1522
4.620,2.6925,0.1477,0.1632,-2.7269,2.3695,0.1522
4.641,2.7004,0.1503,0.1660,-2.7351,2.3847,0.1570
4.662,2.7084,0.1530,0.1643,-2.7384,2.3931,0.1568
4.683,2.7164,0.1557,0.1675,-2.7479,2.3931,0.1568
4.704,2.7243,0.1584,0.1702,-2.7560,2.4077,0.1614
4.725,2.7402,0.1640,0.1735,-2.7655,2.4077,0.1614
4.746,2.7482,0.1669,0.1768,-2.7749,2.4226,0.1662
4.767,2.7561,0.1698,0.1786,-2.7811,2.4369,0.1708
4.788,2.7641,0.1728,0.1835,-2.7945,2.4369,0.1708
4.809,2.7720,0.1759,0.1870,-2.8039,2.4516,0.1759
4.830,2.7799,0.1789,0.1905,-2.8133,2.4664,0.1812
4.851,2.7958,0.1850,0.1935,-2.8213,2.4664,0.1812
4.872,2.8037,0.1881,0.1964,-2.8285,2.4795,0.1862
4.893,2.8115,0.1911,0.1998,-2.8377,2.4795,0.1862
4.914,2.8194,0.1942,0.2028,-2.8456,2.4940,0.1915
4.935,2.8272,0.1973,0.2064,-2.8547,2.5084,0.1968
4.956,2.8350,0.2004,0.2099,-2.8638,2.5084,0.1968
4.977,2.8506,0.2067,0.2128,-2.8680,2.5191,0.2021
4.998,2.8583,0.2099,0.2179,-2.8808,2.5330,0.2075
5.019,2.8660,0.2131,0.2215,-2.8896,2.5330,0.2075
5.040,2.8738,0.2163,0.2251,-2.8985,2.5470,0.2130
5.061,2.8815,0.2195,0.2298,-2.9069,2.5470,0.2130
5.082,2.8892,0.2227,0.2335,-2.9157,2.5632,0.2209
5.103,2.9045,0.2293,0.2373,-2.9244,2.5771,0.2266
5.124,2.9122,0.2325,0.2405,-2.9319,2.5771,0.2266
5.145,2.9198,0.2358,0.2442,-2.9406,2.5909,0.2324
5.166,2.9275,0.2391,0.2477,-2.9486,2.6040,0.2378
5.187,2.9351,0.2424,0.2509,-2.9561,2.6040,0.2378
5.208,2.9428,0.2458,0.2563,-2.9684,2.6177,0.2436
5.229,2.9580,0.2525,0.2601,-2.9770,2.6313,0.2494
5.250,2.9656,0.2559,0.2639,-2.9856,2.6313,0.2494
5.271,2.9732,0.2593,0.2670,-2.9932,2.6451,0.2550
5.292,2.9808,0.2627,0.2708,-3.0018,2.6451,0.2550
5.313,2.9883,0.2661,0.2747,-3.0103,2.6586,0.2609
5.334,2.9959,0.2695,0.2780,-3.0176,2.6721,0.2668
5.355,3.0109,0.2765,0.2819,-3.0261,2.6721,0.2668
5.376,3.0184,0.2800,0.2860,-3.0341,2.6862,0.2736
5.397,3.0259,0.2836,0.2894,-3.0413,2.6995,0.2797
5.418,3.0334,0.2871,0.2951,-3.0533,2.6995,0.2797
5.439,3.0409,0.2907,0.2992,-3.0617,2.7128,0.2858
5.460,3.0484,0.2943,0.3032,-3.0690,2.7128,0.2858
5.481,3.0632,0.3016,0.3067,-3.0761,2.7251,0.2921
5.502,3.0706,0.3052,0.3108,-3.0843,2.7382,0.2983
5.523,3.0780,0.3089,0.3150,-3.0925,2.7382,0.2983
5.544,3.0854,0.3127,0.3185,-3.0995,2.7511,0.3047
5.565,3.0927,0.3164,0.3233,-3.1084,2.7648,0.3117
5.586,3.1001,0.3202,0.3276,-3.1166,2.7648,0.3117
5.607,3.1147,0.3282,0.3314,-3.1235,2.7777,0.3184
5.628,3.1219,0.3323,0.3379,-3.1350,2.7905,0.3254
5.649,3.1292,0.3364,0.3442,-3.1470,2.7905,0.3254
5.670,3.1364,0.3407,0.3490,-3.1551,2.8087,0.3350
5.691,3.1436,0.3450,0.3532,-3.1620,2.8087,0.3350
5.712,3.1508,0.3494,0.3581,-3.1700,2.8216,0.3426
5.733,3.1651,0.3583,0.3632,-3.1780,2.8343,0.3502
5.754,3.1722,0.3630,0.3677,-3.1848,2.8343,0.3502
5.775,3.1792,0.3677,0.3745,-3.1961,2.8495,0.3595
5.796,3.1862,0.3726,0.3800,-3.2040,2.8622,0.3680
5.817,3.1932,0.3775,0.3847,-3.2108,2.8622,0.3680
5.838,3.2001,0.3824,0.3928,-3.2220,2.8747,0.3766
5.859,3.2140,0.3924,0.3989,-3.2309,2.8747,0.3766
5.880,3.2208,0.3975,0.4046,-3.2387,2.8881,0.3858
5.901,3.2277,0.4026,0.4095,-3.2454,2.9006,0.3947
5.922,3.2346,0.4077,0.4153,-3.2531,2.9006,0.3947
5.943,3.2414,0.4128,0.4211,-3.2608,2.9129,0.4036
5.964,3.2482,0.4179,0.4277,-3.2693,2.9282,0.4152
5.985,3.2618,0.4281,0.4336,-3.2770,2.9282,0.4152
6.006,3.2686,0.4332,0.4394,-3.2847,2.9405,0.4243
6.027,3.2753,0.4383,0.4444,-3.2913,2.9405,0.4243
6.048,3.2820,0.4434,0.4527,-3.3022,2.9527,0.4333
6.069,3.2887,0.4485,0.4601,-3.3110,2.9657,0.4435
6.090,3.2954,0.4535,0.4659,-3.3186,2.9657,0.4435
6.111,3.3087,0.4636,0.4709,-3.3250,2.9778,0.4526
6.132,3.3153,0.4686,0.4767,-3.3325,2.9897,0.4616
6.153,3.3219,0.4736,0.4825,-3.3400,2.9897,0.4616
6.174,3.3284,0.4786,0.4887,-3.3468,3.0020,0.4718
6.195,3.3350,0.4836,0.4945,-3.3543,3.0138,0.4809
6.216,3.3415,0.4886,0.5003,-3.3617,3.0138,0.4809
6.237,3.3546,0.4986,0.5053,-3.3681,3.0256,0.4899
6.258,3.3610,0.5036,0.5139,-3.3792,3.0256,0.4899
6.279,3.3675,0.5086,0.5197,-3.3866,3.0390,0.5000
6.300,3.3740,0.5136,0.5256,-3.3939,3.0508,0.5090
6.321,3.3804,0.5187,0.5306,-3.4003,3.0508,0.5090
6.342,3.3869,0.5237,0.5365,-3.4076,3.0624,0.5181
6.363,3.3998,0.5339,0.5428,-3.4152,3.0742,0.5276
6.384,3.4063,0.5390,0.5479,-3.4215,3.0742,0.5276
6.405,3.4127,0.5441,0.5539,-3.4288,3.0859,0.5368
6.426,3.4192,0.5492,0.5599,-3.4361,3.0859,0.5368
6.447,3.4256,0.5544,0.5651,-3.4424,3.0975,0.5461
6.468,3.4320,0.5595,0.5743,-3.4535,3.1098,0.5561
6.489,3.4449,0.5699,0.5804,-3.4609,3.1098,0.5561
6.510,3.4513,0.5751,0.5865,-3.4682,3.1215,0.5656
6.531,3.4577,0.5803,0.5918,-3.4745,3.1331,0.5751
6.552,3.4641,0.5855,0.5980,-3.4818,3.1331,0.5751
6.573,3.4705,0.5908,0.6048,-3.4897,3.1465,0.5861
6.594,3.4769,0.5962,0.6102,-3.4961,3.1465,0.5861
6.615,3.4897,0.6069,0.6165,-3.5034,3.1581,0.5959
6.636,3.4961,0.6122,0.6228,-3.5107,3.1698,0.6057
6.657,3.5024,0.6175,0.6283,-3.5170,3.1698,0.6057
6.678,3.5088,0.6229,0.6371,-3.5259,3.1802,0.6154
6.699,3.5151,0.6282,0.6434,-3.5331,3.1916,0.6252
6.720,3.5214,0.6336,0.6498,-3.5404,3.1916,0.6252
6.741,3.5340,0.6443,0.6553,-3.5465,3.2031,0.6351
6.762,3.5403,0.6497,0.6595,-3.5523,3.2130,0.6427
6.783,3.5466,0.6551,0.6659,-3.5595,3.2130,0.6427
6.804,3.5528,0.6605,0.6713,-3.5656,3.2242,0.6525
6.825,3.5590,0.6659,0.6777,-3.5727,3.2242,0.6525
6.846,3.5653,0.6713,0.6840,-3.5798,3.2355,0.6623
6.867,3.5777,0.6821,0.6899,-3.5858,3.2478,0.6736
6.888,3.5838,0.6875,0.6991,-3.5959,3.2478,0.6736
6.909,3.5900,0.6930,0.7055,-3.6029,3.2590,0.6835
6.930,3.5961,0.6984,0.7119,-3.6100,3.2702,0.6935
6.951,3.6023,0.7039,0.7174,-3.6160,3.2702,0.6935
6.972,3.6084,0.7093,0.7253,-3.6238,3.2819,0.7046
6.993,3.6207,0.7203,0.7318,-3.6308,3.2819,0.7046
7.014,3.6268,0.7257,0.7374,-3.6367,3.2931,0.7148
7.035,3.6328,0.7312,0.7440,-3.6437,3.3042,0.7250
7.056,3.6389,0.7367,0.7506,-3.6507,3.3042,0.7250
7.077,3.6450,0.7423,0.7533,-3.6566,3.3151,0.7321
7.098,3.6510,0.7478,0.7626,-3.6666,3.3262,0.7421
7.119,3.6631,0.7589,0.7691,-3.6735,3.3262,0.7421
7.140,3.6691,0.7645,0.7757,-3.6805,3.3372,0.7521
7.161,3.6752,0.7700,0.7801,-3.6865,3.3372,0.7521
7.182,3.6812,0.7756,0.7866,-3.6935,3.3494,0.7619
7.203,3.6872,0.7812,0.7931,-3.7004,3.3604,0.7720
7.224,3.6932,0.7868,0.7988,-3.7063,3.3604,0.7720
7.245,3.7051,0.7981,0.8053,-3.7132,3.3714,0.7822
7.266,3.7111,0.8037,0.8111,-3.7203,3.3824,0.7918
7.287,3.7170,0.8093,0.8166,-3.7262,3.3824,0.7918
7.308,3.7230,0.8149,0.8259,-3.7360,3.3934,0.8018
7.329,3.7289,0.8205,0.8323,-3.7429,3.4043,0.8118
7.350,3.7349,0.8261,0.8388,-3.7498,3.4043,0.8118
7.371,3.7467,0.8373,0.8439,-3.7558,3.4153,0.8215
7.392,3.7526,0.8429,0.8504,-3.7626,3.4153,0.8215
7.413,3.7595,0.8494,0.8569,-3.7695,3.4262,0.8315
7.434,3.7654,0.8550,0.8624,-3.7754,3.4371,0.8415
7.455,3.7713,0.8607,0.8679,-3.7809,3.4371,0.8415
7.476,3.7772,0.8663,0.8743,-3.7877,3.4475,0.8514
7.497,3.7831,0.8719,0.8799,-3.7936,3.4583,0.8614
7.518,3.7948,0.8832,0.8892,-3.8032,3.4583,0.8614
7.539,3.8006,0.8889,0.8957,-3.8100,3.4690,0.8715
7.560,3.8064,0.8946,0.9012,-3.8161,3.4690,0.8715
7.581,3.8122,0.9004,0.9069,-3.8219,3.4793,0.8809
7.602,3.8181,0.9062,0.9136,-3.8286,3.4899,0.8912
7.623,3.8238,0.9122,0.9204,-3.8353,3.4899,0.8912
7.644,3.8354,0.9241,0.9263,-3.8410,3.5005,0.9017
7.665,3.8412,0.9302,0.9330,-3.8473,3.5108,0.9123
7.686,3.8469,0.9362,0.9399,-3.8540,3.5108,0.9123
7.707,3.8527,0.9423,0.9459,-3.8597,3.5213,0.9230
7.728,3.8584,0.9484,0.9559,-3.8691,3.5319,0.9339
7.749,3.8641,0.9546,0.9630,-3.8757,3.5319,0.9339
7.770,3.8755,0.9669,0.9697,-3.8817,3.5427,0.9455
7.791,3.8812,0.9731,0.9757,-3.8873,3.5427,0.9455
7.812,3.8859,0.9783,0.9828,-3.8938,3.5530,0.9565
7.833,3.8925,0.9856,0.9899,-3.9003,3.5634,0.9675
7.854,3.8982,0.9918,0.9961,-3.9059,3.5634,0.9675
7.875,3.9038,0.9980,1.0041,-3.9125,3.5738,0.9786
7.896,3.9150,1.0106,1.0113,-3.9190,3.5843,0.9908
7.917,3.9206,1.0169,1.0175,-3.9245,3.5843,0.9908
7.938,3.9262,1.0231,1.0278,-3.9337,3.5945,1.0020
7.959,3.9318,1.0295,1.0350,-3.9405,3.5945,1.0020
7.980,3.9374,1.0358,1.0422,-3.9469,3.6051,1.0132
8.001,3.9429,1.0421,1.0484,-3.9524,3.6154,1.0245
8.022,3.9540,1.0548,1.0557,-3.9588,3.6154,1.0245
8.043,3.9595,1.0611,1.0630,-3.9652,3.6255,1.0358
8.064,3.9650,1.0675,1.0684,-3.9704,3.6363,1.0472
8.085,3.9705,1.0739,1.0757,-3.9767,3.6363,1.0472
8.106,3.9760,1.0803,1.0830,-3.9830,3.6463,1.0585
8.127,3.9815,1.0867,1.0892,-3.9884,3.6463,1.0585
8.148,3.9924,1.0995,1.0997,-3.9974,3.6564,1.0698
8.169,3.9978,1.1059,1.1075,-4.0040,3.6667,1.0817
8.190,4.0032,1.1123,1.1149,-4.0103,3.6667,1.0817
8.211,4.0086,1.1188,1.1212,-4.0156,3.6767,1.0932
8.232,4.0140,1.1252,1.1286,-4.0219,3.6866,1.1046
8.253,4.0194,1.1317,1.1360,-4.0281,3.6866,1.1046
8.274,4.0302,1.1447,1.1417,-4.0343,3.6974,1.1155
8.295,4.0355,1.1511,1.1491,-4.0405,3.7073,1.1269
8.316,4.0408,1.1576,1.1564,-4.0467,3.7073,1.1269
8.337,4.0462,1.1642,1.1628,-4.0520,3.7172,1.1384
8.358,4.0515,1.1707,1.1723,-4.0612,3.7172,1.1384
8.379,4.0568,1.1772,1.1797,-4.0673,3.7283,1.1498
8.400,4.0673,1.1903,1.1871,-4.0735,3.7381,1.1613
8.421,4.0726,1.1969,1.1934,-4.0787,3.7381,1.1613
8.442,4.0779,1.2034,1.2009,-4.0848,3.7479,1.1728
8.463,4.0831,1.2100,1.2089,-4.0903,3.7570,1.1849
8.484,4.0883,1.2166,1.2153,-4.0955,3.7570,1.1849
8.505,4.0935,1.2232,1.2228,-4.1015,3.7667,1.1966
8.526,4.1039,1.2364,1.2303,-4.1075,3.7667,1.1966
8.547,4.1091,1.2430,1.2367,-4.1127,3.7763,1.2083
8.568,4.1143,1.2497,1.2473,-4.1216,3.7862,1.2198
8.589,4.1194,1.2563,1.2548,-4.1276,3.7862,1.2198
8.610,4.1246,1.2629,1.2624,-4.1335,3.7957,1.2315
8.631,4.1297,1.2696,1.2688,-4.1386,3.8052,1.2432
8.652,4.1399,1.2830,1.2762,-4.1444,3.8052,1.2432
8.673,4.1450,1.2896,1.2838,-4.1502,3.8153,1.2559
8.694,4.1500,1.2963,1.2903,-4.1552,3.8153,1.2559
8.715,4.1550,1.3030,1.2977,-4.1610,3.8246,1.2677
8.736,4.1600,1.3096,1.3050,-4.1666,3.8337,1.2792
8.757,4.1649,1.3163,1.3113,-4.1713,3.8337,1.2792
8.778,4.1745,1.3300,1.3241,-4.1808,3.8438,1.2923
8.799,4.1793,1.3370,1.3318,-4.1862,3.8525,1.3042
8.820,4.1841,1.3440,1.3396,-4.1916,3.8525,1.3042
8.841,4.1888,1.3511,1.3464,-4.1962,3.8612,1.3164
8.862,4.1935,1.3583,1.3549,-4.2027,3.8708,1.3294
8.883,4.1981,1.3656,1.3632,-4.2080,3.8708,1.3294
8.904,4.2073,1.3805,1.3704,-4.2125,3.8793,1.3423
8.925,4.2119,1.3882,1.3789,-4.2178,3.8793,1.3423
8.946,4.2164,1.3958,1.3875,-4.2230,3.8878,1.3556
8.967,4.2209,1.4035,1.3960,-4.2284,3.8978,1.3716
8.988,4.2253,1.4112,1.4084,-4.2358,3.8978,1.3716
9.009,4.2298,1.4189,1.4171,-4.2412,3.9062,1.3851
9.030,4.2387,1.4348,1.4260,-4.2466,3.9148,1.3988
9.051,4.2432,1.4431,1.4340,-4.2512,3.9148,1.3988
9.072,4.2475,1.4516,1.4452,-4.2565,3.9233,1.4148
9.093,4.2519,1.4604,1.4552,-4.2617,3.9233,1.4148
9.114,4.2561,1.4694,1.4640,-4.2661,3.9317,1.4302
9.135,4.2603,1.4786,1.4744,-4.2712,3.9399,1.4463
9.156,4.2686,1.4975,1.4851,-4.2762,3.9399,1.4463
9.177,4.2727,1.5071,1.4960,-4.2808,3.9483,1.4648
9.198,4.2767,1.5169,1.5118,-4.2878,3.9563,1.4820
9.219,4.2808,1.5267,1.5228,-4.2929,3.9563,1.4820
9.240,4.2850,1.5363,1.5336,-4.2982,3.9644,1.4993
9.261,4.2894,1.5458,1.5439,-4.3032,3.9644,1.4993
9.282,4.2985,1.5642,1.5544,-4.3088,3.9742,1.5189
9.303,4.3032,1.5732,1.5646,-4.3146,3.9833,1.5351
9.324,4.3080,1.5821,1.5733,-4.3196,3.9833,1.5351
9.345,4.3128,1.5909,1.5832,-4.3256,3.9926,1.5510
9.366,4.3177,1.5996,1.5932,-4.3314,4.0022,1.5663
9.387,4.3227,1.6082,1.6015,-4.3366,4.0022,1.5663
9.408,4.3327,1.6251,1.6153,-4.3454,4.0119,1.5815
9.429,4.3377,1.6335,1.6248,-4.3516,4.0218,1.5965
9.450,4.3428,1.6419,1.6345,-4.3579,4.0218,1.5965
9.471,4.3479,1.6502,1.6444,-4.3640,4.0326,1.6132
9.492,4.3531,1.6585,1.6542,-4.3704,4.0326,1.6132
9.513,4.3583,1.6668,1.6639,-4.3769,4.0428,1.6285
9.534,4.3687,1.6833,1.6722,-4.3825,4.0532,1.6436
9.555,4.3739,1.6915,1.6818,-4.3890,4.0532,1.6436
9.576,4.3792,1.6997,1.6915,-4.3956,4.0646,1.6600
9.597,4.3846,1.7080,1.6999,-4.4013,4.0751,1.6752
9.618,4.3899,1.7164,1.7140,-4.4107,4.0751,1.6752
9.639,4.3952,1.7249,1.7241,-4.4174,4.0857,1.6907
9.660,4.4059,1.7420,1.7343,-4.4240,4.0857,1.6907
9.681,4.4112,1.7507,1.7431,-4.4297,4.0963,1.7066
9.702,4.4165,1.7594,1.7534,-4.4363,4.1069,1.7225
9.723,4.4219,1.7682,1.7638,-4.4430,4.1069,1.7225
9.744,4.4272,1.7770,1.7727,-4.4486,4.1175,1.7387
9.765,4.4325,1.7858,1.7832,-4.4553,4.1282,1.7551
9.786,4.4432,1.8036,1.7938,-4.4619,4.1282,1.7551
9.807,4.4485,1.8125,1.8029,-4.4676,4.1388,1.7716
9.828,4.4538,1.8214,1.8181,-4.4771,4.1494,1.7881
9.849,4.4592,1.8304,1.8287,-4.4837,4.1494,1.7881
9.870,4.4645,1.8394,1.8394,-4.4904,4.1610,1.8063
9.891,4.4698,1.8484,1.8486,-4.4960,4.1610,1.8063
9.912,4.4805,1.8664,1.8594,-4.5027,4.1716,1.8231
9.933,4.4858,1.8754,1.8702,-4.5093,4.1822,1.8399
9.954,4.4911,1.8845,1.8794,-4.5150,4.1822,1.8399
9.975,4.4964,1.8935,1.8902,-4.5216,4.1928,1.8567
9.996,4.5017,1.9026,1.9011,-4.5282,4.2034,1.8736
10.017,4.5071,1.9117,1.9104,-4.5339,4.2034,1.8736
10.038,4.5177,1.9298,1.9259,-4.5433,4.2139,1.8906
10.059,4.5230,1.9389,1.9368,-4.5500,4.2139,1.8906
10.080,4.5283,1.9480,1.9477,-4.5566,4.2245,1.9076
10.101,4.5336,1.9571,1.9570,-4.5623,4.2351,1.9246
10.122,4.5389,1.9662,1.9679,-4.5689,4.2351,1.9246
10.143,4.5442,1.9752,1.9789,-4.5754,4.2457,1.9416
10.164,4.5548,1.9934,1.9882,-4.5811,4.2572,1.9602
10.185,4.5601,2.0024,1.9991,-4.5877,4.2572,1.9602
10.206,4.5654,2.0115,2.0100,-4.5943,4.2677,1.9772
10.227,4.5706,2.0205,2.0194,-4.5999,4.2677,1.9772
10.248,4.5759,2.0296,2.0350,-4.6093,4.2783,1.9942
10.269,4.5812,2.0387,2.0459,-4.6159,4.2888,2.0113
10.290,4.5917,2.0568,2.0569,-4.6224,4.2888,2.0113
10.311,4.5970,2.0658,2.0662,-4.6281,4.2993,2.0284
10.332,4.6022,2.0748,2.0772,-4.6346,4.3098,2.0454
10.353,4.6075,2.0839,2.0881,-4.6412,4.3098,2.0454
10.374,4.6127,2.0929,2.0974,-4.6468,4.3203,2.0625
10.395,4.6179,2.1018,2.1082,-4.6532,4.3307,2.0793
10.416,4.6282,2.1193,2.1188,-4.6597,4.3307,2.0793
10.437,4.6334,2.1280,2.1279,-4.6651,4.3410,2.0960
10.458,4.6385,2.1367,2.1433,-4.6738,4.3410,2.0960
10.479,4.6436,2.1453,2.1538,-4.6801,4.3515,2.1142
10.500,4.6487,2.1539,2.1643,-4.6864,4.3617,2.1306
10.521,4.6537,2.1626,2.1733,-4.6919,4.3617,2.1306
10.542,4.6639,2.1798,2.1838,-4.6982,4.3718,2.1470
10.563,4.6690,2.1884,2.1943,-4.7046,4.3819,2.1634
10.584,4.6740,2.1970,2.2033,-4.7100,4.3819,2.1634
10.605,4.6791,2.2056,2.2139,-4.7163,4.3920,2.1799
10.626,4.6841,2.2142,2.2244,-4.7225,4.3920,2.1799
10.647,4.6891,2.2228,2.2334,-4.7279,4.4021,2.1963
10.668,4.6992,2.2400,2.2485,-4.7369,4.4121,2.2128
10.689,4.7042,2.2486,2.2591,-4.7431,4.4121,2.2128
10.710,4.7092,2.2573,2.2697,-4.7494,4.4221,2.2293
10.731,4.7142,2.2659,2.2788,-4.7547,4.4321,2.2458
10.752,4.7191,2.2745,2.2894,-4.7609,4.4321,2.2458
10.773,4.7241,2.2832,2.3000,-4.7671,4.4429,2.2639
10.794,4.7340,2.3004,2.3091,-4.7724,4.4429,2.2639
10.815,4.7390,2.3091,2.3198,-4.7786,4.4528,2.2805
10.836,4.7439,2.3178,2.3305,-4.7847,4.4627,2.2972
10.857,4.7488,2.3264,2.3396,-4.7900,4.4627,2.2972
10.878,4.7537,2.3351,2.3549,-4.7988,4.4725,2.3139
10.899,4.7586,2.3437,2.3656,-4.8049,4.4824,2.3306
10.920,4.7684,2.3611,2.3763,-4.8110,4.4824,2.3306
10.941,4.7733,2.3697,2.3855,-4.8162,4.4921,2.3473
10.962,4.7782,2.3784,2.4079,-4.8267,4.5067,2.3765
10.983,4.7830,2.3870,2.4189,-4.8328,4.5067,2.3765
11.004,4.7878,2.3957,2.4283,-4.8381,4.5167,2.3942
11.025,4.7927,2.4044,2.4392,-4.8442,4.5167,2.3942
11.046,4.8023,2.4217,2.4502,-4.8503,4.5266,2.4115
11.067,4.8071,2.4304,2.4597,-4.8555,4.5371,2.4300
11.088,4.8119,2.4391,2.4754,-4.8642,4.5371,2.4300
11.109,4.8166,2.4478,2.4865,-4.8702,4.5468,2.4472
11.130,4.8214,2.4564,2.4975,-4.8762,4.5565,2.4645
11.151,4.8262,2.4651,2.5070,-4.8814,4.5565,2.4645
11.172,4.8356,2.4825,2.5181,-4.8874,4.5662,2.4818
11.193,4.8404,2.4912,2.5292,-4.8934,4.5662,2.4818
11.214,4.8451,2.5000,2.5388,-4.8986,4.5758,2.4991
11.235,4.8498,2.5087,2.5499,-4.9045,4.5854,2.5165
11.256,4.8545,2.5174,2.5611,-4.9105,4.5854,2.5165
11.277,4.8592,2.5261,2.5629,-4.9194,4.5989,2.5256
11.298,4.8685,2.5436,2.5787,-4.9280,4.6087,2.5425
11.319,4.8732,2.5524,2.5898,-4.9340,4.6087,2.5425
11.340,4.8779,2.5612,2.6010,-4.9400,4.6184,2.5597
11.361,4.8826,2.5701,2.6309,-4.9613,4.6184,2.5597
11.382,4.8873,2.5791,2.6426,-4.9676,4.6469,2.6014
11.403,4.8920,2.5881,2.6544,-4.9739,4.6575,2.6202
11.424,4.9014,2.6063,2.6645,-4.9794,4.6575,2.6202
11.445,4.9061,2.6154,2.6764,-4.9857,4.6677,2.6387
11.466,4.9108,2.6245,2.6883,-4.9921,4.6774,2.6567
11.487,4.9155,2.6337,2.6985,-4.9975,4.6774,2.6567
11.508,4.9202,2.6429,2.7157,-5.0066,4.6876,2.6755
11.529,4.9249,2.6521,2.7277,-5.0129,4.6978,2.6943
11.550,4.9343,2.6705,2.7398,-5.0193,4.6978,2.6943
11.571,4.9390,2.6797,2.7326,-5.0221,4.7049,2.6945
11.592,4.9436,2.6890,2.7445,-5.0284,4.7049,2.6945
11.613,4.9483,2.6982,2.7564,-5.0348,4.7150,2.7121
11.634,4.9530,2.7075,2.7666,-5.0403,4.7252,2.7305
11.655,4.9577,2.7168,2.7359,-5.0036,4.7252,2.7305
11.676,4.9670,2.7353,2.7474,-5.0095,4.6879,2.7042
11.697,4.9717,2.7445,2.7571,-5.0144,4.6960,2.7208
11.718,4.9764,2.7538,2.7735,-5.0228,4.6960,2.7208
11.739,4.9811,2.7631,2.7849,-5.0286,4.7052,2.7385
11.760,4.9857,2.7724,2.7747,-5.0157,4.7052,2.7385
11.781,4.9904,2.7817,2.7842,-5.0205,4.7005,2.7404
11.802,4.9997,2.8003,2.7954,-5.0261,4.7087,2.7569
11.823,5.0044,2.8096,2.8065,-5.0317,4.7087,2.7569
11.844,5.0090,2.8189,2.8160,-5.0366,4.7176,2.7741
11.865,5.0137,2.8282,2.8330,-5.0467,4.7322,2.7984
11.886,5.0184,2.8375,2.8441,-5.0523,4.7322,2.7984
11.907,5.0230,2.8468,2.8537,-5.0572,4.7414,2.8160
11.928,5.0324,2.8654,2.8696,-5.0654,4.7505,2.8335
11.949,5.0371,2.8746,2.8696,-5.0684,4.7505,2.8335
11.970,5.0418,2.8837,2.8803,-5.0743,4.7575,2.8399
11.991,5.0464,2.8926,2.8894,-5.0793,4.7575,2.8399
12.012,5.0511,2.9015,2.9000,-5.0851,4.7668,2.8562
12.033,5.0558,2.9104,2.9104,-5.0909,4.7761,2.8726
12.054,5.0651,2.9279,2.9171,-5.0953,4.7761,2.8726
12.075,5.0697,2.9367,2.9274,-5.1010,4.7848,2.8866
12.096,5.0743,2.9453,2.9376,-5.1068,4.7940,2.9026
12.117,5.0789,2.9540,2.9464,-5.1117,4.7940,2.9026
12.138,5.0835,2.9627,2.9610,-5.1199,4.8032,2.9185
12.159,5.0881,2.9713,2.9686,-5.1235,4.8032,2.9185
12.180,5.0973,2.9886,2.9787,-5.1291,4.8101,2.9318
12.201,5.1019,2.9972,2.9873,-5.1339,4.8190,2.9474
12.222,5.1065,3.0058,2.9973,-5.1395,4.8190,2.9474
12.243,5.1110,3.0144,3.0074,-5.1451,4.8279,2.9630
12.264,5.1156,3.0230,3.0162,-5.1496,4.8374,2.9805
12.285,5.1202,3.0316,3.0263,-5.1551,4.8374,2.9805
12.306,5.1293,3.0488,3.0364,-5.1606,4.8461,2.9962
12.327,5.1338,3.0575,3.0451,-5.1654,4.8461,2.9962
12.348,5.1384,3.0660,3.0596,-5.1734,4.8551,3.0120
12.369,5.1430,3.0746,3.0679,-5.1779,4.8632,3.0265
12.390,5.1475,3.0832,3.0780,-5.1835,4.8632,3.0265
12.411,5.1521,3.0918,3.0866,-5.1882,4.8720,3.0422
12.432,5.1612,3.1089,3.0967,-5.1938,4.8809,3.0579
12.453,5.1658,3.1175,3.1068,-5.1994,4.8809,3.0579
12.474,5.1704,3.1260,3.1136,-5.2027,4.8883,3.0719
12.495,5.1750,3.1346,3.1237,-5.2082,4.8970,3.0874
12.516,5.1795,3.1432,3.1337,-5.2137,4.8970,3.0874
12.537,5.1841,3.1518,3.1423,-5.2185,4.9058,3.1031
12.558,5.1933,3.1689,3.1537,-5.2236,4.9058,3.1031
12.579,5.1979,3.1775,3.1637,-5.2290,4.9124,3.1170
12.600,5.2024,3.1861,3.1737,-5.2344,4.9210,3.1326
12.621,5.2070,3.1947,3.1823,-5.2391,4.9210,3.1326
12.642,5.2116,3.2032,3.1923,-5.2445,4.9296,3.1482
12.663,5.2162,3.2118,3.2022,-5.2494,4.9380,3.1639
12.684,5.2253,3.2290,3.2108,-5.2540,4.9380,3.1639
12.705,5.2298,3.2376,3.2208,-5.2593,4.9464,3.1795
12.726,5.2344,3.2462,3.2308,-5.2646,4.9464,3.1795
12.747,5.2389,3.2548,3.2394,-5.2691,4.9549,3.1952
12.768,5.2434,3.2634,3.2534,-5.2764,4.9631,3.2106
12.789,5.2480,3.2720,3.2635,-5.2816,4.9631,3.2106
12.810,5.2570,3.2892,3.2735,-5.2868,4.9714,3.2263
12.831,5.2615,3.2978,3.2821,-5.2913,4.9797,3.2419
12.852,5.2660,3.3064,3.2921,-5.2956,4.9797,3.2419
12.873,5.2704,3.3150,3.3022,-5.3007,4.9878,3.2591
12.894,5.2748,3.3237,3.3109,-5.3051,4.9878,3.2591
12.915,5.2792,3.3323,3.3210,-5.3101,4.9959,3.2749
12.936,5.2879,3.3496,3.3311,-5.3150,5.0039,3.2907
12.957,5.2923,3.3583,3.3398,-5.3193,5.0039,3.2907
12.978,5.2966,3.3670,3.3518,-5.3260,5.0116,3.3046
12.999,5.3009,3.3757,3.3618,-5.3309,5.0193,3.3203
13.020,5.3052,3.3843,3.3718,-5.3357,5.0193,3.3203
13.041,5.3095,3.3927,3.3801,-5.3400,5.0271,3.3359
13.062,5.3184,3.4091,3.3884,-5.3446,5.0347,3.3496
13.083,5.3229,3.4171,3.3977,-5.3497,5.0347,3.3496
13.104,5.3275,3.4250,3.4056,-5.3540,5.0427,3.3642
13.125,5.3321,3.4329,3.4148,-5.3592,5.0427,3.3642
13.146,5.3368,3.4408,3.4238,-5.3644,5.0509,3.3785
13.167,5.3415,3.4487,3.4310,-5.3696,5.0608,3.3933
13.188,5.3509,3.4644,3.4439,-5.3771,5.0608,3.3933
13.209,5.3556,3.4723,3.4529,-5.3823,5.0691,3.4073
13.230,5.3603,3.4802,3.4619,-5.3875,5.0774,3.4214
13.251,5.3649,3.4881,3.4696,-5.3919,5.0774,3.4214
13.272,5.3696,3.4960,3.4778,-5.3973,5.0858,3.4349
13.293,5.3742,3.5039,3.4867,-5.4024,5.0858,3.4349
13.314,5.3834,3.5197,3.4944,-5.4068,5.0940,3.4489
13.335,5.3880,3.5277,3.5034,-5.4119,5.1021,3.4629
13.356,5.3926,3.5356,3.5124,-5.4169,5.1021,3.4629
13.377,5.3972,3.5436,3.5195,-5.4212,5.1100,3.4763
13.398,5.4018,3.5516,3.5323,-5.4284,5.1181,3.4904
13.419,5.4065,3.5596,3.5413,-5.4335,5.1181,3.4904
13.440,5.4157,3.5756,3.5503,-5.4385,5.1261,3.5044
13.461,5.4204,3.5836,3.5580,-5.4437,5.1261,3.5044
13.482,5.4252,3.5916,3.5669,-5.4489,5.1358,3.5197
13.503,5.4300,3.5996,3.5758,-5.4542,5.1442,3.5337
13.524,5.4348,3.6075,3.5834,-5.4588,5.1442,3.5337
13.545,5.4397,3.6154,3.5922,-5.4641,5.1526,3.5476
13.566,5.4495,3.6311,3.6013,-5.4705,5.1620,3.5616
13.587,5.4545,3.6390,3.6088,-5.4752,5.1620,3.5616
13.608,5.4595,3.6469,3.6214,-5.4830,5.1707,3.5753
13.629,5.4645,3.6547,3.6301,-5.4885,5.1795,3.5890
13.650,5.4694,3.6626,3.6389,-5.4940,5.1795,3.5890
13.671,5.4744,3.6704,3.6459,-5.4993,5.1887,3.6022
13.692,5.4843,3.6860,3.6546,-5.5047,5.1887,3.6022
13.713,5.4892,3.6939,3.6633,-5.5102,5.1975,3.6158
13.734,5.4941,3.7017,3.6707,-5.5148,5.2061,3.6294
13.755,5.4989,3.7095,3.6794,-5.5213,5.2061,3.6294
13.776,5.5037,3.7173,3.6881,-5.5267,5.2167,3.6442
13.797,5.5084,3.7252,3.6955,-5.5312,5.2252,3.6578
13.818,5.5178,3.7409,3.7080,-5.5386,5.2252,3.6578
13.839,5.5224,3.7488,3.7167,-5.5438,5.2335,3.6714
13.860,5.5263,3.7554,3.7204,-5.5460,5.2335,3.6714
13.884,5.5309,3.7633,3.7329,-5.5535,5.2416,3.6851
13.905,5.5362,3.7726,3.7417,-5.5586,5.2498,3.6988
13.926,5.5453,3.7884,3.7504,-5.5636,5.2498,3.6988
13.947,5.5497,3.7964,3.7579,-5.5679,5.2578,3.7125
13.968,5.5542,3.8044,3.7701,-5.5759,5.2667,3.7258
13.989,5.5586,3.8124,3.7789,-5.5808,5.2667,3.7258
14.010,5.5629,3.8204,3.7877,-5.5856,5.2746,3.7395
14.031,5.5672,3.8284,3.7953,-5.5896,5.2822,3.7533
14.052,5.5755,3.8446,3.8041,-5.5942,5.2822,3.7533
14.073,5.5795,3.8527,3.8130,-5.5983,5.2896,3.7685
14.094,5.5835,3.8608,3.8206,-5.6021,5.2896,3.7685
14.115,5.5874,3.8689,3.8295,-5.6064,5.2967,3.7823
14.136,5.5912,3.8771,3.8384,-5.6106,5.3036,3.7963
14.157,5.5949,3.8853,3.8461,-5.6141,5.3036,3.7963
14.178,5.6021,3.9017,3.8596,-5.6191,5.3094,3.8109
14.199,5.6056,3.9100,3.8687,-5.6229,5.3157,3.8251
14.220,5.6091,3.9183,3.8777,-5.6267,5.3157,3.8251
14.241,5.6126,3.9266,3.8855,-5.6300,5.3218,3.8393
14.262,5.6160,3.9349,3.8990,-5.6369,5.3313,3.8581
14.283,5.6194,3.9432,3.9082,-5.6408,5.3313,3.8581
14.304,5.6262,3.9598,3.9161,-5.6440,5.3375,3.8728
14.325,5.6295,3.9682,3.9253,-5.6478,5.3375,3.8728
14.346,5.6329,3.9765,3.9345,-5.6516,5.3436,3.8873
14.367,5.6363,3.9848,3.9448,-5.6555,5.3509,3.9055
14.388,5.6397,3.9931,3.9581,-5.6611,5.3509,3.9055
14.409,5.6426,4.0001,3.9674,-5.6650,5.3572,3.9202
14.430,5.6503,4.0182,3.9767,-5.6691,5.3635,3.9348
14.451,5.6539,4.0266,3.9847,-5.6726,5.3635,3.9348
14.472,5.6576,4.0349,3.9944,-5.6771,5.3703,3.9497
14.493,5.6614,4.0431,4.0037,-5.6814,5.3703,3.9497
14.514,5.6653,4.0514,4.0115,-5.6852,5.3772,3.9642
14.535,5.6692,4.0596,4.0207,-5.6897,5.3843,3.9786
14.556,5.6770,4.0760,4.0298,-5.6942,5.3843,3.9786
14.577,5.6810,4.0842,4.0394,-5.6990,5.3925,3.9946
14.598,5.6850,4.0924,4.0524,-5.7056,5.3998,4.0090
14.619,5.6890,4.1006,4.0615,-5.7102,5.3998,4.0090
14.640,5.6930,4.1087,4.0706,-5.7148,5.4072,4.0234
14.661,5.6970,4.1169,4.0786,-5.7175,5.4072,4.0234
14.682,5.7050,4.1332,4.0877,-5.7221,5.4138,4.0391
14.703,5.7090,4.1413,4.0969,-5.7267,5.4211,4.0534
14.724,5.7130,4.1495,4.1047,-5.7307,5.4211,4.0534
14.745,5.7171,4.1576,4.1138,-5.7353,5.4285,4.0676
14.766,5.7211,4.1657,4.1234,-5.7394,5.4354,4.0823
14.787,5.7250,4.1739,4.1312,-5.7433,5.4354,4.0823
14.808,5.7330,4.1902,4.1443,-5.7498,5.4427,4.0966
14.829,5.7370,4.1983,4.1534,-5.7544,5.4500,4.1109
14.850,5.7409,4.2064,4.1625,-5.7589,5.4500,4.1109
14.871,5.7448,4.2146,4.1707,-5.7623,5.4567,4.1256
14.892,5.7487,4.2227,4.1799,-5.7667,5.4567,4.1256
14.913,5.7525,4.2308,4.1890,-5.7710,5.4637,4.1399
14.934,5.7599,4.2471,4.1968,-5.7746,5.4706,4.1542
14.955,5.7636,4.2552,4.2060,-5.7788,5.4706,4.1542
14.976,5.7671,4.2634,4.2157,-5.7833,5.4783,4.1704
14.997,5.7706,4.2717,4.2236,-5.7868,5.4847,4.1849
15.018,5.7740,4.2799,4.2370,-5.7922,5.4847,4.1849
15.039,5.7772,4.2883,4.2464,-5.7958,5.4908,4.1996
15.060,5.7833,4.3051,4.2568,-5.7986,5.4908,4.1996
15.081,5.7862,4.3135,4.2650,-5.8014,5.4958,4.2152
15.102,5.7890,4.3220,4.2746,-5.8046,5.5010,4.2303
15.123,5.7918,4.3305,4.2842,-5.8077,5.5010,4.2303
15.144,5.7945,4.3389,4.2925,-5.8103,5.5061,4.2453
15.165,5.7972,4.3474,4.3017,-5.8128,5.5103,4.2600
15.186,5.8024,4.3644,4.3113,-5.8158,5.5103,4.2600
15.207,5.8050,4.3729,4.3196,-5.8182,5.5150,4.2751
15.228,5.8076,4.3815,4.3334,-5.8223,5.5196,4.2902
15.249,5.8101,4.3900,4.3430,-5.8252,5.5196,4.2902
15.270,5.8126,4.3985,4.3552,-5.8313,5.5282,4.3094
15.291,5.8151,4.4070,4.3635,-5.8338,5.5282,4.3094
15.312,5.8201,4.4240,4.3731,-5.8366,5.5329,4.3247
15.333,5.8226,4.4325,4.3827,-5.8395,5.5376,4.3398
15.354,5.8252,4.4410,4.3910,-5.8421,5.5376,4.3398
15.375,5.8277,4.4494,4.4001,-5.8456,5.5426,4.3544
15.396,5.8303,4.4578,4.4096,-5.8486,5.5475,4.3693
15.417,5.8330,4.4662,4.4177,-5.8513,5.5475,4.3693
15.438,5.8385,4.4828,4.4311,-5.8559,5.5525,4.3841
15.459,5.8414,4.4912,4.4407,-5.8594,5.5525,4.3841
15.480,5.8443,4.4995,4.4500,-5.8628,5.5580,4.3990
15.501,5.8473,4.5077,4.4580,-5.8658,5.5635,4.4136
15.522,5.8503,4.5160,4.4673,-5.8694,5.5635,4.4136
15.543,5.8534,4.5243,4.4766,-5.8730,5.5691,4.4283
15.564,5.8596,4.5409,4.4846,-5.8761,5.5755,4.4442
15.585,5.8627,4.5491,4.4939,-5.8799,5.5755,4.4442
15.606,5.8659,4.5574,4.5031,-5.8836,5.5815,4.4587
15.627,5.8690,4.5656,4.5111,-5.8867,5.5815,4.4587
15.648,5.8722,4.5739,4.5243,-5.8920,5.5874,4.4732
15.669,5.8753,4.5822,4.5355,-5.8952,5.5929,4.4893
15.690,5.8817,4.5987,4.5448,-5.8989,5.5929,4.4893
15.711,5.8848,4.6069,4.5527,-5.9021,5.5988,4.5039
15.732,5.8880,4.6152,4.5620,-5.9058,5.6047,4.5184
15.753,5.8911,4.6234,4.5712,-5.9095,5.6047,4.5184
15.774,5.8943,4.6317,4.5787,-5.9127,5.6107,4.5324
15.795,5.8974,4.6399,4.5879,-5.9164,5.6165,4.5468
15.816,5.9036,4.6564,4.5971,-5.9201,5.6165,4.5468
15.837,5.9068,4.6647,4.6050,-5.9232,5.6224,4.5613
15.858,5.9099,4.6729,4.6185,-5.9279,5.6224,4.5613
15.879,5.9129,4.6812,4.6278,-5.9315,5.6283,4.5774
15.900,5.9160,4.6895,4.6370,-5.9350,5.6339,4.5919
15.921,5.9189,4.6978,4.6450,-5.9379,5.6339,4.5919
15.942,5.9246,4.7146,4.6544,-5.9412,5.6394,4.6065
15.963,5.9273,4.7230,4.6666,-5.9442,5.6443,4.6235
15.984,5.9299,4.7315,4.6747,-5.9467,5.6443,4.6235
16.005,5.9324,4.7400,4.6842,-5.9496,5.6491,4.6385
16.026,5.9348,4.7485,4.6938,-5.9524,5.6491,4.6385
16.047,5.9371,4.7569,4.7019,-5.9547,5.6536,4.6534
16.068,5.9418,4.7740,4.7144,-5.9588,5.6582,4.6671
16.089,5.9441,4.7825,4.7239,-5.9615,5.6582,4.6671
16.110,5.9465,4.7911,4.7333,-5.9642,5.6625,4.6820
16.131,5.9489,4.7997,4.7413,-5.9664,5.6668,4.6967
16.152,5.9512,4.8083,4.7521,-5.9695,5.6668,4.6967
16.173,5.9536,4.8170,4.7615,-5.9720,5.6718,4.7143
16.194,5.9584,4.8349,4.7697,-5.9742,5.6718,4.7143
16.215,5.9609,4.8441,4.7795,-5.9767,5.6759,4.7293
16.236,5.9633,4.8534,4.7895,-5.9793,5.6800,4.7447
16.257,5.9657,4.8628,4.7981,-5.9817,5.6800,4.7447
16.278,5.9681,4.8723,4.8150,-5.9863,5.6850,4.7624
16.299,5.9705,4.8820,4.8255,-5.9891,5.6895,4.7787
16.320,5.9752,4.9016,4.8361,-5.9918,5.6895,4.7787
16.341,5.9775,4.9115,4.8452,-5.9941,5.6939,4.7953
16.362,5.9798,4.9215,4.8561,-5.9968,5.6982,4.8122
16.383,5.9820,4.9316,4.8669,-5.9994,5.6982,4.8122
16.404,5.9842,4.9417,4.8763,-6.0015,5.7024,4.8292
16.425,5.9864,4.9519,4.8873,-6.0041,5.7024,4.8292
16.446,5.9906,4.9723,4.8983,-6.0065,5.7065,4.8465
16.467,5.9927,4.9826,4.9090,-6.0095,5.7119,4.8667
16.488,5.9948,4.9929,4.9250,-6.0131,5.7119,4.8667
16.509,5.9970,5.0033,4.9362,-6.0157,5.7160,4.8842
16.530,5.9992,5.0137,4.9475,-6.0184,5.7203,4.9019
16.551,6.0015,5.0241,4.9572,-6.0207,5.7203,4.9019
16.572,6.0062,5.0449,4.9686,-6.0235,5.7248,4.9197
16.593,6.0086,5.0554,4.9799,-6.0263,5.7248,4.9197
16.614,6.0109,5.0658,4.9897,-6.0287,5.7293,4.9375
16.635,6.0133,5.0763,5.0010,-6.0315,5.7339,4.9553
16.656,6.0157,5.0867,5.0124,-6.0343,5.7339,4.9553
16.677,6.0181,5.0971,5.0223,-6.0368,5.7386,4.9733
16.698,6.0228,5.1180,5.0386,-6.0408,5.7432,4.9911
16.719,6.0252,5.1285,5.0499,-6.0437,5.7432,4.9911
16.740,6.0276,5.1389,5.0613,-6.0465,5.7479,5.0090
16.761,6.0299,5.1494,5.0711,-6.0489,5.7479,5.0090
16.782,6.0323,5.1598,5.0825,-6.0517,5.7529,5.0285
16.803,6.0346,5.1703,5.0939,-6.0544,5.7575,5.0463
16.824,6.0392,5.1912,5.1037,-6.0568,5.7575,5.0463
16.845,6.0415,5.2016,5.1151,-6.0595,5.7621,5.0642
16.866,6.0438,5.2121,5.1266,-6.0623,5.7666,5.0821
16.887,6.0461,5.2225,5.1363,-6.0646,5.7666,5.0821
16.908,6.0484,5.2330,5.1527,-6.0685,5.7711,5.1000
16.929,6.0506,5.2435,5.1641,-6.0711,5.7755,5.1179
16.950,6.0551,5.2644,5.1757,-6.0738,5.7755,5.1179
16.971,6.0573,5.2751,5.1859,-6.0759,5.7799,5.1361
16.992,6.0594,5.2858,5.1979,-6.0784,5.7799,5.1361
17.013,6.0616,5.2966,5.2100,-6.0809,5.7841,5.1549
17.034,6.0636,5.3075,5.2204,-6.0829,5.7881,5.1738
17.055,6.0656,5.3185,5.2327,-6.0852,5.7881,5.1738
17.076,6.0692,5.3407,5.2451,-6.0873,5.7923,5.1949
17.097,6.0708,5.3519,5.2558,-6.0890,5.7957,5.2144
17.118,6.0724,5.3631,5.2737,-6.0917,5.7957,5.2144
17.139,6.0739,5.3742,5.2862,-6.0934,5.7989,5.2340
17.160,6.0753,5.3854,5.2987,-6.0950,5.7989,5.2340
17.181,6.0767,5.3966,5.3094,-6.0964,5.8017,5.2536
17.202,6.0793,5.4190,5.3219,-6.0979,5.8045,5.2733
17.223,6.0806,5.4301,5.3344,-6.0994,5.8045,5.2733
17.244,6.0818,5.4413,5.3451,-6.1006,5.8071,5.2929
17.265,6.0830,5.4525,5.3576,-6.1020,5.8095,5.3125
17.286,6.0842,5.4637,5.3701,-6.1034,5.8095,5.3125
17.307,6.0853,5.4749,5.3809,-6.1045,5.8119,5.3321
17.328,6.0875,5.4972,5.3988,-6.1064,5.8143,5.3518
17.349,6.0886,5.5084,5.4113,-6.1076,5.8143,5.3518
17.370,6.0896,5.5195,5.4238,-6.1089,5.8167,5.3732
17.391,6.0906,5.5307,5.4345,-6.1099,5.8167,5.3732
17.412,6.0917,5.5419,5.4471,-6.1111,5.8189,5.3929
17.433,6.0927,5.5531,5.4596,-6.1123,5.8210,5.4125
17.454,6.0946,5.5754,5.4703,-6.1133,5.8210,5.4125
17.475,6.0956,5.5866,5.4829,-6.1144,5.8231,5.4322
17.496,6.0965,5.5977,5.4954,-6.1156,5.8252,5.4519
17.517,6.0975,5.6089,5.5061,-6.1165,5.8252,5.4519
17.538,6.0984,5.6200,5.5240,-6.1181,5.8271,5.4715
17.559,6.0993,5.6312,5.5366,-6.1191,5.8271,5.4715
17.580,6.1010,5.6535,5.5491,-6.1202,5.8291,5.4912
17.601,6.1019,5.6647,5.5599,-6.1211,5.8310,5.5109
17.622,6.1027,5.6759,5.5724,-6.1221,5.8310,5.5109
17.643,6.1036,5.6870,5.5850,-6.1231,5.8329,5.5306
17.664,6.1044,5.6982,5.5957,-6.1240,5.8349,5.5521
17.685,6.1052,5.7093,5.6083,-6.1249,5.8349,5.5521
17.706,6.1068,5.7316,5.6208,-6.1259,5.8367,5.5718
17.727,6.1076,5.7428,5.6316,-6.1267,5.8367,5.5718
17.748,6.1083,5.7539,5.6495,-6.1280,5.8385,5.5915
17.769,6.1091,5.7651,5.6621,-6.1289,5.8402,5.6112
17.790,6.1098,5.7762,5.6747,-6.1298,5.8402,5.6112
17.811,6.1105,5.7874,5.6854,-6.1306,5.8418,5.6309
17.832,6.1120,5.8097,5.6980,-6.1314,5.8435,5.6507
17.853,6.1126,5.8208,5.7106,-6.1323,5.8435,5.6507
17.874,6.1133,5.8320,5.7214,-6.1330,5.8451,5.6704
17.895,6.1140,5.8431,5.7339,-6.1338,5.8466,5.6901
17.916,6.1146,5.8543,5.7465,-6.1346,5.8466,5.6901
17.937,6.1153,5.8654,5.7573,-6.1353,5.8482,5.7099
17.958,6.1165,5.8877,5.7753,-6.1364,5.8482,5.7099
17.979,6.1171,5.8989,5.7879,-6.1372,5.8498,5.7314
18.000,6.1178,5.9101,5.8005,-6.1379,5.8513,5.7512
18.021,6.1184,5.9213,5.8113,-6.1386,5.8513,5.7512
18.042,6.1190,5.9326,5.8240,-6.1394,5.8527,5.7711
18.063,6.1197,5.9438,5.8367,-6.1401,5.8542,5.7910
18.084,6.1209,5.9664,5.8476,-6.1408,5.8542,5.7910
18.105,6.1215,5.9776,5.8603,-6.1415,5.8557,5.8109
18.126,6.1222,5.9889,5.8730,-6.1423,5.8557,5.8109
18.147,6.1228,6.0002,5.8839,-6.1430,5.8572,5.8309
18.168,6.1235,6.0115,5.9021,-6.1441,5.8587,5.8509
18.189,6.1241,6.0228,5.9149,-6.1449,5.8587,5.8509
18.210,6.1254,6.0453,5.9276,-6.1457,5.8602,5.8709
18.231,6.1260,6.0566,5.9385,-6.1464,5.8617,5.8909
18.252,6.1266,6.0679,5.9513,-6.1471,5.8617,5.8909
18.273,6.1272,6.0792,5.9640,-6.1479,5.8633,5.9127
18.294,6.1279,6.0904,5.9750,-6.1486,5.8633,5.9127
18.315,6.1285,6.1017,5.9877,-6.1493,5.8648,5.9328
18.336,6.1297,6.1243,6.0005,-6.1501,5.8663,5.9528
18.357,6.1303,6.1355,6.0114,-6.1507,5.8663,5.9528
18.378,6.1309,6.1468,6.0296,-6.1518,5.8677,5.9728
18.399,6.1315,6.1581,6.0424,-6.1526,5.8691,5.9929
18.420,6.1320,6.1693,6.0552,-6.1533,5.8691,5.9929
18.441,6.1326,6.1806,6.0661,-6.1539,5.8706,6.0129
18.462,6.1337,6.2031,6.0789,-6.1546,5.8720,6.0330
18.483,6.1343,6.2144,6.0917,-6.1553,5.8720,6.0330
18.504,6.1348,6.2256,6.1026,-6.1560,5.8734,6.0530
18.525,6.1354,6.2369,6.1154,-6.1566,5.8734,6.0530
18.546,6.1359,6.2482,6.1282,-6.1573,5.8747,6.0731
18.567,6.1364,6.2594,6.1391,-6.1579,5.8762,6.0950
18.588,6.1375,6.2819,6.1574,-6.1589,5.8762,6.0950
18.609,6.1381,6.2933,6.1703,-6.1597,5.8775,6.1150
18.630,6.1387,6.3047,6.1833,-6.1606,5.8791,6.1353
18.651,6.1394,6.3163,6.1946,-6.1615,5.8791,6.1353
18.672,6.1401,6.3280,6.2079,-6.1625,5.8810,6.1561
18.693,6.1409,6.3397,6.2213,-6.1636,5.8810,6.1561
18.714,6.1425,6.3635,6.2329,-6.1645,5.8829,6.1771
18.735,6.1434,6.3754,6.2465,-6.1657,5.8850,6.1983
18.756,6.1442,6.3873,6.2600,-6.1668,5.8850,6.1983
18.777,6.1450,6.3991,6.2715,-6.1677,5.8871,6.2196
18.798,6.1457,6.4108,6.2904,-6.1691,5.8890,6.2405
18.819,6.1463,6.4224,6.3036,-6.1700,5.8890,6.2405
18.840,6.1475,6.4455,6.3168,-6.1709,5.8907,6.2612
18.861,6.1481,6.4570,6.3280,-6.1716,5.8907,6.2612
18.882,6.1486,6.4685,6.3410,-6.1723,5.8923,6.2836
18.903,6.1491,6.4799,6.3540,-6.1730,5.8938,6.3041
18.924,6.1495,6.4914,6.3652,-6.1736,5.8938,6.3041
18.945,6.1499,6.5028,6.3781,-6.1743,5.8951,6.3245
18.966,6.1506,6.5254,6.3910,-6.1748,5.8963,6.3448
18.987,6.1508,6.5366,6.4020,-6.1752,5.8963,6.3448
19.008,6.1510,6.5478,6.4202,-6.1758,5.8973,6.3649
19.029,6.1512,6.5590,6.4328,-6.1761,5.8981,6.3848
19.050,6.1513,6.5701,6.4455,-6.1764,5.8981,6.3848
19.071,6.1513,6.5811,6.4562,-6.1765,5.8987,6.4046
19.092,6.1514,6.6032,6.4688,-6.1767,5.8987,6.4046
19.113,6.1513,6.6142,6.4813,-6.1769,5.8993,6.4244
19.134,6.1513,6.6252,6.4921,-6.1769,5.8998,6.4441
19.155,6.1512,6.6361,6.5046,-6.1770,5.8998,6.4441
19.176,6.1511,6.6471,6.5171,-6.1771,5.9001,6.4655
19.197,6.1510,6.6580,6.5278,-6.1771,5.9005,6.4851
19.218,6.1507,6.6799,6.5456,-6.1771,5.9005,6.4851
19.239,6.1505,6.6908,6.5580,-6.1771,5.9007,6.5047
19.260,6.1503,6.7017,6.5705,-6.1770,5.9007,6.5047
19.281,6.1501,6.7126,6.5812,-6.1770,5.9009,6.5243
19.302,6.1499,6.7235,6.5936,-6.1769,5.9011,6.5439
19.323,6.1497,6.7344,6.6061,-6.1768,5.9011,6.5439
19.344,6.1492,6.7562,6.6168,-6.1767,5.9012,6.5634
19.365,6.1489,6.7671,6.6292,-6.1766,5.9012,6.5830
19.386,6.1486,6.7780,6.6417,-6.1765,5.9012,6.5830
19.407,6.1483,6.7889,6.6524,-6.1763,5.9013,6.6026
19.428,6.1480,6.7997,6.6701,-6.1761,5.9013,6.6221
19.449,6.1477,6.8106,6.6826,-6.1759,5.9013,6.6221
19.470,6.1470,6.8323,6.6950,-6.1757,5.9012,6.6435
19.491,6.1466,6.8432,6.7057,-6.1755,5.9012,6.6435
19.512,6.1463,6.8541,6.7182,-6.1753,5.9011,6.6631
19.533,6.1459,6.8649,6.7306,-6.1750,5.9010,6.6826
19.554,6.1454,6.8757,6.7413,-6.1747,5.9010,6.6826
19.575,6.1449,6.8866,6.7537,-6.1744,5.9007,6.7022
19.596,6.1439,6.9082,6.7661,-6.1740,5.9004,6.7217
19.617,6.1435,6.9190,6.7767,-6.1737,5.9004,6.7217
19.638,6.1430,6.9298,6.7945,-6.1732,5.9001,6.7412
19.659,6.1425,6.9406,6.8069,-6.1728,5.9001,6.7412
19.680,6.1420,6.9514,6.8194,-6.1725,5.8998,6.7607
19.701,6.1416,6.9623,6.8301,-6.1722,5.8995,6.7803
19.722,6.1407,6.9842,6.8427,-6.1720,5.8995,6.7803
19.743,6.1403,6.9951,6.8554,-6.1717,5.8993,6.8001
19.764,6.1400,7.0061,6.8662,-6.1716,5.8993,6.8218
19.785,6.1396,7.0172,6.8789,-6.1714,5.8993,6.8218
19.806,6.1393,7.0282,6.8917,-6.1712,5.8992,6.8418
19.827,6.1389,7.0393,6.9026,-6.1710,5.8992,6.8418
19.848,6.1382,7.0614,6.9208,-6.1708,5.8992,6.8618
19.869,6.1378,7.0724,6.9335,-6.1706,5.8992,6.8819
19.890,6.1374,7.0834,6.9461,-6.1703,5.8992,6.8819
19.911,6.1368,7.0943,6.9568,-6.1700,5.8990,6.9017
19.932,6.1362,7.1052,6.9693,-6.1695,5.8987,6.9214
19.953,6.1356,7.1160,6.9818,-6.1690,5.8987,6.9214
19.974,6.1349,7.1268,6.9924,-6.1685,5.8980,6.9409
19.995,6.1334,7.1502,7.0048,-6.1680,5.8975,6.9604
20.016,6.1328,7.1609,7.0172,-6.1675,5.8975,6.9604
20.037,6.1321,7.1717,7.0278,-6.1670,5.8969,6.9799
20.058,6.1313,7.1824,7.0455,-6.1662,5.8969,6.9799
20.079,6.1306,7.1931,7.0578,-6.1656,5.8962,7.0011
20.100,6.1299,7.2038,7.0702,-6.1651,5.8956,7.0206
20.121,6.1284,7.2253,7.0808,-6.1645,5.8956,7.0206
20.142,6.1277,7.2360,7.0932,-6.1639,5.8949,7.0400
20.163,6.1269,7.2467,7.1055,-6.1633,5.8942,7.0594
20.184,6.1262,7.2574,7.1161,-6.1628,5.8942,7.0594
20.205,6.1254,7.2681,7.1285,-6.1622,5.8935,7.0788
20.226,6.1246,7.2788,7.1408,-6.1615,5.8935,7.0788
20.247,6.1230,7.3001,7.1514,-6.1610,5.8927,7.0983
20.268,6.1222,7.3108,7.1691,-6.1600,5.8919,7.1177
20.289,6.1213,7.3215,7.1814,-6.1593,5.8919,7.1177
20.310,6.1205,7.3322,7.1938,-6.1587,5.8911,7.1372
20.331,6.1197,7.3428,7.2044,-6.1581,5.8903,7.1566
20.352,6.1188,7.3535,7.2168,-6.1573,5.8903,7.1566
20.373,6.1171,7.3748,7.2291,-6.1566,5.8893,7.1778
20.394,6.1162,7.3855,7.2397,-6.1560,5.8893,7.1778
20.415,6.1153,7.3962,7.2521,-6.1553,5.8884,7.1973
20.436,6.1144,7.4068,7.2645,-6.1545,5.8875,7.2167
20.457,6.1135,7.4175,7.2751,-6.1539,5.8875,7.2167
20.478,6.1126,7.4281,7.2928,-6.1527,5.8866,7.2362
20.499,6.1107,7.4494,7.3052,-6.1520,5.8856,7.2557
20.520,6.1098,7.4601,7.3176,-6.1512,5.8856,7.2557
20.541,6.1088,7.4707,7.3282,-6.1505,5.8846,7.2751
20.562,6.1078,7.4814,7.3406,-6.1497,5.8836,7.2946
20.583,6.1069,7.4920,7.3530,-6.1488,5.8836,7.2946
20.604,6.1059,7.5027,7.3636,-6.1481,5.8825,7.3141
20.625,6.1039,7.5239,7.3760,-6.1472,5.8825,7.3141
20.646,6.1029,7.5345,7.3884,-6.1464,5.8814,7.3336
20.667,6.1018,7.5452,7.3612,-6.1336,5.8663,7.3131
20.688,6.1008,7.5558,7.3785,-6.1322,5.8663,7.3131
20.709,6.0998,7.5664,7.3907,-6.1312,5.8646,7.3309
20.730,6.0987,7.5770,7.4028,-6.1302,5.8632,7.3498
20.751,6.0965,7.5983,7.4132,-6.1293,5.8632,7.3498
20.772,6.0954,7.6089,7.4433,-6.1192,5.8551,7.3852
20.793,6.0942,7.6194,7.4555,-6.1179,5.8551,7.3852
20.814,6.0930,7.6300,7.4660,-6.1168,5.8531,7.4048
20.835,6.0917,7.6404,7.4780,-6.1155,5.8512,7.4240
20.856,6.0904,7.6507,7.4899,-6.1141,5.8512,7.4240
20.877,6.0877,7.6711,7.4996,-6.1129,5.8495,7.4418
20.898,6.0864,7.6812,7.5163,-6.1108,5.8475,7.4604
20.919,6.0850,7.6912,7.5279,-6.1094,5.8475,7.4604
20.940,6.0836,7.7013,7.5395,-6.1079,5.8454,7.4787
20.961,6.0821,7.7113,7.5541,-6.1068,5.8454,7.4787
20.982,6.0807,7.7214,7.5658,-6.1053,5.8434,7.5038
21.003,6.0778,7.7415,7.5775,-6.1037,5.8412,7.5223
21.024,6.0763,7.7515,7.5875,-6.1024,5.8412,7.5223
21.045,6.0748,7.7616,7.5991,-6.1008,5.8390,7.5407
21.066,6.0732,7.7716,7.6183,-6.0981,5.8358,7.5650
21.087,6.0717,7.7817,7.6283,-6.0967,5.8358,7.5650
21.108,6.0701,7.7917,7.6450,-6.0943,5.8334,7.5837
21.129,6.0668,7.8118,7.6567,-6.0925,5.8309,7.6021
21.150,6.0651,7.8218,7.6684,-6.0908,5.8309,7.6021
21.171,6.0634,7.8319,7.6818,-6.0886,5.8284,7.6203
21.192,6.0617,7.8420,7.6935,-6.0868,5.8284,7.6203
21.213,6.0600,7.8521,7.7053,-6.0850,5.8251,7.6426
21.234,6.0583,7.8622,7.7155,-6.0836,5.8226,7.6612
21.255,6.0550,7.8828,7.7275,-6.0819,5.8226,7.6612
21.276,6.0534,7.8933,7.7394,-6.0779,5.8173,7.6815
21.297,6.0518,7.9038,7.7498,-6.0766,5.8150,7.7007
21.318,6.0503,7.9144,7.7674,-6.0744,5.8150,7.7007
21.339,6.0487,7.9250,7.7798,-6.0729,5.8128,7.7200
21.360,6.0472,7.9357,7.7923,-6.0709,5.8128,7.7200
21.381,6.0441,7.9571,7.8029,-6.0696,5.8104,7.7397
21.402,6.0425,7.9679,7.8154,-6.0681,5.8083,7.7593
21.423,6.0410,7.9787,7.8279,-6.0667,5.8083,7.7593
21.444,6.0394,7.9895,7.8387,-6.0654,5.8062,7.7790
21.465,6.0378,8.0003,7.8527,-6.0642,5.8045,7.8003
21.486,6.0362,8.0111,7.8652,-6.0627,5.8045,7.8003
21.507,6.0329,8.0327,7.8760,-6.0613,5.8023,7.8201
21.528,6.0312,8.0435,7.8939,-6.0590,5.8000,7.8398
21.549,6.0295,8.0542,7.9064,-6.0574,5.8000,7.8398
21.570,6.0277,8.0649,7.9164,-6.0557,5.7974,7.8585
21.591,6.0259,8.0755,7.9270,-6.0541,5.7974,7.8585
21.612,6.0241,8.0861,7.9393,-6.0523,5.7948,7.8779
21.633,6.0201,8.1071,7.9515,-6.0503,5.7921,7.8973
21.654,6.0180,8.1175,7.9619,-6.0485,5.7921,7.8973
21.675,6.0158,8.1278,7.9711,-6.0468,5.7893,7.9141
21.696,6.0135,8.1380,7.9830,-6.0445,5.7860,7.9328
21.717,6.0112,8.1481,7.9931,-6.0424,5.7860,7.9328
21.738,6.0088,8.1581,8.0098,-6.0388,5.7824,7.9514
21.759,6.0038,8.1779,8.0193,-6.0369,5.7824,7.9514
21.780,6.0012,8.1877,8.0308,-6.0342,5.7792,7.9674
21.801,5.9986,8.1974,8.0407,-6.0318,5.7752,7.9854
21.822,5.9959,8.2071,8.0521,-6.0289,5.7752,7.9854
21.843,5.9932,8.2168,8.0635,-6.0261,5.7710,8.0034
21.864,5.9905,8.2265,8.0719,-6.0251,5.7678,8.0215
21.885,5.9849,8.2457,8.0832,-6.0220,5.7678,8.0215
21.906,5.9821,8.2552,8.0946,-6.0188,5.7632,8.0394
21.927,5.9791,8.2647,8.1042,-6.0160,5.7632,8.0394
21.948,5.9762,8.2742,8.1202,-6.0114,5.7584,8.0571
21.969,5.9733,8.2837,8.1319,-6.0080,5.7533,8.0752
21.990,5.9704,8.2931,8.1431,-6.0047,5.7533,8.0752
22.011,5.9645,8.3120,8.1526,-6.0020,5.7484,8.0928
22.032,5.9616,8.3215,8.1638,-5.9987,5.7435,8.1105
22.053,5.9586,8.3309,8.1750,-5.9954,5.7435,8.1105
22.074,5.9557,8.3403,8.1843,-5.9924,5.7383,8.1278
22.095,5.9527,8.3498,8.1954,-5.9890,5.7332,8.1454
22.116,5.9497,8.3592,8.2065,-5.9857,5.7332,8.1454
22.137,5.9437,8.3780,8.2161,-5.9828,5.7282,8.1629
22.158,5.9407,8.3873,8.2307,-5.9781,5.7282,8.1629
22.179,5.9376,8.3967,8.2418,-5.9747,5.7227,8.1806
22.200,5.9346,8.4061,8.2528,-5.9713,5.7176,8.1980
22.221,5.9315,8.4154,8.2623,-5.9683,5.7176,8.1980
22.242,5.9284,8.4247,8.2734,-5.9649,5.7124,8.2155
22.263,5.9225,8.4437,8.2846,-5.9617,5.7074,8.2331
22.284,5.9197,8.4533,8.2939,-5.9589,5.7074,8.2331
22.305,5.9170,8.4630,8.3054,-5.9558,5.7025,8.2506
22.326,5.9144,8.4729,8.3170,-5.9529,5.7025,8.2506
22.347,5.9118,8.4827,8.3270,-5.9505,5.6981,8.2688
22.368,5.9094,8.4927,8.3434,-5.9466,5.6940,8.2869
22.389,5.9047,8.5131,8.3555,-5.9440,5.6940,8.2869
22.410,5.9024,8.5235,8.3677,-5.9415,5.6901,8.3057
22.431,5.9002,8.5339,8.3783,-5.9394,5.6863,8.3250
22.452,5.8980,8.5445,8.3907,-5.9370,5.6863,8.3250
22.473,5.8959,8.5551,8.4033,-5.9343,5.6821,8.3465
22.494,5.8938,8.5658,8.4141,-5.9323,5.6821,8.3465
22.515,5.8897,8.5874,8.4268,-5.9301,5.6787,8.3663
22.536,5.8877,8.5982,8.4396,-5.9278,5.6753,8.3863
22.557,5.8857,8.6092,8.4506,-5.9259,5.6753,8.3863
22.578,5.8837,8.6201,8.4686,-5.9224,5.6718,8.4063
22.599,5.8817,8.6311,8.4816,-5.9202,5.6686,8.4266
22.620,5.8797,8.6421,8.4946,-5.9180,5.6686,8.4266
22.641,5.8758,8.6642,8.5058,-5.9161,5.6653,8.4471
22.662,5.8738,8.6753,8.5185,-5.9133,5.6615,8.4673
22.683,5.8718,8.6864,8.5316,-5.9111,5.6615,8.4673
22.704,5.8698,8.6975,8.5428,-5.9092,5.6582,8.4879
22.725,5.8678,8.7086,8.5559,-5.9069,5.6582,8.4879
22.746,5.8657,8.7197,8.5690,-5.9047,5.6549,8.5085
22.767,5.8616,8.7419,8.5798,-5.9019,5.6504,8.5306
22.788,5.8595,8.7530,8.5984,-5.8986,5.6504,8.5306
22.809,5.8574,8.7642,8.6114,-5.8963,5.6470,8.5511
22.830,5.8551,8.7754,8.6244,-5.8937,5.6435,8.5715
22.851,5.8527,8.7866,8.6356,-5.8914,5.6435,8.5715
22.872,5.8501,8.7978,8.6487,-5.8879,5.6389,8.5921
22.893,5.8448,8.8205,8.6618,-5.8851,5.6389,8.5921
22.914,5.8423,8.8320,8.6732,-5.8828,5.6347,8.6128
22.935,5.8398,8.8437,8.6866,-5.8801,5.6308,8.6338
22.956,5.8374,8.8551,8.6998,-5.8775,5.6308,8.6338
22.977,5.8349,8.8665,8.7104,-5.8749,5.6266,8.6539
22.998,5.8323,8.8778,8.7289,-5.8711,5.6226,8.6744
23.019,5.8271,8.9005,8.7419,-5.8683,5.6226,8.6744
23.040,5.8243,8.9118,8.7549,-5.8654,5.6185,8.6949
23.061,5.8215,8.9231,8.7651,-5.8625,5.6185,8.6949
23.082,5.8187,8.9343,8.7779,-5.8594,5.6133,8.7162
23.103,5.8157,8.9455,8.7906,-5.8563,5.6087,8.7363
23.124,5.8127,8.9566,8.8015,-5.8535,5.6087,8.7363
23.145,5.8064,8.9788,8.8142,-5.8502,5.6039,8.7563
23.166,5.8032,8.9898,8.8268,-5.8470,5.5989,8.7762
23.187,5.7999,9.0008,8.8376,-5.8440,5.5989,8.7762
23.208,5.7965,9.0118,8.8554,-5.8390,5.5937,8.7960
23.229,5.7930,9.0227,8.8679,-5.8353,5.5883,8.8157
23.250,5.7895,9.0336,8.8804,-5.8316,5.5883,8.8157
23.271,5.7823,9.0553,8.8911,-5.8277,5.5819,8.8355
23.292,5.7786,9.0660,8.9035,-5.8238,5.5819,8.8355
23.313,5.7748,9.0768,8.9158,-5.8198,5.5759,8.8550
23.334,5.7709,9.0875,8.9263,-5.8163,5.5698,8.8744
23.355,5.7670,9.0981,8.9385,-5.8121,5.5698,8.8744
23.376,5.7631,9.1087,8.9519,-5.8061,5.5610,8.8967
23.397,5.7549,9.1298,8.9623,-5.8024,5.5543,8.9159
23.418,5.7507,9.1403,8.9796,-5.7960,5.5543,8.9159
23.439,5.7465,9.1507,8.9916,-5.7913,5.5475,8.9350
23.460,5.7420,9.1609,9.0046,-5.7818,5.5475,8.9350
23.481,5.7373,9.1709,9.0144,-5.7771,5.5362,8.9547
23.502,5.7324,9.1806,9.0256,-5.7714,5.5277,8.9727
23.523,5.7221,9.1994,9.0364,-5.7655,5.5277,8.9727
23.544,5.7167,9.2084,9.0454,-5.7602,5.5186,8.9900
23.565,5.7112,9.2170,9.0566,-5.7536,5.5087,9.0071
23.586,5.7055,9.2254,9.0664,-5.7472,5.5087,9.0071
23.607,5.6998,9.2336,9.0745,-5.7415,5.4987,9.0227
23.628,5.6939,9.2415,9.0877,-5.7318,5.4883,9.0375
23.649,5.6819,9.2571,9.0978,-5.7256,5.4883,9.0375
23.670,5.6759,9.2649,9.1070,-5.7187,5.4774,9.0543
23.691,5.6699,9.2727,9.1149,-5.7128,5.4774,9.0543
23.712,5.6638,9.2804,9.1240,-5.7059,5.4667,9.0689
23.733,5.6577,9.2881,9.1332,-5.6989,5.4560,9.0834
23.754,5.6516,9.2958,9.1410,-5.6930,5.4560,9.0834
23.775,5.6394,9.3110,9.1507,-5.6861,5.4453,9.0983
23.796,5.6332,9.3186,9.1598,-5.6791,5.4346,9.1128
23.817,5.6271,9.3263,9.1676,-5.6731,5.4346,9.1128
23.838,5.6211,9.3341,9.1809,-5.6633,5.4238,9.1273
23.859,5.6151,9.3419,9.1905,-5.6553,5.4238,9.1273
23.880,5.6092,9.3498,9.2000,-5.6486,5.4120,9.1424
23.901,5.5976,9.3658,9.2082,-5.6428,5.4015,9.1575
23.922,5.5918,9.3738,9.2179,-5.6362,5.4015,9.1575
23.943,5.5860,9.3819,9.2277,-5.6296,5.3912,9.1728
23.964,5.5803,9.3900,9.2362,-5.6224,5.3785,9.1898
23.985,5.5746,9.3982,9.2460,-5.6158,5.3785,9.1898
24.006,5.5689,9.4063,9.2558,-5.6092,5.3682,9.2054
24.027,5.5576,9.4227,9.2643,-5.6036,5.3682,9.2054
24.048,5.5519,9.4309,9.2784,-5.5942,5.3580,9.2210
24.069,5.5462,9.4391,9.2890,-5.5844,5.3454,9.2373
24.090,5.5406,9.4473,9.2990,-5.5777,5.3454,9.2373
24.111,5.5349,9.4554,9.3075,-5.5720,5.3350,9.2530
24.132,5.5293,9.4636,9.3174,-5.5653,5.3246,9.2688
24.153,5.5179,9.4800,9.3273,-5.5586,5.3246,9.2688
24.174,5.5123,9.4882,9.3345,-5.5527,5.3142,9.2830
24.195,5.5066,9.4963,9.3443,-5.5459,5.3037,9.2986
24.216,5.5009,9.5045,9.3542,-5.5392,5.3037,9.2986
24.237,5.4953,9.5126,9.3627,-5.5334,5.2933,9.3143
24.258,5.4896,9.5208,9.3745,-5.5227,5.2933,9.3143
24.279,5.4782,9.5368,9.3842,-5.5159,5.2807,9.3288
24.300,5.4725,9.5447,9.3937,-5.5090,5.2701,9.3440
24.321,5.4667,9.5525,9.4017,-5.5031,5.2701,9.3440
24.342,5.4608,9.5601,9.4109,-5.4960,5.2594,9.3589
24.363,5.4548,9.5675,9.4176,-5.4900,5.2493,9.3713
24.384,5.4488,9.5748,9.4251,-5.4839,5.2493,9.3713
24.405,5.4365,9.5890,9.4337,-5.4766,5.2382,9.3852
24.426,5.4302,9.5959,9.4422,-5.4691,5.2382,9.3852
24.447,5.4238,9.6027,9.4492,-5.4626,5.2267,9.3986
24.468,5.4173,9.6093,9.4607,-5.4516,5.2147,9.4115
24.489,5.4107,9.6158,9.4652,-5.4437,5.2147,9.4115
24.510,5.4041,9.6223,9.4730,-5.4358,5.2025,9.4212
24.531,5.3908,9.6350,9.4795,-5.4290,5.1903,9.4335
24.552,5.3841,9.6413,9.4872,-5.4210,5.1903,9.4335
24.573,5.3774,9.6476,9.4943,-5.4110,5.1745,9.4463
24.594,5.3706,9.6539,9.5008,-5.4040,5.1745,9.4463
24.615,5.3639,9.6601,9.5082,-5.3959,5.1618,9.4583
24.636,5.3571,9.6663,9.5157,-5.3878,5.1492,9.4701
24.657,5.3436,9.6788,9.5221,-5.3808,5.1492,9.4701
24.678,5.3369,9.6851,9.5324,-5.3697,5.1370,9.4817
24.699,5.3302,9.6915,9.5401,-5.3617,5.1245,9.4937
24.720,5.3236,9.6981,9.5481,-5.3538,5.1245,9.4937
24.741,5.3171,9.7048,9.5550,-5.3471,5.1121,9.5062
24.762,5.3107,9.7116,9.5623,-5.3403,5.1011,9.5183
24.783,5.2980,9.7256,9.5706,-5.3327,5.1011,9.5183
24.804,5.2917,9.7327,9.5779,-5.3262,5.0893,9.5315
24.825,5.2855,9.7399,9.5864,-5.3186,5.0893,9.5315
24.846,5.2792,9.7472,9.5951,-5.3112,5.0776,9.5450
24.867,5.2731,9.7544,9.6008,-5.3077,5.0682,9.5581
24.888,5.2669,9.7617,9.6133,-5.2972,5.0682,9.5581
24.909,5.2547,9.7764,9.6220,-5.2899,5.0569,9.5719
24.930,5.2485,9.7838,9.6308,-5.2826,5.0456,9.5858
24.951,5.2424,9.7912,9.6384,-5.2764,5.0456,9.5858
24.972,5.2363,9.7986,9.6447,-5.2703,5.0352,9.5978
24.993,5.2303,9.8061,9.6535,-5.2631,5.0352,9.5978
25.014,5.2242,9.8135,9.6610,-5.2569,5.0240,9.6116
25.035,5.2120,9.8284,9.6698,-5.2497,5.0128,9.6256
25.056,5.2059,9.8358,9.6786,-5.2425,5.0128,9.6256
25.077,5.1999,9.8432,9.6853,-5.2373,5.0027,9.6387
25.098,5.1938,9.8506,9.6978,-5.2270,4.9916,9.6525
25.119,5.1877,9.8580,9.7066,-5.2198,4.9916,9.6525
25.140,5.1816,9.8654,9.7153,-5.2126,4.9804,9.6664
25.161,5.1694,9.8802,9.7216,-5.2081,4.9804,9.6664
25.182,5.1634,9.8876,9.7303,-5.2009,4.9700,9.6802
25.203,5.1573,9.8950,9.7390,-5.1937,4.9589,9.6940
25.224,5.1512,9.9023,9.7465,-5.1876,4.9589,9.6940
25.245,5.1450,9.9097,9.7551,-5.1804,4.9478,9.7077
25.266,5.1389,9.9170,9.7638,-5.1746,4.9378,9.7214
25.287,5.1267,9.9315,9.7711,-5.1685,4.9378,9.7214
25.308,5.1206,9.9387,9.7832,-5.1582,4.9267,9.7350
25.329,5.1144,9.9457,9.7914,-5.1509,4.9155,9.7483
25.350,5.1081,9.9526,9.7995,-5.1435,4.9155,9.7483
25.371,5.1017,9.9593,9.8061,-5.1383,4.9052,9.7608
25.392,5.0952,9.9658,9.8137,-5.1305,4.9052,9.7608
25.413,5.0817,9.9783,9.8210,-5.1227,4.8933,9.7730
25.434,5.0749,9.9843,9.8271,-5.1158,4.8811,9.7846
25.455,5.0680,9.9901,9.8341,-5.1088,4.8811,9.7846
25.476,5.0610,9.9959,9.8409,-5.1007,4.8684,9.7965
25.497,5.0540,10.0016,9.8467,-5.0936,4.8557,9.8073
25.518,5.0469,10.0072,9.8561,-5.0818,4.8557,9.8073
25.539,5.0327,10.0183,9.8627,-5.0735,4.8428,9.8178
25.560,5.0256,10.0238,9.8694,-5.0646,4.8428,9.8178
25.581,5.0184,10.0293,9.8749,-5.0574,4.8293,9.8283
25.602,5.0125,10.0338,9.8813,-5.0490,4.8162,9.8387
25.623,5.0041,10.0401,9.8877,-5.0406,4.8162,9.8387
25.644,4.9970,10.0455,9.8932,-5.0334,4.8031,9.8488
25.665,4.9886,10.0518,9.8995,-5.0250,4.7900,9.8589
25.686,4.9814,10.0571,9.9062,-5.0162,4.7900,9.8589
25.707,4.9660,10.0689,9.9117,-5.0090,4.7764,9.8693
25.728,4.9590,10.0744,9.9210,-4.9972,4.7634,9.8796
25.749,4.9520,10.0800,9.9275,-4.9889,4.7634,9.8796
25.770,4.9451,10.0855,9.9329,-4.9809,4.7496,9.8897
25.791,4.9382,10.0911,9.9385,-4.9739,4.7496,9.8897
25.812,4.9313,10.0967,9.9450,-4.9657,4.7369,9.9000
25.833,4.9175,10.1078,9.9516,-4.9576,4.7242,9.9104
25.854,4.9106,10.1134,9.9572,-4.9507,4.7242,9.9104
25.875,4.9038,10.1190,9.9620,-4.9447,4.7133,9.9195
25.896,4.8969,10.1246,9.9686,-4.9367,4.7009,9.9298
25.917,4.8901,10.1302,9.9742,-4.9299,4.7009,9.9298
25.938,4.8833,10.1359,9.9837,-4.9187,4.6885,9.9403
25.959,4.8699,10.1477,9.9887,-4.9130,4.6885,9.9403
25.980,4.8633,10.1537,9.9957,-4.9053,4.6785,9.9492
26.001,4.8567,10.1599,10.0018,-4.8987,4.6666,9.9602
26.022,4.8501,10.1661,10.0090,-4.8911,4.6666,9.9602
26.043,4.8435,10.1724,10.0162,-4.8835,4.6548,9.9715
26.064,4.8370,10.1787,10.0222,-4.8776,4.6426,9.9839
26.085,4.8239,10.1915,10.0296,-4.8701,4.6426,9.9839
26.106,4.8174,10.1979,10.0370,-4.8626,4.6309,9.9956
26.127,4.8109,10.2044,10.0434,-4.8562,4.6309,9.9956
26.148,4.8044,10.2108,10.0540,-4.8455,4.6192,10.0073
26.169,4.7979,10.2173,10.0618,-4.8384,4.6078,10.0194
26.190,4.7914,10.2238,10.0693,-4.8309,4.6078,10.0194
26.211,4.7784,10.2369,10.0757,-4.8245,4.5963,10.0313
26.232,4.7718,10.2433,10.0831,-4.8170,4.5846,10.0432
26.253,4.7651,10.2496,10.0904,-4.8093,4.5846,10.0432
26.274,4.7584,10.2558,10.0968,-4.8033,4.5733,10.0550
26.295,4.7515,10.2619,10.1038,-4.7955,4.5612,10.0662
26.316,4.7446,10.2679,10.1107,-4.7875,4.5612,10.0662
26.337,4.7306,10.2797,10.1165,-4.7807,4.5488,10.0771
26.358,4.7235,10.2855,10.1267,-4.7689,4.5488,10.0771
26.379,4.7164,10.2912,10.1333,-4.7607,4.5347,10.0894
26.400,4.7092,10.2969,10.1398,-4.7526,4.5221,10.0998
26.421,4.7021,10.3025,10.1453,-4.7455,4.5221,10.0998
26.442,4.6949,10.3081,10.1517,-4.7373,4.5093,10.1101
26.463,4.6805,10.3190,10.1587,-4.7278,4.4954,10.1207
26.484,4.6733,10.3244,10.1640,-4.7207,4.4954,10.1207
26.505,4.6661,10.3298,10.1702,-4.7124,4.4824,10.1306
26.526,4.6589,10.3351,10.1763,-4.7041,4.4824,10.1306
26.547,4.6516,10.3403,10.1814,-4.6970,4.4694,10.1403
26.568,4.6443,10.3455,10.1898,-4.6848,4.4563,10.1497
26.589,4.6297,10.3557,10.1932,-4.6800,4.4563,10.1497
26.610,4.6224,10.3608,10.2015,-4.6680,4.4431,10.1590
26.631,4.6152,10.3659,10.2065,-4.6609,4.4301,10.1683
26.652,4.6079,10.3710,10.2131,-4.6509,4.4301,10.1683
26.673,4.6007,10.3761,10.2189,-4.6425,4.4140,10.1793
26.694,4.5935,10.3812,10.2239,-4.6354,4.4140,10.1793
26.715,4.5791,10.3913,10.2297,-4.6271,4.4010,10.1886
26.736,4.5719,10.3964,10.2355,-4.6188,4.3880,10.1978
26.757,4.5647,10.4014,10.2404,-4.6117,4.3880,10.1978
26.778,4.5576,10.4063,10.2484,-4.6006,4.3757,10.2068
26.799,4.5504,10.4113,10.2540,-4.5924,4.3629,10.2158
26.820,4.5433,10.4163,10.2596,-4.5842,4.3629,10.2158
26.841,4.5290,10.4261,10.2645,-4.5772,4.3501,10.2248
26.862,4.5219,10.4310,10.2702,-4.5688,4.3371,10.2339
26.883,4.5148,10.4359,10.2758,-4.5606,4.3371,10.2339
26.904,4.5077,10.4408,10.2806,-4.5536,4.3243,10.2428
26.925,4.5006,10.4457,10.2862,-4.5454,4.3243,10.2428
26.946,4.4935,10.4506,10.2917,-4.5372,4.3115,10.2516
26.967,4.4793,10.4603,10.2976,-4.5308,4.2982,10.2625
26.988,4.4723,10.4653,10.3057,-4.5193,4.2982,10.2625
27.009,4.4653,10.4704,10.3115,-4.5113,4.2856,10.2715
27.030,4.4584,10.4756,10.3175,-4.5034,4.2732,10.2809
27.051,4.4515,10.4809,10.3227,-4.4966,4.2732,10.2809
27.072,4.4447,10.4863,10.3297,-4.4888,4.2610,10.2913
27.093,4.4311,10.4973,10.3361,-4.4810,4.2610,10.2913
27.114,4.4243,10.5029,10.3416,-4.4743,4.2488,10.3013
27.135,4.4175,10.5085,10.3480,-4.4666,4.2366,10.3115
27.156,4.4107,10.5142,10.3546,-4.4588,4.2366,10.3115
27.177,4.4039,10.5199,10.3604,-4.4516,4.2240,10.3221
27.198,4.3971,10.5255,10.3697,-4.4404,4.2117,10.3325
27.219,4.3833,10.5366,10.3760,-4.4324,4.2117,10.3325
27.240,4.3763,10.5420,10.3822,-4.4244,4.1993,10.3427
27.261,4.3692,10.5473,10.3877,-4.4179,4.1993,10.3427
27.282,4.3620,10.5526,10.3938,-4.4097,4.1861,10.3536
27.303,4.3548,10.5577,10.3997,-4.4014,4.1733,10.3631
27.324,4.3475,10.5628,10.4047,-4.3943,4.1733,10.3631
27.345,4.3329,10.5729,10.4105,-4.3859,4.1603,10.3725
27.366,4.3256,10.5779,10.4169,-4.3776,4.1472,10.3821
27.387,4.3183,10.5828,10.4218,-4.3704,4.1472,10.3821
27.408,4.3109,10.5876,10.4298,-4.3584,4.1341,10.3911
27.429,4.3035,10.5925,10.4353,-4.3499,4.1209,10.4000
27.450,4.2962,10.5972,10.4407,-4.3414,4.1209,10.4000
27.471,4.2813,10.6064,10.4448,-4.3334,4.1069,10.4081
27.492,4.2739,10.6109,10.4500,-4.3249,4.1069,10.4081
27.513,4.2664,10.6153,10.4550,-4.3163,4.0935,10.4164
27.534,4.2589,10.6196,10.4593,-4.3089,4.0800,10.4244
27.555,4.2514,10.6240,10.4651,-4.3004,4.0800,10.4244
27.576,4.2440,10.6285,10.4702,-4.2919,4.0655,10.4340
27.597,4.2293,10.6373,10.4746,-4.2846,4.0522,10.4421
27.618,4.2220,10.6417,10.4818,-4.2725,4.0522,10.4421
27.639,4.2147,10.6461,10.4869,-4.2641,4.0390,10.4502
27.660,4.2074,10.6505,10.4928,-4.2564,4.0390,10.4502
27.681,4.2001,10.6549,10.4971,-4.2492,4.0264,10.4589
27.702,4.1928,10.6593,10.5021,-4.2409,4.0134,10.4670
27.723,4.1783,10.6679,10.5071,-4.2325,4.0134,10.4670
27.744,4.1710,10.6722,10.5114,-4.2254,4.0003,10.4750
27.765,4.1638,10.6765,10.5174,-4.2178,3.9879,10.4837
27.786,4.1565,10.6808,10.5224,-4.2095,3.9879,10.4837
27.807,4.1493,10.6852,10.5267,-4.2025,3.9750,10.4917
27.828,4.1423,10.6898,10.5344,-4.1909,3.9622,10.5000
27.849,4.1281,10.6991,10.5375,-4.1863,3.9622,10.5000
27.870,4.1209,10.7038,10.5466,-4.1748,3.9487,10.5110
27.891,4.1137,10.7085,10.5514,-4.1678,3.9487,10.5110
27.912,4.1065,10.7133,10.5569,-4.1596,3.9359,10.5198
27.933,4.0993,10.7180,10.5625,-4.1513,3.9230,10.5286
27.954,4.0920,10.7227,10.5675,-4.1435,3.9230,10.5286
27.975,4.0775,10.7322,10.5731,-4.1352,3.9092,10.5378
27.996,4.0702,10.7370,10.5787,-4.1269,3.8962,10.5467
28.017,4.0629,10.7417,10.5835,-4.1197,3.8962,10.5467
28.038,4.0556,10.7465,10.5915,-4.1078,3.8832,10.5556
28.059,4.0483,10.7513,10.5969,-4.0995,3.8832,10.5556
28.080,4.0411,10.7561,10.6026,-4.0912,3.8702,10.5643
28.101,4.0267,10.7660,10.6077,-4.0841,3.8572,10.5734
28.122,4.0196,10.7711,10.6139,-4.0759,3.8572,10.5734
28.143,4.0125,10.7764,10.6203,-4.0677,3.8444,10.5831
28.164,4.0054,10.7817,10.6251,-4.0600,3.8296,10.5935
28.185,3.9984,10.7870,10.6317,-4.0518,3.8296,10.5935
28.206,3.9914,10.7925,10.6383,-4.0437,3.8169,10.6040
28.227,3.9775,10.8036,10.6441,-4.0368,3.8169,10.6040
28.248,3.9705,10.8092,10.6531,-4.0246,3.8043,10.6146
28.269,3.9635,10.8148,10.6600,-4.0165,3.7910,10.6248
28.290,3.9566,10.8205,10.6669,-4.0085,3.7910,10.6248
28.311,3.9496,10.8262,10.6728,-4.0016,3.7784,10.6357
28.332,3.9427,10.8320,10.6798,-3.9935,3.7659,10.6467
28.353,3.9288,10.8435,10.6862,-3.9861,3.7659,10.6467
28.374,3.9219,10.8493,10.6922,-3.9793,3.7539,10.6574
28.395,3.9149,10.8552,10.6992,-3.9713,3.7415,10.6685
28.416,3.9080,10.8610,10.7063,-3.9633,3.7415,10.6685
28.437,3.9011,10.8669,10.7123,-3.9565,3.7291,10.6797
28.458,3.8942,10.8728,10.7231,-3.9446,3.7291,10.6797
28.479,3.8803,10.8845,10.7302,-3.9366,3.7149,10.6927
28.500,3.8734,10.8904,10.7373,-3.9287,3.7026,10.7040
28.521,3.8665,10.8963,10.7433,-3.9219,3.7026,10.7040
28.542,3.8596,10.9023,10.7505,-3.9140,3.6902,10.7153
28.563,3.8538,10.9072,10.7554,-3.9069,3.6786,10.7248
28.584,3.8400,10.9191,10.7615,-3.9002,3.6786,10.7248
28.605,3.8331,10.9250,10.7685,-3.8923,3.6664,10.7359
28.626,3.8262,10.9310,10.7756,-3.8845,3.6664,10.7359
28.647,3.8193,10.9369,10.7816,-3.8778,3.6542,10.7471
28.668,3.8124,10.9429,10.7909,-3.8661,3.6414,10.7576
28.689,3.8056,10.9489,10.7980,-3.8584,3.6414,10.7576
28.710,3.7918,10.9609,10.8051,-3.8506,3.6293,10.7687
28.731,3.7850,10.9670,10.8111,-3.8439,3.6172,10.7800
28.752,3.7781,10.9730,10.8177,-3.8352,3.6172,10.7800
28.773,3.7713,10.9791,10.8247,-3.8275,3.6030,10.7917
28.794,3.7644,10.9852,10.8308,-3.8209,3.6030,10.7917
28.815,3.7576,10.9912,10.8379,-3.8132,3.5909,10.8029
28.836,3.7440,11.0034,10.8450,-3.8055,3.5789,10.8142
28.857,3.7372,11.0096,10.8511,-3.7989,3.5789,10.8142
28.878,3.7304,11.0157,10.8610,-3.7847,3.5645,10.8253
28.899,3.7236,11.0218,10.8681,-3.7770,3.5523,10.8366
28.920,3.7168,11.0280,10.8752,-3.7693,3.5523,10.8366
28.941,3.7100,11.0342,10.8814,-3.7627,3.5403,10.8480
28.962,3.6965,11.0465,10.8885,-3.7523,3.5255,10.8594
28.983,3.6897,11.0528,10.8957,-3.7445,3.5255,10.8594
29.004,3.6829,11.0590,10.9018,-3.7378,3.5133,10.8708
29.025,3.6762,11.0652,10.9091,-3.7301,3.5133,10.8708
29.046,3.6694,11.0716,10.9164,-3.7223,3.5011,10.8822
29.067,3.6628,11.0782,10.9224,-3.7139,3.4861,10.8947
29.088,3.6493,11.0915,10.9300,-3.7061,3.4861,10.8947
29.109,3.6426,11.0982,10.9408,-3.6949,3.4739,10.9066
29.130,3.6358,11.1050,10.9486,-3.6870,3.4616,10.9188
29.151,3.6291,11.1119,10.9553,-3.6803,3.4616,10.9188
29.172,3.6223,11.1189,10.9642,-3.6700,3.4475,10.9321
29.193,3.6156,11.1260,10.9723,-3.6621,3.4475,10.9321
29.214,3.6020,11.1404,10.9793,-3.6552,3.4351,10.9450
29.235,3.5953,11.1477,10.9876,-3.6473,3.4227,10.9580
29.256,3.5885,11.1550,10.9960,-3.6394,3.4227,10.9580
29.277,3.5818,11.1625,11.0042,-3.6313,3.4091,10.9724
29.298,3.5750,11.1699,11.0165,-3.6200,3.3967,10.9860
29.319,3.5683,11.1775,11.0251,-3.6120,3.3967,10.9860
29.340,3.5549,11.1927,11.0338,-3.6041,3.3844,10.9997
29.361,3.5481,11.2003,11.0422,-3.5963,3.3844,10.9997
29.382,3.5414,11.2080,11.0510,-3.5884,3.3699,11.0158
29.403,3.5346,11.2155,11.0595,-3.5805,3.3576,11.0297
29.424,3.5278,11.2227,11.0666,-3.5735,3.3576,11.0297
29.445,3.5209,11.2297,11.0745,-3.5654,3.3451,11.0429
29.466,3.5069,11.2433,11.0835,-3.5563,3.3317,11.0561
29.487,3.4998,11.2499,11.0900,-3.5492,3.3317,11.0561
29.508,3.4927,11.2563,11.1006,-3.5373,3.3187,11.0683
29.529,3.4856,11.2627,11.1079,-3.5288,3.3056,11.0800
29.550,3.4784,11.2689,11.1150,-3.5203,3.3056,11.0800
29.571,3.4711,11.2751,11.1213,-3.5146,3.2941,11.0914
29.592,3.4566,11.2873,11.1283,-3.5060,3.2941,11.0914
29.613,3.4493,11.2933,11.1352,-3.4975,3.2809,11.1026
29.634,3.4420,11.2992,11.1411,-3.4901,3.2675,11.1136
29.655,3.4346,11.3051,11.1478,-3.4810,3.2675,11.1136
29.676,3.4273,11.3110,11.1546,-3.4723,3.2523,11.1253
29.697,3.4199,11.3169,11.1604,-3.4649,3.2387,11.1361
29.718,3.4052,11.3285,11.1700,-3.4524,3.2387,11.1361
29.739,3.3978,11.3343,11.1767,-3.4437,3.2252,11.1468
29.760,3.3904,11.3401,11.1839,-3.4338,3.2252,11.1468
29.781,3.3830,11.3458,11.1896,-3.4263,3.2106,11.1578
29.802,3.3756,11.3516,11.1963,-3.4175,3.1969,11.1685
29.823,3.3682,11.3573,11.2029,-3.4087,3.1969,11.1685
29.844,3.3534,11.3688,11.2086,-3.4012,3.1832,11.1791
29.865,3.3459,11.3745,11.2151,-3.3940,3.1712,11.1895
29.886,3.3385,11.3802,11.2217,-3.3852,3.1712,11.1895
29.907,3.3311,11.3859,11.2274,-3.3777,3.1576,11.2000
29.928,3.3237,11.3916,11.2368,-3.3652,3.1439,11.2106
29.949,3.3162,11.3973,11.2440,-3.3593,3.1439,11.2106
29.970,3.3014,11.4086,11.2469,-3.3556,3.1323,11.2226
29.994,3.2940,11.4143,11.2563,-3.3432,3.1323,11.2226
30.018,3.2865,11.4200,11.2629,-3.3346,3.1189,11.2332
30.039,3.2729,11.4304,11.2724,-3.3222,3.1054,11.2437
30.060,3.2642,11.4369,11.2789,-3.3135,3.1054,11.2437
30.081,3.2568,11.4423,11.2851,-3.3069,3.0918,11.2542
30.102,3.2493,11.4475,11.2913,-3.2982,3.0792,11.2651
30.123,3.2418,11.4527,11.2973,-3.2895,3.0792,11.2651
30.144,3.2343,11.4577,11.3023,-3.2820,3.0656,11.2748
30.165,3.2267,11.4626,11.3075,-3.2737,3.0524,11.2833
30.186,3.2114,11.4722,11.3132,-3.2649,3.0524,11.2833
30.207,3.2037,11.4769,11.3179,-3.2572,3.0386,11.2923
30.228,3.1960,11.4815,11.3257,-3.2444,3.0246,11.3010
30.249,3.1883,11.4861,11.3294,-3.2369,3.0246,11.3010
30.270,3.1805,11.4907,11.3346,-3.2279,3.0108,11.3084
30.291,3.1728,11.4952,11.3391,-3.2202,3.0108,11.3084
30.312,3.1572,11.5041,11.3443,-3.2112,2.9968,11.3167
30.333,3.1494,11.5085,11.3494,-3.2022,2.9828,11.3250
30.354,3.1417,11.5130,11.3539,-3.1945,2.9828,11.3250
30.375,3.1339,11.5175,11.3578,-3.1861,2.9692,11.3323
30.396,3.1263,11.5221,11.3631,-3.1772,2.9553,11.3406
30.417,3.1186,11.5267,11.3676,-3.1696,2.9553,11.3406
30.438,3.1034,11.5360,11.3753,-3.1571,2.9415,11.3491
30.459,3.0958,11.5407,11.3801,-3.1497,2.9415,11.3491
30.480,3.0883,11.5454,11.3856,-3.1410,2.9293,11.3571
30.501,3.0808,11.5502,11.3903,-3.1336,2.9158,11.3658
30.522,3.0733,11.5551,11.3961,-3.1250,2.9158,11.3658
30.543,3.0659,11.5602,11.4019,-3.1164,2.9023,11.3748
30.564,3.0510,11.5706,11.4058,-3.1091,2.8877,11.3838
30.585,3.0436,11.5760,11.4118,-3.1005,2.8877,11.3838
30.606,3.0363,11.5814,11.4180,-3.0920,2.8744,11.3934
30.627,3.0289,11.5868,11.4233,-3.0847,2.8744,11.3934
30.648,3.0215,11.5923,11.4323,-3.0725,2.8611,11.4033
30.669,3.0142,11.5979,11.4399,-3.0631,2.8470,11.4144
30.690,2.9995,11.6090,11.4463,-3.0546,2.8470,11.4144
30.711,2.9922,11.6147,11.4518,-3.0473,2.8337,11.4246
30.732,2.9848,11.6203,11.4583,-3.0388,2.8205,11.4349
30.753,2.9775,11.6259,11.4647,-3.0303,2.8205,11.4349
30.774,2.9702,11.6316,11.4705,-3.0226,2.8068,11.4454
30.795,2.9629,11.6372,11.4770,-3.0141,2.7935,11.4558
30.816,2.9482,11.6486,11.4835,-3.0056,2.7935,11.4558
30.837,2.9409,11.6542,11.4891,-2.9984,2.7803,11.4661
30.858,2.9336,11.6599,11.4986,-2.9859,2.7803,11.4661
30.879,2.9263,11.6655,11.5051,-2.9775,2.7655,11.4777
30.900,2.9190,11.6711,11.5115,-2.9690,2.7523,11.4879
30.921,2.9117,11.6767,11.5169,-2.9617,2.7523,11.4879
30.942,2.8970,11.6876,11.5232,-2.9532,2.7391,11.4981
30.963,2.8895,11.6928,11.5308,-2.9459,2.7268,11.5090
30.984,2.8820,11.6979,11.5359,-2.9385,2.7268,11.5090
31.005,2.8744,11.7029,11.5416,-2.9297,2.7132,11.5185
31.026,2.8667,11.7077,11.5471,-2.9208,2.7132,11.5185
31.047,2.8590,11.7123,11.5517,-2.9131,2.6994,11.5274
31.068,2.8433,11.7212,11.5599,-2.8993,2.6843,11.5364
31.089,2.8355,11.7254,11.5648,-2.8902,2.6843,11.5364
31.110,2.8275,11.7296,11.5697,-2.8810,2.6700,11.5445
31.131,2.8196,11.7337,11.5737,-2.8731,2.6557,11.5522
31.152,2.8116,11.7377,11.5789,-2.8644,2.6557,11.5522
31.173,2.8036,11.7417,11.5834,-2.8551,2.6404,11.5608
31.194,2.7876,11.7494,11.5873,-2.8472,2.6404,11.5608
31.215,2.7796,11.7532,11.5917,-2.8380,2.6260,11.5680
31.236,2.7716,11.7570,11.5961,-2.8287,2.6115,11.5751
31.257,2.7635,11.7607,11.5998,-2.8208,2.6115,11.5751
31.278,2.7555,11.7644,11.6067,-2.8075,2.5970,11.5826
31.299,2.7475,11.7681,11.6110,-2.7983,2.5825,11.5895
31.320,2.7314,11.7755,11.6153,-2.7890,2.5825,11.5895
31.341,2.7234,11.7793,11.6190,-2.7812,2.5681,11.5964
31.362,2.7155,11.7831,11.6241,-2.7716,2.5533,11.6042
31.383,2.7076,11.7869,11.6286,-2.7626,2.5533,11.6042
31.404,2.6997,11.7908,11.6324,-2.7549,2.5392,11.6113
31.425,2.6919,11.7947,11.6369,-2.7459,2.5392,11.6113
31.446,2.6764,11.8025,11.6414,-2.7370,2.5251,11.6185
31.467,2.6686,11.8064,11.6469,-2.7268,2.5072,11.6282
31.488,2.6609,11.8103,11.6534,-2.7141,2.5072,11.6282
31.509,2.6532,11.8142,11.6579,-2.7052,2.4931,11.6355
31.530,2.6455,11.8181,11.6624,-2.6963,2.4792,11.6427
31.551,2.6378,11.8220,11.6663,-2.6887,2.4792,11.6427
31.572,2.6224,11.8298,11.6702,-2.6794,2.4651,11.6494
31.593,2.6147,11.8337,11.6747,-2.6705,2.4651,11.6494
31.614,2.6071,11.8376,11.6785,-2.6629,2.4512,11.6565
31.635,2.5994,11.8415,11.6829,-2.6541,2.4373,11.6637
31.656,2.5918,11.8454,11.6874,-2.6453,2.4373,11.6637
31.677,2.5841,11.8493,11.6923,-2.6401,2.4260,11.6719
31.698,2.5690,11.8574,11.6990,-2.6277,2.4125,11.6793
31.719,2.5615,11.8616,11.7038,-2.6191,2.4125,11.6793
31.740,2.5540,11.8659,11.7088,-2.6105,2.3991,11.6870
31.761,2.5465,11.8703,11.7143,-2.6032,2.3991,11.6870
31.782,2.5391,11.8748,11.7195,-2.5947,2.3845,11.6970
31.803,2.5316,11.8793,11.7247,-2.5863,2.3712,11.7053
31.824,2.5168,11.8885,11.7293,-2.5790,2.3712,11.7053
31.845,2.5094,11.8931,11.7347,-2.5706,2.3580,11.7138
31.866,2.5020,11.8978,11.7400,-2.5619,2.3446,11.7223
31.887,2.4946,11.9025,11.7446,-2.5546,2.3446,11.7223
31.908,2.4871,11.9071,11.7522,-2.5424,2.3314,11.7309
31.929,2.4796,11.9116,11.7573,-2.5338,2.3180,11.7392
31.950,2.4644,11.9203,11.7623,-2.5251,2.3180,11.7392
31.971,2.4567,11.9245,11.7663,-2.5172,2.3039,11.7469
31.992,2.4489,11.9286,11.7711,-2.5083,2.3039,11.7469
32.013,2.4411,11.9327,11.7757,-2.4994,2.2901,11.7546
32.034,2.4333,11.9367,11.7797,-2.4918,2.2761,11.7620
32.055,2.4254,11.9406,11.7848,-2.4836,2.2761,11.7620
32.076,2.4096,11.9484,11.7893,-2.4746,2.2617,11.7705
32.097,2.4017,11.9522,11.7931,-2.4669,2.2476,11.7776
32.118,2.3938,11.9560,11.7994,-2.4540,2.2476,11.7776
32.139,2.3859,11.9597,11.8037,-2.4450,2.2335,11.7847
32.160,2.3779,11.9635,11.8089,-2.4326,2.2335,11.7847
32.181,2.3699,11.9672,11.8126,-2.4248,2.2166,11.7923
32.202,2.3540,11.9745,11.8168,-2.4157,2.2023,11.7991
32.223,2.3460,11.9782,11.8211,-2.4066,2.2023,11.7991
32.244,2.3381,11.9820,11.8248,-2.3988,2.1880,11.8059
32.265,2.3302,11.9858,11.8291,-2.3875,2.1715,11.8128
32.286,2.3224,11.9897,11.8337,-2.3785,2.1715,11.8128
32.307,2.3146,11.9937,11.8376,-2.3709,2.1573,11.8201
32.328,2.2992,12.0016,11.8441,-2.3582,2.1433,11.8274
32.349,2.2915,12.0055,11.8487,-2.3493,2.1433,11.8274
32.370,2.2838,12.0094,11.8533,-2.3397,2.1274,11.8355
32.391,2.2762,12.0132,11.8570,-2.3321,2.1274,11.8355
32.412,2.2685,12.0169,11.8613,-2.3232,2.1135,11.8425
32.433,2.2607,12.0206,11.8655,-2.3143,2.0996,11.8493
32.454,2.2453,12.0276,11.8690,-2.3067,2.0996,11.8493
32.475,2.2375,12.0311,11.8736,-2.2972,2.0852,11.8562
32.496,2.2298,12.0344,11.8775,-2.2882,2.0712,11.8625
32.517,2.2220,12.0378,11.8808,-2.2806,2.0712,11.8625
32.538,2.2143,12.0411,11.8862,-2.2678,2.0572,11.8687
32.559,2.2065,12.0443,11.8895,-2.2577,2.0572,11.8687
32.580,2.1911,12.0508,11.8911,-2.2539,2.0419,11.8742
32.601,2.1833,12.0540,11.8964,-2.2411,2.0279,11.8802
32.622,2.1756,12.0572,11.9001,-2.2323,2.0279,11.8802
32.643,2.1679,12.0604,11.9037,-2.2234,2.0140,11.8861
32.664,2.1601,12.0635,11.9078,-2.2150,1.9980,11.8935
32.685,2.1524,12.0667,11.9114,-2.2061,1.9980,11.8935
32.706,2.1369,12.0729,11.9150,-2.1972,1.9841,11.8993
32.727,2.1292,12.0760,11.9181,-2.1896,1.9841,11.8993
32.748,2.1215,12.0792,11.9232,-2.1770,1.9702,11.9051
32.769,2.1138,12.0823,11.9277,-2.1687,1.9568,11.9115
32.790,2.1061,12.0855,11.9315,-2.1599,1.9568,11.9115
32.811,2.0984,12.0887,11.9348,-2.1523,1.9430,11.9175
32.832,2.0828,12.0953,11.9386,-2.1434,1.9292,11.9237
32.853,2.0749,12.0986,11.9425,-2.1345,1.9292,11.9237
32.874,2.0670,12.1019,11.9462,-2.1267,1.9151,11.9304
32.895,2.0590,12.1052,11.9501,-2.1176,1.9009,11.9365
32.916,2.0510,12.1085,11.9539,-2.1085,1.9009,11.9365
32.937,2.0430,12.1117,11.9572,-2.1007,1.8866,11.9427
32.958,2.0268,12.1182,11.9636,-2.0865,1.8866,11.9427
32.979,2.0187,12.1214,11.9674,-2.0773,1.8698,11.9504
33.000,2.0106,12.1246,11.9712,-2.0681,1.8553,11.9565
33.021,2.0025,12.1277,11.9744,-2.0601,1.8553,11.9565
33.042,1.9944,12.1309,11.9781,-2.0508,1.8408,11.9625
33.063,1.9862,12.1340,11.9827,-2.0409,1.8257,11.9692
33.084,1.9700,12.1403,11.9859,-2.0329,1.8257,11.9692
33.105,1.9618,12.1434,11.9896,-2.0236,1.8111,11.9752
33.126,1.9537,12.1465,11.9933,-2.0143,1.8111,11.9752
33.147,1.9455,12.1496,11.9964,-2.0064,1.7966,11.9811
33.168,1.9374,12.1526,12.0004,-1.9938,1.7828,11.9856
33.189,1.9293,12.1556,12.0039,-1.9846,1.7828,11.9856
33.210,1.9131,12.1615,12.0074,-1.9754,1.7683,11.9912
33.231,1.9051,12.1646,12.0105,-1.9676,1.7540,11.9969
33.252,1.8971,12.1677,12.0142,-1.9585,1.7540,11.9969
33.273,1.8892,12.1709,12.0181,-1.9482,1.7371,12.0035
33.294,1.8813,12.1741,12.0213,-1.9405,1.7371,12.0035
33.315,1.8735,12.1773,12.0251,-1.9317,1.7230,12.0095
33.336,1.8580,12.1838,12.0288,-1.9228,1.7091,12.0156
33.357,1.8502,12.1870,12.0321,-1.9153,1.7091,12.0156
33.378,1.8425,12.1902,12.0372,-1.9019,1.6947,12.0214
33.399,1.8348,12.1934,12.0408,-1.8931,1.6809,12.0273
33.420,1.8271,12.1965,12.0445,-1.8843,1.6809,12.0273
33.441,1.8193,12.1996,12.0475,-1.8768,1.6671,12.0332
33.462,1.8039,12.2056,12.0504,-1.8678,1.6532,12.0381
33.483,1.7961,12.2085,12.0538,-1.8590,1.6532,12.0381
33.504,1.7884,12.2114,12.0566,-1.8514,1.6394,12.0435
33.525,1.7806,12.2142,12.0598,-1.8426,1.6394,12.0435
33.546,1.7728,12.2169,12.0630,-1.8337,1.6255,12.0487
33.567,1.7650,12.2196,12.0655,-1.8254,1.6096,12.0541
33.588,1.7494,12.2249,12.0686,-1.8165,1.6096,12.0541
33.609,1.7417,12.2275,12.0729,-1.8039,1.5957,12.0590
33.630,1.7339,12.2301,12.0759,-1.7950,1.5818,12.0638
33.651,1.7261,12.2327,12.0785,-1.7874,1.5818,12.0638
33.672,1.7183,12.2353,12.0798,-1.7763,1.5660,12.0673
33.693,1.7106,12.2378,12.0827,-1.7674,1.5660,12.0673
33.714,1.6950,12.2429,12.0852,-1.7598,1.5520,12.0719
33.735,1.6872,12.2453,12.0880,-1.7509,1.5381,12.0766
33.756,1.6793,12.2478,12.0908,-1.7419,1.5381,12.0766
33.777,1.6714,12.2501,12.0941,-1.7322,1.5221,12.0821
33.798,1.6634,12.2524,12.0979,-1.7191,1.5076,12.0865
33.819,1.6553,12.2546,12.1004,-1.7099,1.5076,12.0865
33.840,1.6391,12.2588,12.1014,-1.7059,1.4931,12.0906
33.861,1.6309,12.2609,12.1065,-1.6941,1.4931,12.0906
33.882,1.6228,12.2629,12.1089,-1.6847,1.4789,12.0966
33.903,1.6146,12.2649,12.1113,-1.6754,1.4643,12.1006
33.924,1.6064,12.2669,12.1133,-1.6674,1.4643,12.1006
33.945,1.5982,12.2688,12.1156,-1.6580,1.4496,12.1044
33.966,1.5819,12.2729,12.1182,-1.6498,1.4358,12.1083
33.990,1.5737,12.2751,12.1219,-1.6365,1.4358,12.1083
34.011,1.5670,12.2769,12.1241,-1.6286,1.4213,12.1124
34.032,1.5507,12.2814,12.1268,-1.6194,1.4069,12.1167
34.053,1.5426,12.2837,12.1295,-1.6102,1.4069,12.1167
34.074,1.5332,12.2864,12.1319,-1.6031,1.3924,12.1211
34.095,1.5264,12.2884,12.1347,-1.5939,1.3788,12.1256
34.116,1.5183,12.2908,12.1376,-1.5847,1.3788,12.1256
34.137,1.5103,12.2933,12.1402,-1.5770,1.3646,12.1302
34.158,1.4958,12.2982,12.1445,-1.5639,1.3646,12.1302
34.179,1.4879,12.3010,12.1478,-1.5550,1.3490,12.1356
34.200,1.4800,12.3039,12.1512,-1.5462,1.3350,12.1410
34.221,1.4722,12.3068,12.1542,-1.5386,1.3350,12.1410
34.242,1.4644,12.3098,12.1578,-1.5298,1.3212,12.1465
34.263,1.4567,12.3128,12.1616,-1.5206,1.3071,12.1525
34.284,1.4413,12.3189,12.1647,-1.5131,1.3071,12.1525
34.305,1.4336,12.3220,12.1684,-1.5045,1.2934,12.1584
34.326,1.4259,12.3251,12.1722,-1.4958,1.2934,12.1584
34.347,1.4183,12.3283,12.1754,-1.4884,1.2799,12.1643
34.368,1.4106,12.3314,12.1809,-1.4754,1.2659,12.1705
34.389,1.4030,12.3346,12.1847,-1.4668,1.2659,12.1705
34.410,1.3878,12.3409,12.1885,-1.4582,1.2524,12.1766
34.431,1.3802,12.3441,12.1918,-1.4509,1.2389,12.1827
34.452,1.3727,12.3472,12.1953,-1.4399,1.2389,12.1827
34.473,1.3651,12.3503,12.1991,-1.4313,1.2216,12.1890
34.494,1.3576,12.3534,12.2022,-1.4240,1.2216,12.1890
34.515,1.3500,12.3565,12.2059,-1.4154,1.2081,12.1949
34.536,1.3350,12.3625,12.2095,-1.4068,1.1946,12.2008
34.557,1.3274,12.3654,12.2108,-1.3965,1.1946,12.2008
34.578,1.3199,12.3682,12.2156,-1.3842,1.1781,12.2045
34.599,1.3124,12.3710,12.2189,-1.3755,1.1644,12.2098
34.620,1.3048,12.3737,12.2221,-1.3668,1.1644,12.2098
34.641,1.2972,12.3764,12.2247,-1.3593,1.1507,12.2149
34.662,1.2820,12.3814,12.2271,-1.3492,1.1357,12.2192
34.683,1.2743,12.3838,12.2300,-1.3403,1.1357,12.2192
34.704,1.2666,12.3861,12.2323,-1.3327,1.1217,12.2238
34.725,1.2588,12.3883,12.2349,-1.3237,1.1217,12.2238
34.746,1.2509,12.3903,12.2372,-1.3145,1.1075,12.2280
34.767,1.2430,12.3921,12.2385,-1.3059,1.0910,12.2312
34.788,1.2269,12.3956,12.2413,-1.2925,1.0910,12.2312
34.809,1.2188,12.3972,12.2432,-1.2831,1.0763,12.2345
34.830,1.2106,12.3987,12.2450,-1.2736,1.0615,12.2375
34.851,1.2025,12.4002,12.2467,-1.2645,1.0615,12.2375
34.872,1.1943,12.4017,12.2484,-1.2549,1.0455,12.2405
34.893,1.1861,12.4031,12.2501,-1.2454,1.0455,12.2405
34.914,1.1698,12.4059,12.2515,-1.2372,1.0305,12.2433
34.935,1.1616,12.4072,12.2531,-1.2276,1.0155,12.2460
34.956,1.1534,12.4086,12.2547,-1.2181,1.0155,12.2460
34.977,1.1452,12.4099,12.2560,-1.2094,1.0000,12.2485
34.998,1.1370,12.4113,12.2581,-1.1957,0.9849,12.2510
35.019,1.1287,12.4126,12.2596,-1.1861,0.9849,12.2510
35.040,1.1123,12.4151,12.2603,-1.1820,0.9698,12.2535
35.061,1.1041,12.4164,12.2626,-1.1691,0.9698,12.2535
35.082,1.0959,12.4177,12.2640,-1.1595,0.9543,12.2564
35.103,1.0877,12.4189,12.2654,-1.1500,0.9393,12.2587
35.124,1.0795,12.4202,12.2667,-1.1418,0.9393,12.2587
35.145,1.0713,12.4214,12.2681,-1.1322,0.9243,12.2611
35.166,1.0549,12.4241,12.2695,-1.1217,0.9082,12.2634
35.187,1.0468,12.4254,12.2708,-1.1135,0.9082,12.2634
35.208,1.0386,12.4268,12.2731,-1.1000,0.8933,12.2660
35.229,1.0305,12.4283,12.2747,-1.0905,0.8784,12.2686
35.250,1.0224,12.4298,12.2764,-1.0824,0.8784,12.2686
35.271,1.0142,12.4313,12.2779,-1.0743,0.8647,12.2714
35.292,0.9980,12.4345,12.2797,-1.0648,0.8647,12.2714
35.313,0.9898,12.4361,12.2815,-1.0554,0.8499,12.2743
35.334,0.9817,12.4378,12.2831,-1.0473,0.8351,12.2773
35.355,0.9736,12.4395,12.2854,-1.0383,0.8351,12.2773
35.376,0.9656,12.4415,12.2877,-1.0291,0.8194,12.2813
35.397,0.9577,12.4436,12.2898,-1.0214,0.8053,12.2852
35.418,0.9423,12.4488,12.2939,-1.0089,0.8053,12.2852
35.439,0.9348,12.4518,12.2972,-1.0004,0.7916,12.2898
35.460,0.9274,12.4550,12.3013,-0.9902,0.7916,12.2898
35.481,0.9201,12.4583,12.3046,-0.9830,0.7770,12.2960
35.502,0.9128,12.4619,12.3087,-0.9747,0.7638,12.3021
35.523,0.9057,12.4656,12.3129,-0.9666,0.7638,12.3021
35.544,0.8915,12.4734,12.3167,-0.9596,0.7510,12.3088
35.565,0.8845,12.4775,12.3221,-0.9518,0.7387,12.3168
35.586,0.8775,12.4817,12.3269,-0.9438,0.7387,12.3168
35.607,0.8705,12.4861,12.3311,-0.9370,0.7261,12.3244
35.628,0.8635,12.4904,12.3383,-0.9257,0.7137,12.3323
35.649,0.8566,12.4949,12.3445,-0.9180,0.7137,12.3323
35.670,0.8427,12.5039,12.3497,-0.9101,0.7005,12.3424
35.691,0.8357,12.5083,12.3541,-0.9032,0.7005,12.3424
35.712,0.8286,12.5127,12.3591,-0.8952,0.6869,12.3514
35.733,0.8216,12.5171,12.3642,-0.8871,0.6754,12.3587
35.754,0.8144,12.5214,12.3685,-0.8801,0.6754,12.3587
35.775,0.8073,12.5258,12.3749,-0.8723,0.6627,12.3667
35.796,0.7929,12.5345,12.3800,-0.8641,0.6503,12.3763
35.817,0.7858,12.5389,12.3844,-0.8571,0.6503,12.3763
35.838,0.7798,12.5427,12.3897,-0.8488,0.6375,12.3846
35.859,0.7714,12.5479,12.3972,-0.8370,0.6375,12.3846
35.880,0.7642,12.5524,12.4035,-0.8289,0.6245,12.3929
35.901,0.7569,12.5570,12.4082,-0.8216,0.6117,12.4025
35.922,0.7424,12.5662,12.4137,-0.8132,0.6117,12.4025
35.943,0.7350,12.5708,12.4193,-0.8046,0.5985,12.4114
35.964,0.7277,12.5755,12.4236,-0.7971,0.5837,12.4205
35.985,0.7203,12.5802,12.4292,-0.7886,0.5837,12.4205
36.006,0.7130,12.5849,12.4349,-0.7800,0.5703,12.4295
36.027,0.7056,12.5897,12.4398,-0.7726,0.5703,12.4295
36.048,0.6907,12.5989,12.4478,-0.7602,0.5569,12.4385
36.069,0.6832,12.6035,12.4537,-0.7510,0.5429,12.4478
36.090,0.6757,12.6079,12.4591,-0.7424,0.5429,12.4478
36.111,0.6683,12.6124,12.4638,-0.7350,0.5293,12.4565
36.132,0.6611,12.6169,12.4692,-0.7266,0.5160,12.4651
36.153,0.6539,12.6215,12.4748,-0.7184,0.5160,12.4651
36.174,0.6398,12.6309,12.4789,-0.7122,0.5041,12.4732
36.195,0.6328,12.6356,12.4846,-0.7042,0.4915,12.4822
36.216,0.6259,12.6405,12.4904,-0.6962,0.4915,12.4822
36.237,0.6189,12.6454,12.4954,-0.6893,0.4789,12.4913
36.258,0.6119,12.6503,12.5028,-0.6791,0.4789,12.4913
36.279,0.6049,12.6552,12.5086,-0.6710,0.4667,12.5004
36.300,0.5905,12.6648,12.5142,-0.6627,0.4539,12.5096
36.321,0.5830,12.6694,12.5189,-0.6554,0.4539,12.5096
36.342,0.5755,12.6739,12.5243,-0.6467,0.4407,12.5183
36.363,0.5679,12.6783,12.5290,-0.6384,0.4274,12.5261
36.384,0.5603,12.6826,12.5334,-0.6310,0.4274,12.5261
36.405,0.5528,12.6869,12.5384,-0.6223,0.4139,12.5342
36.426,0.5377,12.6952,12.5433,-0.6137,0.4139,12.5342
36.447,0.5302,12.6994,12.5475,-0.6064,0.4004,12.5421
36.468,0.5227,12.7034,12.5540,-0.5934,0.3864,12.5495
36.489,0.5152,12.7075,12.5588,-0.5848,0.3864,12.5495
36.510,0.5077,12.7115,12.5634,-0.5763,0.3729,12.5570
36.531,0.5002,12.7154,12.5674,-0.5689,0.3595,12.5645
36.552,0.4853,12.7233,12.5718,-0.5611,0.3595,12.5645
36.573,0.4778,12.7272,12.5763,-0.5526,0.3457,12.5722
36.594,0.4704,12.7310,12.5802,-0.5453,0.3457,12.5722
36.615,0.4629,12.7348,12.5846,-0.5368,0.3324,12.5793
36.636,0.4555,12.7386,12.5890,-0.5283,0.3191,12.5864
36.657,0.4480,12.7424,12.5927,-0.5206,0.3191,12.5864
36.678,0.4331,12.7498,12.5989,-0.5084,0.3053,12.5932
36.699,0.4256,12.7535,12.6031,-0.4999,0.2919,12.6000
36.720,0.4182,12.7571,12.6074,-0.4914,0.2919,12.6000
36.741,0.4108,12.7608,12.6110,-0.4841,0.2786,12.6068
36.762,0.4033,12.7643,12.6153,-0.4749,0.2645,12.6136
36.783,0.3958,12.7677,12.6193,-0.4661,0.2645,12.6136
36.804,0.3807,12.7741,12.6226,-0.4586,0.2508,12.6199
36.825,0.3731,12.7771,12.6263,-0.4498,0.2508,12.6199
36.846,0.3655,12.7801,12.6298,-0.4409,0.2370,12.6259
36.867,0.3579,12.7830,12.6331,-0.4343,0.2229,12.6322
36.888,0.3502,12.7858,12.6379,-0.4217,0.2229,12.6322
36.909,0.3426,12.7885,12.6413,-0.4128,0.2091,12.6376
36.930,0.3272,12.7941,12.6448,-0.4038,0.1951,12.6430
36.951,0.3195,12.7969,12.6478,-0.3961,0.1951,12.6430
36.972,0.3118,12.7997,12.6509,-0.3872,0.1810,12.6483
36.993,0.3040,12.8025,12.6544,-0.3781,0.1810,12.6483
37.014,0.2962,12.8052,12.6574,-0.3703,0.1668,12.6539
37.035,0.2884,12.8080,12.6608,-0.3610,0.1524,12.6594
37.056,0.2725,12.8134,12.6642,-0.3517,0.1524,12.6594
37.077,0.2645,12.8162,12.6658,-0.3431,0.1372,12.6635
37.098,0.2564,12.8189,12.6707,-0.3296,0.1224,12.6689
37.119,0.2484,12.8217,12.6741,-0.3202,0.1224,12.6689
37.140,0.2403,12.8246,12.6776,-0.3107,0.1076,12.6744
37.161,0.2322,12.8274,12.6800,-0.3018,0.1076,12.6744
37.182,0.2159,12.8333,12.6836,-0.2922,0.0905,12.6799
37.203,0.2077,12.8363,12.6872,-0.2826,0.0755,12.6856
37.224,0.1995,12.8393,12.6903,-0.2743,0.0755,12.6856
37.245,0.1913,12.8424,12.6940,-0.2647,0.0604,12.6914
37.266,0.1831,12.8455,12.6978,-0.2544,0.0448,12.6975
37.287,0.1749,12.8486,12.7010,-0.2461,0.0448,12.6975
37.308,0.1584,12.8551,12.7049,-0.2364,0.0296,12.7036
37.329,0.1501,12.8583,12.7104,-0.2225,0.0143,12.7098
37.350,0.1418,12.8617,12.7144,-0.2128,0.0143,12.7098
37.371,0.1335,12.8650,12.7171,-0.2017,-0.0038,12.7155
37.392,0.1252,12.8684,12.7212,-0.1918,-0.0038,12.7155
37.413,0.1169,12.8719,12.7252,-0.1820,-0.0193,12.7219
37.434,0.1004,12.8790,12.7288,-0.1736,-0.0348,12.7285
37.455,0.0923,12.8828,12.7331,-0.1639,-0.0348,12.7285
37.476,0.0842,12.8868,12.7375,-0.1543,-0.0513,12.7360
37.497,0.0762,12.8909,12.7414,-0.1462,-0.0661,12.7433
37.518,0.0682,12.8951,12.7483,-0.1329,-0.0661,12.7433
37.539,0.0603,12.8995,12.7534,-0.1237,-0.0806,12.7510
37.560,0.0445,12.9087,12.7584,-0.1137,-0.0806,12.7510
37.581,0.0367,12.9134,12.7630,-0.1058,-0.0958,12.7592
37.602,0.0289,12.9183,12.7685,-0.0966,-0.1103,12.7677
37.623,0.0211,12.9234,12.7741,-0.0875,-0.1103,12.7677
37.644,0.0134,12.9285,12.7791,-0.0797,-0.1245,12.7766
37.665,0.0056,12.9337,12.7850,-0.0767,-0.1321,12.7861
37.686,-0.0097,12.9445,12.7910,-0.0678,-0.1321,12.7861
37.707,-0.0174,12.9500,12.7963,-0.0602,-0.1457,12.7957
37.728,-0.0250,12.9555,12.8050,-0.0475,-0.1595,12.8054
37.749,-0.0326,12.9610,12.8116,-0.0388,-0.1595,12.8054
37.770,-0.0402,12.9664,12.8177,-0.0299,-0.1745,12.8166
37.791,-0.0477,12.9719,12.8231,-0.0223,-0.1745,12.8166
37.812,-0.0628,12.9833,12.8296,-0.0135,-0.1883,12.8266
37.833,-0.0703,12.9892,12.8363,-0.0046,-0.2021,12.8370
37.854,-0.0778,12.9952,12.8421,0.0029,-0.2021,12.8370
37.875,-0.0853,13.0013,12.8493,0.0115,-0.2158,12.8482
37.896,-0.0927,13.0074,12.8563,0.0204,-0.2295,12.8593
37.917,-0.1002,13.0137,12.8624,0.0279,-0.2295,12.8593
37.938,-0.1152,13.0265,12.8727,0.0405,-0.2432,12.8706
37.959,-0.1226,13.0330,12.8803,0.0494,-0.2432,12.8706
37.980,-0.1301,13.0397,12.8835,0.0532,-0.2571,12.8826
38.001,-0.1375,13.0465,12.8945,0.0659,-0.2709,12.8946
38.022,-0.1449,13.0533,12.9023,0.0747,-0.2709,12.8946
38.043,-0.1523,13.0602,12.9101,0.0836,-0.2847,12.9069
38.064,-0.1671,13.0741,12.9159,0.0937,-0.3025,12.9195
38.085,-0.1746,13.0810,12.9237,0.1027,-0.3025,12.9195
38.106,-0.1821,13.0880,12.9315,0.1118,-0.3167,12.9319
38.127,-0.1896,13.0950,12.9382,0.1196,-0.3167,12.9319
38.148,-0.1971,13.1021,12.9499,0.1316,-0.3309,12.9443
38.169,-0.2046,13.1091,12.9578,0.1407,-0.3439,12.9574
38.190,-0.2196,13.1233,12.9657,0.1498,-0.3439,12.9574
38.211,-0.2271,13.1305,12.9725,0.1576,-0.3581,12.9699
38.232,-0.2346,13.1377,12.9804,0.1667,-0.3722,12.9825
38.253,-0.2421,13.1449,12.9884,0.1758,-0.3722,12.9825
38.274,-0.2496,13.1521,12.9955,0.1842,-0.3871,12.9955
38.295,-0.2572,13.1593,13.0036,0.1934,-0.4013,13.0082
38.316,-0.2722,13.1739,13.0116,0.2025,-0.4013,13.0082
38.337,-0.2797,13.1813,13.0185,0.2104,-0.4156,13.0210
38.358,-0.2873,13.1886,13.0301,0.2235,-0.4156,13.0210
38.379,-0.2948,13.1960,13.0382,0.2327,-0.4312,13.0351
38.400,-0.3023,13.2034,13.0464,0.2419,-0.4455,13.0480
38.421,-0.3099,13.2108,13.0533,0.2497,-0.4455,13.0480
38.442,-0.3250,13.2251,13.0610,0.2590,-0.4598,13.0608
38.463,-0.3325,13.2321,13.0688,0.2685,-0.4745,13.0731
38.484,-0.3401,13.2391,13.0753,0.2764,-0.4745,13.0731
38.505,-0.3478,13.2461,13.0829,0.2858,-0.4890,13.0853
38.526,-0.3554,13.2531,13.0905,0.2951,-0.4890,13.0853
38.547,-0.3631,13.2601,13.0970,0.3032,-0.5036,13.0973
38.568,-0.3785,13.2742,13.1080,0.3168,-0.5184,13.1095
38.589,-0.3863,13.2813,13.1156,0.3263,-0.5184,13.1095
38.610,-0.3940,13.2883,13.1232,0.3358,-0.5331,13.1216
38.631,-0.4018,13.2953,13.1296,0.3439,-0.5479,13.1337
38.652,-0.4096,13.3020,13.1375,0.3553,-0.5479,13.1337
38.673,-0.4174,13.3086,13.1446,0.3650,-0.5663,13.1470
38.694,-0.4331,13.3217,13.1506,0.3734,-0.5663,13.1470
38.715,-0.4410,13.3282,13.1578,0.3833,-0.5815,13.1583
38.736,-0.4488,13.3347,13.1648,0.3932,-0.5969,13.1696
38.757,-0.4566,13.3412,13.1709,0.4016,-0.5969,13.1696
38.778,-0.4643,13.3477,13.1809,0.4156,-0.6123,13.1808
38.799,-0.4721,13.3542,13.1879,0.4253,-0.6275,13.1920
38.820,-0.4873,13.3672,13.1950,0.4350,-0.6275,13.1920
38.841,-0.4949,13.3738,13.2010,0.4432,-0.6425,13.2033
38.862,-0.5011,13.3793,13.2081,0.4527,-0.6574,13.2146
38.883,-0.5123,13.3891,13.2151,0.4622,-0.6574,13.2146
38.904,-0.5198,13.3957,13.2211,0.4703,-0.6721,13.2258
38.925,-0.5260,13.4011,13.2282,0.4798,-0.6721,13.2258
38.946,-0.5346,13.4088,13.2352,0.4892,-0.6869,13.2370
38.967,-0.5432,13.4165,13.2393,0.5080,-0.7148,13.2472
38.988,-0.5506,13.4231,13.2493,0.5218,-0.7148,13.2472
39.009,-0.5652,13.4364,13.2533,0.5273,-0.7302,13.2584
39.030,-0.5725,13.4431,13.2634,0.5410,-0.7452,13.2696
39.051,-0.5798,13.4498,13.2694,0.5493,-0.7452,13.2696
39.072,-0.5871,13.4566,13.2922,0.5425,-0.7463,13.2936
39.093,-0.5944,13.4633,13.2997,0.5518,-0.7463,13.2936
39.114,-0.6016,13.4702,13.3062,0.5597,-0.7603,13.3060
39.135,-0.6162,13.4838,13.3137,0.5690,-0.7746,13.3181
39.156,-0.6235,13.4906,13.3292,0.5682,-0.7746,13.3181
39.177,-0.6309,13.4974,13.3357,0.5761,-0.7811,13.3360
39.198,-0.6384,13.5041,13.3466,0.5894,-0.7951,13.3485
39.219,-0.6459,13.5109,13.3542,0.5987,-0.7951,13.3485
39.240,-0.6534,13.5177,13.3618,0.6081,-0.8095,13.3607
39.261,-0.6684,13.5313,13.3714,0.6146,-0.8095,13.3607
39.282,-0.6759,13.5381,13.3792,0.6239,-0.8239,13.3773
39.303,-0.6835,13.5450,13.3869,0.6333,-0.8384,13.3897
39.324,-0.6910,13.5518,13.3935,0.6413,-0.8384,13.3897
39.345,-0.6985,13.5587,13.4013,0.6507,-0.8529,13.4021
39.366,-0.7060,13.5656,13.4096,0.6582,-0.8656,13.4149
39.387,-0.7210,13.5795,13.4163,0.6662,-0.8656,13.4149
39.408,-0.7285,13.5865,13.4276,0.6795,-0.8800,13.4275
39.429,-0.7360,13.5935,13.4355,0.6888,-0.8944,13.4401
39.450,-0.7435,13.6006,13.4460,0.6914,-0.8944,13.4401
39.471,-0.7510,13.6076,13.4529,0.6992,-0.9033,13.4548
39.492,-0.7584,13.6148,13.4610,0.7083,-0.9033,13.4548
39.513,-0.7733,13.6291,13.4692,0.7173,-0.9172,13.4678
39.534,-0.7807,13.6363,13.4762,0.7251,-0.9313,13.4808
39.555,-0.7881,13.6435,13.4955,0.7030,-0.9313,13.4808
39.576,-0.7954,13.6508,13.5040,0.7114,-0.9116,13.5070
39.597,-0.8028,13.6581,13.5112,0.7185,-0.9237,13.5208
39.618,-0.8101,13.6654,13.5234,0.7304,-0.9237,13.5208
39.639,-0.8248,13.6801,13.5320,0.7387,-0.9365,13.5344
39.660,-0.8321,13.6876,13.5404,0.7459,-0.9365,13.5344
39.681,-0.8394,13.6950,13.5478,0.7529,-0.9492,13.5475
39.702,-0.8466,13.7025,13.5565,0.7610,-0.9616,13.5613
39.723,-0.8539,13.7100,13.5652,0.7691,-0.9616,13.5613
39.744,-0.8611,13.7176,13.5728,0.7761,-0.9742,13.5753
39.765,-0.8755,13.7328,13.5811,0.7821,-0.9851,13.5888
39.786,-0.8827,13.7405,13.5899,0.7900,-0.9851,13.5888
39.807,-0.8898,13.7481,13.5975,0.7968,-0.9974,13.6029
39.828,-0.8970,13.7559,13.6102,0.8081,-1.0095,13.6170
39.849,-0.9041,13.7635,13.6157,0.8127,-1.0095,13.6170
39.870,-0.9113,13.7711,13.6244,0.8205,-1.0193,13.6285
39.891,-0.9258,13.7860,13.6317,0.8273,-1.0193,13.6285
39.912,-0.9330,13.7934,13.6402,0.8351,-1.0314,13.6421
39.933,-0.9403,13.8008,13.6486,0.8430,-1.0435,13.6556
39.954,-0.9477,13.8081,13.6558,0.8498,-1.0435,13.6556
39.975,-0.9550,13.8154,13.6635,0.8574,-1.0557,13.6684
39.996,-0.9623,13.8227,13.6718,0.8653,-1.0679,13.6816
