0.0755,0.1867,0.0
0.0755,0.1867,0.0
0.0755,0.1867,0.0
0.0755,0.1867,0.0
0.0755,0.1867,0.0
0.0755,0.1867,0.0
0.0755,0.1867,0.0
0.0715,0.1856,0.0
0.0715,0.1856,0.0
0.0715,0.1856,0.0
0.0715,0.1856,0.0
0.0715,0.1856,0.0
0.0715,0.1856,0.0
0.0715,0.1856,0.0
0.0715,0.1856,0.0
0.0715,0.1856,0.0
0.0966,0.1438,0.0
0.0966,0.1438,0.0
0.0966,0.1438,0.0
0.0966,0.1438,0.0
0.0966,0.1438,0.0
0.0966,0.1438,0.0
0.0966,0.1438,0.0
0.0966,0.1438,0.0
0.0966,0.1438,0.0
0.0966,0.1438,0.0
0.2362,-0.0235,0.0
0.2362,-0.0235,0.0
0.2362,-0.0235,0.0
0.2362,-0.0235,0.0
0.2362,-0.0235,0.0
0.2362,-0.0235,0.0
0.2362,-0.0235,0.0
0.2362,-0.0235,0.0
0.2362,-0.0235,0.0
0.3054,-0.0411,0.0
0.3054,-0.0411,0.0
0.3054,-0.0411,0.0
0.3054,-0.0411,0.0
0.3054,-0.0411,0.0
0.3054,-0.0411,0.0
0.3054,-0.0411,0.0
0.3054,-0.0411,0.0
0.3054,-0.0411,0.0
0.2876,-0.0494,0.0
0.2876,-0.0494,0.0
0.2876,-0.0494,0.0
0.2876,-0.0494,0.0
0.2876,-0.0494,0.0
0.2876,-0.0494,0.0
0.2876,-0.0494,0.0
0.2876,-0.0494,0.0
0.2876,-0.0494,0.0
0.2730,-0.0622,0.0
0.2730,-0.0622,0.0
0.2730,-0.0622,0.0
0.2730,-0.0622,0.0
0.2730,-0.0622,0.0
0.2730,-0.0622,0.0
0.2730,-0.0622,0.0
0.2730,-0.0622,0.0
0.2730,-0.0622,0.0
0.2701,-0.0678,0.0
0.2701,-0.0678,0.0
0.2701,-0.0678,0.0
0.2701,-0.0678,0.0
0.2701,-0.0678,0.0
0.2701,-0.0678,0.0
0.2701,-0.0678,0.0
0.2701,-0.0678,0.0
0.2701,-0.0678,0.0
0.2701,-0.0678,0.0
0.2700,-0.0842,0.0
0.2700,-0.0842,0.0
0.2700,-0.0842,0.0
0.2700,-0.0842,0.0
0.2700,-0.0842,0.0
0.2700,-0.0842,0.0
0.2700,-0.0842,0.0
0.2700,-0.0842,0.0
0.2700,-0.0842,0.0
0.2588,-0.1053,0.0
0.2588,-0.1053,0.0
0.2588,-0.1053,0.0
0.2588,-0.1053,0.0
0.2588,-0.1053,0.0
0.2588,-0.1053,0.0
0.2588,-0.1053,0.0
0.2588,-0.1053,0.0
0.2588,-0.1053,0.0
0.2927,-0.1134,0.0
0.2927,-0.1134,0.0
0.2927,-0.1134,0.0
0.2927,-0.1134,0.0
0.2927,-0.1134,0.0
0.2927,-0.1134,0.0
0.2927,-0.1134,0.0
0.2927,-0.1134,0.0
0.2927,-0.1134,0.0
0.3210,-0.1301,0.0
0.3210,-0.1301,0.0
0.3210,-0.1301,0.0
0.3210,-0.1301,0.0
0.3210,-0.1301,0.0
0.3210,-0.1301,0.0
0.3210,-0.1301,0.0
0.3210,-0.1301,0.0
0.3210,-0.1301,0.0
0.3210,-0.1301,0.0
0.3407,-0.1598,0.0
0.3407,-0.1598,0.0
0.3407,-0.1598,0.0
0.3407,-0.1598,0.0
0.3407,-0.1598,0.0
0.3407,-0.1598,0.0
0.3407,-0.1598,0.0
0.3407,-0.1598,0.0
0.3407,-0.1598,0.0
0.3407,-0.1598,0.0
0.3407,-0.1598,0.0
0.3893,-0.1876,0.0
0.3893,-0.1876,0.0
0.3893,-0.1876,0.0
0.3893,-0.1876,0.0
0.3893,-0.1876,0.0
0.3893,-0.1876,0.0
0.3893,-0.1876,0.0
0.3893,-0.1876,0.0
0.4039,-0.2008,0.0
0.4039,-0.2008,0.0
0.4039,-0.2008,0.0
0.4039,-0.2008,0.0
0.4039,-0.2008,0.0
0.4039,-0.2008,0.0
0.4039,-0.2008,0.0
0.4039,-0.2008,0.0
0.4039,-0.2008,0.0
0.4412,-0.1283,0.0
0.4412,-0.1283,0.0
0.4412,-0.1283,0.0
0.4412,-0.1283,0.0
0.4412,-0.1283,0.0
0.4412,-0.1283,0.0
0.4412,-0.1283,0.0
0.4412,-0.1283,0.0
0.4412,-0.1283,0.0
0.4876,-0.1591,0.0
0.4876,-0.1591,0.0
0.4876,-0.1591,0.0
0.4876,-0.1591,0.0
0.4876,-0.1591,0.0
0.4876,-0.1591,0.0
0.4876,-0.1591,0.0
0.4876,-0.1591,0.0
0.4876,-0.1591,0.0
0.5332,-0.1602,0.0
0.5332,-0.1602,0.0
0.5332,-0.1602,0.0
0.5332,-0.1602,0.0
0.5332,-0.1602,0.0
0.5332,-0.1602,0.0
0.5332,-0.1602,0.0
0.5332,-0.1602,0.0
0.5332,-0.1602,0.0
0.5332,-0.1602,0.0
0.5239,-0.2021,0.0
0.5239,-0.2021,0.0
0.5239,-0.2021,0.0
0.5239,-0.2021,0.0
0.5239,-0.2021,0.0
0.5239,-0.2021,0.0
0.5239,-0.2021,0.0
0.5239,-0.2021,0.0
0.5239,-0.2021,0.0
0.5601,-0.2173,0.0
0.5601,-0.2173,0.0
0.5601,-0.2173,0.0
0.5601,-0.2173,0.0
0.5601,-0.2173,0.0
0.5601,-0.2173,0.0
0.5601,-0.2173,0.0
0.5601,-0.2173,0.0
0.5601,-0.2173,0.0
0.5626,-0.2579,0.0
0.5626,-0.2579,0.0
0.5626,-0.2579,0.0
0.5626,-0.2579,0.0
0.5626,-0.2579,0.0
0.5626,-0.2579,0.0
0.5626,-0.2579,0.0
0.5626,-0.2579,0.0
0.5626,-0.2579,0.0
0.5626,-0.2579,0.0
0.5249,-0.3106,0.0
0.5249,-0.3106,0.0
0.5249,-0.3106,0.0
0.5249,-0.3106,0.0
0.5249,-0.3106,0.0
0.5249,-0.3106,0.0
0.5249,-0.3106,0.0
0.5249,-0.3106,0.0
0.5249,-0.3106,0.0
0.5249,-0.3106,0.0
0.4957,-0.3644,0.0
0.4957,-0.3644,0.0
0.4957,-0.3644,0.0
0.4957,-0.3644,0.0
0.4957,-0.3644,0.0
0.4957,-0.3644,0.0
0.4957,-0.3644,0.0
0.4957,-0.3644,0.0
0.4957,-0.3644,0.0
0.4957,-0.3644,0.0
0.4716,-0.4160,0.0
0.4716,-0.4160,0.0
0.4716,-0.4160,0.0
0.4716,-0.4160,0.0
0.4716,-0.4160,0.0
0.4716,-0.4160,0.0
0.4716,-0.4160,0.0
0.4716,-0.4160,0.0
0.4716,-0.4160,0.0
0.4716,-0.4160,0.0
0.4557,-0.4723,0.0
0.4557,-0.4723,0.0
0.4557,-0.4723,0.0
0.4557,-0.4723,0.0
0.4557,-0.4723,0.0
0.4557,-0.4723,0.0
0.4557,-0.4723,0.0
0.4557,-0.4723,0.0
0.4557,-0.4723,0.0
0.4557,-0.4723,0.0
0.4620,-0.4944,0.0
0.4620,-0.4944,0.0
0.4620,-0.4944,0.0
0.4620,-0.4944,0.0
0.4620,-0.4944,0.0
0.4620,-0.4944,0.0
0.4620,-0.4944,0.0
0.4620,-0.4944,0.0
0.4620,-0.4944,0.0
0.4620,-0.4944,0.0
0.5196,-0.4467,0.0
0.5196,-0.4467,0.0
0.5196,-0.4467,0.0
0.5196,-0.4467,0.0
0.5196,-0.4467,0.0
0.5196,-0.4467,0.0
0.5196,-0.4467,0.0
0.5196,-0.4467,0.0
0.5196,-0.4467,0.0
0.5196,-0.4467,0.0
0.5196,-0.4467,0.0
0.5196,-0.4467,0.0
0.5196,-0.4467,0.0
0.5196,-0.4467,0.0
0.5196,-0.4467,0.0
0.5893,-0.4292,0.0
0.5893,-0.4292,0.0
0.5893,-0.4292,0.0
0.5893,-0.4292,0.0
0.5893,-0.4292,0.0
0.5893,-0.4292,0.0
0.5893,-0.4292,0.0
0.5893,-0.4292,0.0
0.5893,-0.4292,0.0
0.5893,-0.4292,0.0
0.5893,-0.4292,0.0
0.5893,-0.4292,0.0
0.5893,-0.4292,0.0
0.6284,-0.4625,0.0
0.6284,-0.4625,0.0
0.6284,-0.4625,0.0
0.6284,-0.4625,0.0
0.6284,-0.4625,0.0
0.6284,-0.4625,0.0
0.6284,-0.4625,0.0
0.6284,-0.4625,0.0
0.6284,-0.4625,0.0
0.6284,-0.4625,0.0
0.6284,-0.4625,0.0
0.6692,-0.5269,0.0
0.6692,-0.5269,0.0
0.6692,-0.5269,0.0
0.6692,-0.5269,0.0
0.6692,-0.5269,0.0
0.6692,-0.5269,0.0
0.6692,-0.5269,0.0
0.6692,-0.5269,0.0
0.6692,-0.5269,0.0
0.6692,-0.5269,0.0
0.7020,-0.6015,0.0
0.7020,-0.6015,0.0
0.7020,-0.6015,0.0
0.7020,-0.6015,0.0
0.7020,-0.6015,0.0
0.7020,-0.6015,0.0
0.7020,-0.6015,0.0
0.7020,-0.6015,0.0
0.7020,-0.6015,0.0
0.7020,-0.6015,0.0
0.7020,-0.6015,0.0
0.7020,-0.6015,0.0
0.7743,-0.7306,0.0
0.7743,-0.7306,0.0
0.7743,-0.7306,0.0
0.7743,-0.7306,0.0
0.7743,-0.7306,0.0
0.7743,-0.7306,0.0
0.7743,-0.7306,0.0
0.7743,-0.7306,0.0
0.7743,-0.7306,0.0
0.7951,-0.7964,0.0
0.7951,-0.7964,0.0
0.7951,-0.7964,0.0
0.7951,-0.7964,0.0
0.7951,-0.7964,0.0
0.7951,-0.7964,0.0
0.7951,-0.7964,0.0
0.7951,-0.7964,0.0
0.7951,-0.7964,0.0
0.7951,-0.7964,0.0
0.8076,-0.8589,0.0
0.8076,-0.8589,0.0
0.8076,-0.8589,0.0
0.8076,-0.8589,0.0
0.8076,-0.8589,0.0
0.8076,-0.8589,0.0
0.8076,-0.8589,0.0
0.8076,-0.8589,0.0
0.8076,-0.8589,0.0
0.7962,-0.8525,0.0
0.7962,-0.8525,0.0
0.7962,-0.8525,0.0
0.7962,-0.8525,0.0
0.7962,-0.8525,0.0
0.7962,-0.8525,0.0
0.7962,-0.8525,0.0
0.7962,-0.8525,0.0
0.7962,-0.8525,0.0
0.7962,-0.8525,0.0
0.8351,-0.9289,0.0
0.8351,-0.9289,0.0
0.8351,-0.9289,0.0
0.8351,-0.9289,0.0
0.8351,-0.9289,0.0
0.8351,-0.9289,0.0
0.8351,-0.9289,0.0
0.8351,-0.9289,0.0
0.8351,-0.9289,0.0
0.8836,-0.9866,0.0
0.8836,-0.9866,0.0
0.8836,-0.9866,0.0
0.8836,-0.9866,0.0
0.8836,-0.9866,0.0
0.8836,-0.9866,0.0
0.8836,-0.9866,0.0
0.8836,-0.9866,0.0
0.8836,-0.9866,0.0
0.9297,-1.0182,0.0
0.9297,-1.0182,0.0
0.9297,-1.0182,0.0
0.9297,-1.0182,0.0
0.9297,-1.0182,0.0
0.9297,-1.0182,0.0
0.9297,-1.0182,0.0
0.9297,-1.0182,0.0
0.9297,-1.0182,0.0
0.9527,-1.0705,0.0
0.9527,-1.0705,0.0
0.9527,-1.0705,0.0
0.9527,-1.0705,0.0
0.9527,-1.0705,0.0
0.9527,-1.0705,0.0
0.9527,-1.0705,0.0
0.9527,-1.0705,0.0
0.9527,-1.0705,0.0
0.9527,-1.0705,0.0
0.9757,-1.1404,0.0
0.9757,-1.1404,0.0
0.9757,-1.1404,0.0
0.9757,-1.1404,0.0
0.9757,-1.1404,0.0
0.9757,-1.1404,0.0
0.9757,-1.1404,0.0
0.9757,-1.1404,0.0
0.9757,-1.1404,0.0
0.9774,-1.2191,0.0
0.9774,-1.2191,0.0
0.9774,-1.2191,0.0
0.9774,-1.2191,0.0
0.9774,-1.2191,0.0
0.9774,-1.2191,0.0
0.9774,-1.2191,0.0
0.9774,-1.2191,0.0
0.9774,-1.2191,0.0
0.9774,-1.2191,0.0
0.9832,-1.3116,0.0
0.9832,-1.3116,0.0
0.9832,-1.3116,0.0
0.9832,-1.3116,0.0
0.9832,-1.3116,0.0
0.9832,-1.3116,0.0
0.9832,-1.3116,0.0
0.9832,-1.3116,0.0
0.9832,-1.3116,0.0
0.9854,-1.3928,0.0
0.9854,-1.3928,0.0
0.9854,-1.3928,0.0
0.9854,-1.3928,0.0
0.9854,-1.3928,0.0
0.9854,-1.3928,0.0
0.9854,-1.3928,0.0
0.9854,-1.3928,0.0
0.9854,-1.3928,0.0
0.9854,-1.3928,0.0
0.9871,-1.4259,0.0
0.9871,-1.4259,0.0
0.9871,-1.4259,0.0
0.9871,-1.4259,0.0
0.9871,-1.4259,0.0
0.9871,-1.4259,0.0
0.9871,-1.4259,0.0
0.9871,-1.4259,0.0
0.9871,-1.4259,0.0
0.9956,-1.4172,0.0
0.9956,-1.4172,0.0
0.9956,-1.4172,0.0
0.9956,-1.4172,0.0
0.9956,-1.4172,0.0
0.9956,-1.4172,0.0
0.9956,-1.4172,0.0
0.9956,-1.4172,0.0
0.9956,-1.4172,0.0
0.9956,-1.4172,0.0
1.0131,-1.4121,0.0
1.0131,-1.4121,0.0
1.0131,-1.4121,0.0
1.0131,-1.4121,0.0
1.0131,-1.4121,0.0
1.0131,-1.4121,0.0
1.0131,-1.4121,0.0
1.0131,-1.4121,0.0
1.0131,-1.4121,0.0
1.0131,-1.4121,0.0
1.0131,-1.4121,0.0
1.0131,-1.4121,0.0
1.0393,-1.4130,0.0
1.0393,-1.4130,0.0
1.0393,-1.4130,0.0
1.0393,-1.4130,0.0
1.0393,-1.4130,0.0
1.0393,-1.4130,0.0
1.0393,-1.4130,0.0
1.0393,-1.4130,0.0
1.0393,-1.4130,0.0
1.0817,-1.4223,0.0
1.0817,-1.4223,0.0
1.0817,-1.4223,0.0
1.0817,-1.4223,0.0
1.0817,-1.4223,0.0
1.0817,-1.4223,0.0
1.0817,-1.4223,0.0
1.0817,-1.4223,0.0
1.0817,-1.4223,0.0
1.0817,-1.4223,0.0
1.1410,-1.4349,0.0
1.1410,-1.4349,0.0
1.1410,-1.4349,0.0
1.1410,-1.4349,0.0
1.1410,-1.4349,0.0
1.1410,-1.4349,0.0
1.1410,-1.4349,0.0
1.1410,-1.4349,0.0
1.1410,-1.4349,0.0
1.2071,-1.4921,0.0
1.2071,-1.4921,0.0
1.2071,-1.4921,0.0
1.2071,-1.4921,0.0
1.2071,-1.4921,0.0
1.2071,-1.4921,0.0
1.2071,-1.4921,0.0
1.2071,-1.4921,0.0
1.2071,-1.4921,0.0
1.2071,-1.4921,0.0
1.2604,-1.5503,0.0
1.2604,-1.5503,0.0
1.2604,-1.5503,0.0
1.2604,-1.5503,0.0
1.2604,-1.5503,0.0
1.2604,-1.5503,0.0
1.2604,-1.5503,0.0
1.2604,-1.5503,0.0
1.2604,-1.5503,0.0
1.2604,-1.5503,0.0
1.2803,-1.6156,0.0
1.2803,-1.6156,0.0
1.2803,-1.6156,0.0
1.2803,-1.6156,0.0
1.2803,-1.6156,0.0
1.2803,-1.6156,0.0
1.2803,-1.6156,0.0
1.2803,-1.6156,0.0
1.2803,-1.6156,0.0
1.2803,-1.6156,0.0
1.2803,-1.6156,0.0
1.2803,-1.6156,0.0
1.2803,-1.6156,0.0
1.2858,-1.6671,0.0
1.2858,-1.6671,0.0
1.2858,-1.6671,0.0
1.2858,-1.6671,0.0
1.2858,-1.6671,0.0
1.2858,-1.6671,0.0
1.2858,-1.6671,0.0
1.2858,-1.6671,0.0
1.2858,-1.6671,0.0
1.2858,-1.6671,0.0
1.2792,-1.7069,0.0
1.2792,-1.7069,0.0
1.2792,-1.7069,0.0
1.2792,-1.7069,0.0
1.2792,-1.7069,0.0
1.2792,-1.7069,0.0
1.2792,-1.7069,0.0
1.2792,-1.7069,0.0
1.2792,-1.7069,0.0
1.2815,-1.7432,0.0
1.2815,-1.7432,0.0
1.2815,-1.7432,0.0
1.2815,-1.7432,0.0
1.2815,-1.7432,0.0
1.2815,-1.7432,0.0
1.2815,-1.7432,0.0
1.2815,-1.7432,0.0
1.2815,-1.7432,0.0
1.3029,-1.7693,0.0
1.3029,-1.7693,0.0
1.3029,-1.7693,0.0
1.3029,-1.7693,0.0
1.3029,-1.7693,0.0
1.3029,-1.7693,0.0
1.3029,-1.7693,0.0
1.3029,-1.7693,0.0
1.3029,-1.7693,0.0
1.3444,-1.8018,0.0
1.3444,-1.8018,0.0
1.3444,-1.8018,0.0
1.3444,-1.8018,0.0
1.3444,-1.8018,0.0
1.3444,-1.8018,0.0
1.3444,-1.8018,0.0
1.3444,-1.8018,0.0
1.3444,-1.8018,0.0
1.3444,-1.8018,0.0
1.3892,-1.8437,0.0
1.3892,-1.8437,0.0
1.3892,-1.8437,0.0
1.3892,-1.8437,0.0
1.3892,-1.8437,0.0
1.3892,-1.8437,0.0
1.3892,-1.8437,0.0
1.3892,-1.8437,0.0
1.3892,-1.8437,0.0
1.3892,-1.8437,0.0
1.4491,-1.8917,0.0
1.4491,-1.8917,0.0
1.4491,-1.8917,0.0
1.4491,-1.8917,0.0
1.4491,-1.8917,0.0
1.4491,-1.8917,0.0
1.4491,-1.8917,0.0
1.4491,-1.8917,0.0
1.4491,-1.8917,0.0
1.4491,-1.8917,0.0
1.5076,-1.9278,0.0
1.5076,-1.9278,0.0
1.5076,-1.9278,0.0
1.5076,-1.9278,0.0
1.5076,-1.9278,0.0
1.5076,-1.9278,0.0
1.5076,-1.9278,0.0
1.5076,-1.9278,0.0
1.5076,-1.9278,0.0
1.5076,-1.9278,0.0
1.5076,-1.9278,0.0
1.5076,-1.9278,0.0
1.5076,-1.9278,0.0
1.5767,-1.9651,0.0
1.5767,-1.9651,0.0
1.5767,-1.9651,0.0
1.5767,-1.9651,0.0
1.5767,-1.9651,0.0
1.5767,-1.9651,0.0
1.5767,-1.9651,0.0
1.5767,-1.9651,0.0
1.5767,-1.9651,0.0
1.6252,-2.0099,0.0
1.6252,-2.0099,0.0
1.6252,-2.0099,0.0
1.6252,-2.0099,0.0
1.6252,-2.0099,0.0
1.6252,-2.0099,0.0
1.6252,-2.0099,0.0
1.6252,-2.0099,0.0
1.6252,-2.0099,0.0
1.6252,-2.0099,0.0
1.6698,-2.0466,0.0
1.6698,-2.0466,0.0
1.6698,-2.0466,0.0
1.6698,-2.0466,0.0
1.6698,-2.0466,0.0
1.6698,-2.0466,0.0
1.6698,-2.0466,0.0
1.6698,-2.0466,0.0
1.6698,-2.0466,0.0
1.7159,-2.0782,0.0
1.7159,-2.0782,0.0
1.7159,-2.0782,0.0
1.7159,-2.0782,0.0
1.7159,-2.0782,0.0
1.7159,-2.0782,0.0
1.7159,-2.0782,0.0
1.7159,-2.0782,0.0
1.7159,-2.0782,0.0
1.7159,-2.0782,0.0
1.7159,-2.0782,0.0
1.8358,-2.1350,0.0
1.8358,-2.1350,0.0
1.8358,-2.1350,0.0
1.8358,-2.1350,0.0
1.8358,-2.1350,0.0
1.8358,-2.1350,0.0
1.8358,-2.1350,0.0
1.8358,-2.1350,0.0
1.8358,-2.1350,0.0
1.9025,-2.2016,0.0
1.9025,-2.2016,0.0
1.9025,-2.2016,0.0
1.9025,-2.2016,0.0
1.9025,-2.2016,0.0
1.9025,-2.2016,0.0
1.9025,-2.2016,0.0
1.9025,-2.2016,0.0
1.9025,-2.2016,0.0
1.8996,-2.2554,0.0
1.8996,-2.2554,0.0
1.8996,-2.2554,0.0
1.8996,-2.2554,0.0
1.8996,-2.2554,0.0
1.8996,-2.2554,0.0
1.8996,-2.2554,0.0
1.8996,-2.2554,0.0
1.8996,-2.2554,0.0
1.8996,-2.2554,0.0
1.8996,-2.2554,0.0
1.8996,-2.2554,0.0
1.8996,-2.2554,0.0
1.8996,-2.2554,0.0
1.8996,-2.2554,0.0
1.9147,-2.2912,0.0
1.9147,-2.2912,0.0
1.9147,-2.2912,0.0
1.9147,-2.2912,0.0
1.9147,-2.2912,0.0
1.9147,-2.2912,0.0
1.9147,-2.2912,0.0
1.9147,-2.2912,0.0
1.9225,-2.3405,0.0
1.9225,-2.3405,0.0
1.9225,-2.3405,0.0
1.9225,-2.3405,0.0
1.9225,-2.3405,0.0
1.9225,-2.3405,0.0
1.9225,-2.3405,0.0
1.9225,-2.3405,0.0
1.9225,-2.3405,0.0
1.9225,-2.3405,0.0
1.9153,-2.3665,0.0
1.9153,-2.3665,0.0
1.9153,-2.3665,0.0
1.9153,-2.3665,0.0
1.9153,-2.3665,0.0
1.9153,-2.3665,0.0
1.9153,-2.3665,0.0
1.9153,-2.3665,0.0
1.9153,-2.3665,0.0
1.9455,-2.3832,0.0
1.9455,-2.3832,0.0
1.9455,-2.3832,0.0
1.9455,-2.3832,0.0
1.9455,-2.3832,0.0
1.9455,-2.3832,0.0
1.9455,-2.3832,0.0
1.9455,-2.3832,0.0
1.9455,-2.3832,0.0
1.9785,-2.3979,0.0
1.9785,-2.3979,0.0
1.9785,-2.3979,0.0
1.9785,-2.3979,0.0
1.9785,-2.3979,0.0
1.9785,-2.3979,0.0
1.9785,-2.3979,0.0
1.9785,-2.3979,0.0
1.9785,-2.3979,0.0
1.9785,-2.3979,0.0
2.0076,-2.4300,0.0
2.0076,-2.4300,0.0
2.0076,-2.4300,0.0
2.0076,-2.4300,0.0
2.0076,-2.4300,0.0
2.0076,-2.4300,0.0
2.0076,-2.4300,0.0
2.0076,-2.4300,0.0
2.0076,-2.4300,0.0
2.0362,-2.4555,0.0
2.0362,-2.4555,0.0
2.0362,-2.4555,0.0
2.0362,-2.4555,0.0
2.0362,-2.4555,0.0
2.0362,-2.4555,0.0
2.0362,-2.4555,0.0
2.0362,-2.4555,0.0
2.0362,-2.4555,0.0
2.0362,-2.4555,0.0
2.0514,-2.4737,0.0
2.0514,-2.4737,0.0
2.0514,-2.4737,0.0
2.0514,-2.4737,0.0
2.0514,-2.4737,0.0
2.0514,-2.4737,0.0
2.0514,-2.4737,0.0
2.0514,-2.4737,0.0
2.0514,-2.4737,0.0
2.0514,-2.4737,0.0
2.0514,-2.4737,0.0
2.0514,-2.4737,0.0
2.0514,-2.4737,0.0
2.0514,-2.4737,0.0
2.0514,-2.4737,0.0
2.0514,-2.4737,0.0
2.0514,-2.4737,0.0
2.0514,-2.4737,0.0
2.1122,-2.5285,0.0
2.1122,-2.5285,0.0
2.1122,-2.5285,0.0
2.1122,-2.5285,0.0
2.1122,-2.5285,0.0
2.1122,-2.5285,0.0
2.1122,-2.5285,0.0
2.1122,-2.5285,0.0
2.1122,-2.5285,0.0
2.1122,-2.5285,0.0
2.1383,-2.5679,0.0
2.1383,-2.5679,0.0
2.1383,-2.5679,0.0
2.1383,-2.5679,0.0
2.1383,-2.5679,0.0
2.1383,-2.5679,0.0
2.1383,-2.5679,0.0
2.1383,-2.5679,0.0
2.1383,-2.5679,0.0
2.1552,-2.5967,0.0
2.1552,-2.5967,0.0
2.1552,-2.5967,0.0
2.1552,-2.5967,0.0
2.1552,-2.5967,0.0
2.1552,-2.5967,0.0
2.1552,-2.5967,0.0
2.1552,-2.5967,0.0
2.1552,-2.5967,0.0
2.1751,-2.6324,0.0
2.1751,-2.6324,0.0
2.1751,-2.6324,0.0
2.1751,-2.6324,0.0
2.1751,-2.6324,0.0
2.1751,-2.6324,0.0
2.1751,-2.6324,0.0
2.1751,-2.6324,0.0
2.1751,-2.6324,0.0
2.1751,-2.6324,0.0
2.1790,-2.6835,0.0
2.1790,-2.6835,0.0
2.1790,-2.6835,0.0
2.1790,-2.6835,0.0
2.1790,-2.6835,0.0
2.1790,-2.6835,0.0
2.1790,-2.6835,0.0
2.1790,-2.6835,0.0
2.1790,-2.6835,0.0
2.1720,-2.7295,0.0
2.1720,-2.7295,0.0
2.1720,-2.7295,0.0
2.1720,-2.7295,0.0
2.1720,-2.7295,0.0
2.1720,-2.7295,0.0
2.1720,-2.7295,0.0
2.1720,-2.7295,0.0
2.1720,-2.7295,0.0
2.1720,-2.7295,0.0
2.1361,-2.8059,0.0
2.1361,-2.8059,0.0
2.1361,-2.8059,0.0
2.1361,-2.8059,0.0
2.1361,-2.8059,0.0
2.1361,-2.8059,0.0
2.1361,-2.8059,0.0
2.1361,-2.8059,0.0
2.1361,-2.8059,0.0
2.1127,-2.8990,0.0
2.1127,-2.8990,0.0
2.1127,-2.8990,0.0
2.1127,-2.8990,0.0
2.1127,-2.8990,0.0
2.1127,-2.8990,0.0
2.1127,-2.8990,0.0
2.1127,-2.8990,0.0
2.1127,-2.8990,0.0
2.1170,-3.0305,0.0
2.1170,-3.0305,0.0
2.1170,-3.0305,0.0
2.1170,-3.0305,0.0
2.1170,-3.0305,0.0
2.1170,-3.0305,0.0
2.1170,-3.0305,0.0
2.1170,-3.0305,0.0
2.1170,-3.0305,0.0
2.1170,-3.0305,0.0
2.0901,-3.0724,0.0
2.0901,-3.0724,0.0
2.0901,-3.0724,0.0
2.0901,-3.0724,0.0
2.0901,-3.0724,0.0
2.0901,-3.0724,0.0
2.0901,-3.0724,0.0
2.0901,-3.0724,0.0
2.0901,-3.0724,0.0
2.1071,-3.0849,0.0
2.1071,-3.0849,0.0
2.1071,-3.0849,0.0
2.1071,-3.0849,0.0
2.1071,-3.0849,0.0
2.1071,-3.0849,0.0
2.1071,-3.0849,0.0
2.1071,-3.0849,0.0
2.1071,-3.0849,0.0
2.1129,-3.0931,0.0
2.1129,-3.0931,0.0
2.1129,-3.0931,0.0
2.1129,-3.0931,0.0
2.1129,-3.0931,0.0
2.1129,-3.0931,0.0
2.1129,-3.0931,0.0
2.1129,-3.0931,0.0
2.1129,-3.0931,0.0
2.1129,-3.0931,0.0
2.1129,-3.0931,0.0
2.1129,-3.0931,0.0
2.1129,-3.0931,0.0
2.1129,-3.0931,0.0
2.1082,-3.1598,0.0
2.1082,-3.1598,0.0
2.1082,-3.1598,0.0
2.1082,-3.1598,0.0
2.1082,-3.1598,0.0
2.1082,-3.1598,0.0
2.1082,-3.1598,0.0
2.1082,-3.1598,0.0
2.1082,-3.1598,0.0
2.1082,-3.1598,0.0
2.1188,-3.1585,0.0
2.1188,-3.1585,0.0
2.1188,-3.1585,0.0
2.1188,-3.1585,0.0
2.1188,-3.1585,0.0
2.1188,-3.1585,0.0
2.1188,-3.1585,0.0
2.1188,-3.1585,0.0
2.1188,-3.1585,0.0
2.1167,-3.1700,0.0
2.1167,-3.1700,0.0
2.1167,-3.1700,0.0
2.1167,-3.1700,0.0
2.1167,-3.1700,0.0
2.1167,-3.1700,0.0
2.1167,-3.1700,0.0
2.1167,-3.1700,0.0
2.1167,-3.1700,0.0
2.1167,-3.1700,0.0
2.1347,-3.1747,0.0
2.1347,-3.1747,0.0
2.1347,-3.1747,0.0
2.1347,-3.1747,0.0
2.1347,-3.1747,0.0
2.1347,-3.1747,0.0
2.1347,-3.1747,0.0
2.1347,-3.1747,0.0
2.1347,-3.1747,0.0
2.1519,-3.1830,0.0
2.1519,-3.1830,0.0
2.1519,-3.1830,0.0
2.1519,-3.1830,0.0
2.1519,-3.1830,0.0
2.1519,-3.1830,0.0
2.1519,-3.1830,0.0
2.1519,-3.1830,0.0
2.1519,-3.1830,0.0
2.1612,-3.1990,0.0
2.1612,-3.1990,0.0
2.1612,-3.1990,0.0
2.1612,-3.1990,0.0
2.1612,-3.1990,0.0
2.1612,-3.1990,0.0
2.1612,-3.1990,0.0
2.1612,-3.1990,0.0
2.1612,-3.1990,0.0
2.1612,-3.1990,0.0
2.1612,-3.1990,0.0
2.1612,-3.1990,0.0
2.1612,-3.1990,0.0
2.1435,-3.2526,0.0
2.1435,-3.2526,0.0
2.1435,-3.2526,0.0
2.1435,-3.2526,0.0
2.1435,-3.2526,0.0
2.1435,-3.2526,0.0
2.1435,-3.2526,0.0
2.1435,-3.2526,0.0
2.1435,-3.2526,0.0
2.1435,-3.2526,0.0
2.0950,-3.3990,0.0
2.0950,-3.3990,0.0
2.0950,-3.3990,0.0
2.0950,-3.3990,0.0
2.0950,-3.3990,0.0
2.0950,-3.3990,0.0
2.0950,-3.3990,0.0
2.0950,-3.3990,0.0
2.0950,-3.3990,0.0
2.0950,-3.3990,0.0
2.0436,-3.6633,0.0
2.0436,-3.6633,0.0
2.0436,-3.6633,0.0
2.0436,-3.6633,0.0
2.0436,-3.6633,0.0
2.0436,-3.6633,0.0
2.0436,-3.6633,0.0
2.0436,-3.6633,0.0
2.0436,-3.6633,0.0
2.0436,-3.6633,0.0
1.9566,-3.9465,0.0
1.9566,-3.9465,0.0
1.9566,-3.9465,0.0
1.9566,-3.9465,0.0
1.9566,-3.9465,0.0
1.9566,-3.9465,0.0
1.9566,-3.9465,0.0
1.9566,-3.9465,0.0
1.9566,-3.9465,0.0
1.9566,-3.9465,0.0
1.9566,-3.9465,0.0
1.9566,-3.9465,0.0
1.9566,-3.9465,0.0
1.9566,-3.9465,0.0
1.9566,-3.9465,0.0
1.9566,-3.9465,0.0
1.9566,-3.9465,0.0
1.9566,-3.9465,0.0
1.9566,-3.9465,0.0
1.9566,-3.9465,0.0
1.9566,-3.9465,0.0
1.9566,-3.9465,0.0
1.9618,-4.2000,0.0
1.9618,-4.2000,0.0
1.9618,-4.2000,0.0
1.9618,-4.2000,0.0
1.9618,-4.2000,0.0
1.9618,-4.2000,0.0
1.9618,-4.2000,0.0
1.9618,-4.2000,0.0
1.9618,-4.2000,0.0
1.9344,-4.2021,0.0
1.9344,-4.2021,0.0
1.9344,-4.2021,0.0
1.9344,-4.2021,0.0
1.9344,-4.2021,0.0
1.9344,-4.2021,0.0
1.9344,-4.2021,0.0
1.9344,-4.2021,0.0
1.9344,-4.2021,0.0
1.9344,-4.2021,0.0
1.9344,-4.2021,0.0
1.9344,-4.2021,0.0
1.9344,-4.2021,0.0
1.9344,-4.2021,0.0
1.9344,-4.2021,0.0
1.9344,-4.2021,0.0
1.9344,-4.2021,0.0
1.9344,-4.2021,0.0
1.9642,-4.2523,0.0
1.9642,-4.2523,0.0
1.9642,-4.2523,0.0
1.9642,-4.2523,0.0
1.9642,-4.2523,0.0
1.9642,-4.2523,0.0
1.9642,-4.2523,0.0
1.9642,-4.2523,0.0
1.9642,-4.2523,0.0
1.9543,-4.2786,0.0
1.9543,-4.2786,0.0
1.9543,-4.2786,0.0
1.9543,-4.2786,0.0
1.9543,-4.2786,0.0
1.9543,-4.2786,0.0
1.9543,-4.2786,0.0
1.9543,-4.2786,0.0
1.9543,-4.2786,0.0
1.9543,-4.2786,0.0
1.9504,-4.2962,0.0
1.9504,-4.2962,0.0
1.9504,-4.2962,0.0
1.9504,-4.2962,0.0
1.9504,-4.2962,0.0
1.9504,-4.2962,0.0
1.9504,-4.2962,0.0
1.9504,-4.2962,0.0
1.9504,-4.2962,0.0
1.9515,-4.3479,0.0
1.9515,-4.3479,0.0
1.9515,-4.3479,0.0
1.9515,-4.3479,0.0
1.9515,-4.3479,0.0
1.9515,-4.3479,0.0
1.9515,-4.3479,0.0
1.9515,-4.3479,0.0
1.9515,-4.3479,0.0
1.9422,-4.4039,0.0
1.9422,-4.4039,0.0
1.9422,-4.4039,0.0
1.9422,-4.4039,0.0
1.9422,-4.4039,0.0
1.9422,-4.4039,0.0
1.9422,-4.4039,0.0
1.9422,-4.4039,0.0
1.9422,-4.4039,0.0
1.9422,-4.4039,0.0
1.9301,-4.4585,0.0
1.9301,-4.4585,0.0
1.9301,-4.4585,0.0
1.9301,-4.4585,0.0
1.9301,-4.4585,0.0
1.9301,-4.4585,0.0
1.9301,-4.4585,0.0
1.9301,-4.4585,0.0
1.9301,-4.4585,0.0
1.9301,-4.4585,0.0
1.9332,-4.5277,0.0
1.9332,-4.5277,0.0
1.9332,-4.5277,0.0
1.9332,-4.5277,0.0
1.9332,-4.5277,0.0
1.9332,-4.5277,0.0
1.9332,-4.5277,0.0
1.9332,-4.5277,0.0
1.9332,-4.5277,0.0
1.9332,-4.5277,0.0
1.9094,-4.6305,0.0
1.9094,-4.6305,0.0
1.9094,-4.6305,0.0
1.9094,-4.6305,0.0
1.9094,-4.6305,0.0
1.9094,-4.6305,0.0
1.9094,-4.6305,0.0
1.9094,-4.6305,0.0
1.9094,-4.6305,0.0
1.9094,-4.6305,0.0
1.9094,-4.6305,0.0
1.9459,-4.7987,0.0
1.9459,-4.7987,0.0
1.9459,-4.7987,0.0
1.9459,-4.7987,0.0
1.9459,-4.7987,0.0
1.9459,-4.7987,0.0
1.9459,-4.7987,0.0
1.9459,-4.7987,0.0
1.9459,-4.7987,0.0
1.8985,-4.9513,0.0
1.8985,-4.9513,0.0
1.8985,-4.9513,0.0
1.8985,-4.9513,0.0
1.8985,-4.9513,0.0
1.8985,-4.9513,0.0
1.8985,-4.9513,0.0
1.8985,-4.9513,0.0
1.8985,-4.9513,0.0
1.8596,-5.0999,0.0
1.8596,-5.0999,0.0
1.8596,-5.0999,0.0
1.8596,-5.0999,0.0
1.8596,-5.0999,0.0
1.8596,-5.0999,0.0
1.8596,-5.0999,0.0
1.8596,-5.0999,0.0
1.8596,-5.0999,0.0
1.8596,-5.0999,0.0
1.7425,-5.4255,0.0
1.7425,-5.4255,0.0
1.7425,-5.4255,0.0
1.7425,-5.4255,0.0
1.7425,-5.4255,0.0
1.7425,-5.4255,0.0
1.7425,-5.4255,0.0
1.7425,-5.4255,0.0
1.7425,-5.4255,0.0
1.6524,-5.7891,0.0
1.6524,-5.7891,0.0
1.6524,-5.7891,0.0
1.6524,-5.7891,0.0
1.6524,-5.7891,0.0
1.6524,-5.7891,0.0
1.6524,-5.7891,0.0
1.6524,-5.7891,0.0
1.6524,-5.7891,0.0
1.5999,-6.1319,0.0
1.5999,-6.1319,0.0
1.5999,-6.1319,0.0
1.5999,-6.1319,0.0
1.5999,-6.1319,0.0
1.5999,-6.1319,0.0
1.5999,-6.1319,0.0
1.5999,-6.1319,0.0
1.5999,-6.1319,0.0
1.5999,-6.1319,0.0
1.5999,-6.1319,0.0
1.5999,-6.1319,0.0
1.5729,-6.2447,0.0
1.5729,-6.2447,0.0
1.5729,-6.2447,0.0
1.5729,-6.2447,0.0
1.5729,-6.2447,0.0
1.5729,-6.2447,0.0
1.5729,-6.2447,0.0
1.5240,-6.3450,0.0
1.5240,-6.3450,0.0
1.5240,-6.3450,0.0
1.5240,-6.3450,0.0
1.5240,-6.3450,0.0
1.5240,-6.3450,0.0
1.5240,-6.3450,0.0
1.5240,-6.3450,0.0
1.5240,-6.3450,0.0
1.5240,-6.3450,0.0
1.5117,-6.3639,0.0
1.5117,-6.3639,0.0
1.5117,-6.3639,0.0
1.5117,-6.3639,0.0
1.5117,-6.3639,0.0
1.5117,-6.3639,0.0
1.5117,-6.3639,0.0
1.5117,-6.3639,0.0
1.4998,-6.3967,0.0
1.4998,-6.3967,0.0
1.4998,-6.3967,0.0
1.4998,-6.3967,0.0
1.4998,-6.3967,0.0
1.4998,-6.3967,0.0
1.4998,-6.3967,0.0
1.4998,-6.3967,0.0
1.4998,-6.3967,0.0
1.4736,-6.4440,0.0
1.4736,-6.4440,0.0
1.4736,-6.4440,0.0
1.4736,-6.4440,0.0
1.4736,-6.4440,0.0
1.4736,-6.4440,0.0
1.4736,-6.4440,0.0
1.4736,-6.4440,0.0
1.4736,-6.4440,0.0
1.4736,-6.4440,0.0
1.4421,-6.4866,0.0
1.4421,-6.4866,0.0
1.4421,-6.4866,0.0
1.4421,-6.4866,0.0
1.4421,-6.4866,0.0
1.4421,-6.4866,0.0
1.4421,-6.4866,0.0
1.4421,-6.4866,0.0
1.4421,-6.4866,0.0
1.4421,-6.4866,0.0
1.4421,-6.4866,0.0
1.4079,-6.6151,0.0
1.4079,-6.6151,0.0
1.4079,-6.6151,0.0
1.4079,-6.6151,0.0
1.4079,-6.6151,0.0
1.4079,-6.6151,0.0
1.4079,-6.6151,0.0
1.4079,-6.6151,0.0
1.4022,-6.7138,0.0
1.4022,-6.7138,0.0
1.4022,-6.7138,0.0
1.4022,-6.7138,0.0
1.4022,-6.7138,0.0
1.4022,-6.7138,0.0
1.4022,-6.7138,0.0
1.4022,-6.7138,0.0
1.4022,-6.7138,0.0
1.4051,-6.7598,0.0
1.4051,-6.7598,0.0
1.4051,-6.7598,0.0
1.4051,-6.7598,0.0
1.4051,-6.7598,0.0
1.4051,-6.7598,0.0
1.4051,-6.7598,0.0
1.4051,-6.7598,0.0
1.4051,-6.7598,0.0
1.4051,-6.7598,0.0
1.3776,-6.8553,0.0
1.3776,-6.8553,0.0
1.3776,-6.8553,0.0
1.3776,-6.8553,0.0
1.3776,-6.8553,0.0
1.3776,-6.8553,0.0
1.3776,-6.8553,0.0
1.3776,-6.8553,0.0
1.3776,-6.8553,0.0
1.3776,-6.8553,0.0
1.3496,-6.9546,0.0
1.3496,-6.9546,0.0
1.3496,-6.9546,0.0
1.3496,-6.9546,0.0
1.3496,-6.9546,0.0
1.3496,-6.9546,0.0
1.3496,-6.9546,0.0
1.3496,-6.9546,0.0
1.3496,-6.9546,0.0
1.3292,-7.0239,0.0
1.3292,-7.0239,0.0
1.3292,-7.0239,0.0
1.3292,-7.0239,0.0
1.3292,-7.0239,0.0
1.3292,-7.0239,0.0
1.3292,-7.0239,0.0
1.3292,-7.0239,0.0
1.3292,-7.0239,0.0
1.3292,-7.0239,0.0
1.3292,-7.0239,0.0
1.3292,-7.0239,0.0
1.3550,-7.0930,0.0
1.3550,-7.0930,0.0
1.3550,-7.0930,0.0
1.3550,-7.0930,0.0
1.3550,-7.0930,0.0
1.3550,-7.0930,0.0
1.3550,-7.0930,0.0
1.3550,-7.0930,0.0
1.3550,-7.0930,0.0
1.3781,-7.1580,0.0
1.3781,-7.1580,0.0
1.3781,-7.1580,0.0
1.3781,-7.1580,0.0
1.3781,-7.1580,0.0
1.3781,-7.1580,0.0
1.3781,-7.1580,0.0
1.3781,-7.1580,0.0
1.3781,-7.1580,0.0
1.3831,-7.2225,0.0
1.3831,-7.2225,0.0
1.3831,-7.2225,0.0
1.3831,-7.2225,0.0
1.3831,-7.2225,0.0
1.3831,-7.2225,0.0
1.3831,-7.2225,0.0
1.3831,-7.2225,0.0
1.3831,-7.2225,0.0
1.3831,-7.2225,0.0
1.3847,-7.3207,0.0
1.3847,-7.3207,0.0
1.3847,-7.3207,0.0
1.3847,-7.3207,0.0
1.3847,-7.3207,0.0
1.3847,-7.3207,0.0
1.3847,-7.3207,0.0
1.3847,-7.3207,0.0
1.3847,-7.3207,0.0
1.3847,-7.3207,0.0
1.3847,-7.3207,0.0
1.3847,-7.3207,0.0
1.3847,-7.3207,0.0
1.3847,-7.3207,0.0
1.3847,-7.3207,0.0
1.3847,-7.3207,0.0
1.3847,-7.3207,0.0
1.3847,-7.3207,0.0
1.3847,-7.3207,0.0
1.3847,-7.3207,0.0
1.5950,-7.7320,0.0
1.5950,-7.7320,0.0
1.5950,-7.7320,0.0
1.5950,-7.7320,0.0
1.5950,-7.7320,0.0
1.5950,-7.7320,0.0
1.5950,-7.7320,0.0
1.5950,-7.7320,0.0
1.5950,-7.7320,0.0
1.5950,-7.7320,0.0
1.5950,-7.7320,0.0
1.5950,-7.7320,0.0
1.5950,-7.7320,0.0
1.5950,-7.7320,0.0
1.5950,-7.7320,0.0
1.5950,-7.7320,0.0
1.5950,-7.7320,0.0
1.5950,-7.7320,0.0
1.6920,-8.1441,0.0
1.6920,-8.1441,0.0
1.6920,-8.1441,0.0
1.6920,-8.1441,0.0
1.6920,-8.1441,0.0
1.6920,-8.1441,0.0
1.6920,-8.1441,0.0
1.6920,-8.1441,0.0
1.6920,-8.1441,0.0
1.6920,-8.1441,0.0
1.4638,-8.4270,0.0
1.4638,-8.4270,0.0
1.4638,-8.4270,0.0
1.4638,-8.4270,0.0
1.4638,-8.4270,0.0
1.4638,-8.4270,0.0
1.4638,-8.4270,0.0
1.4638,-8.4270,0.0
1.4638,-8.4270,0.0
1.4638,-8.4270,0.0
1.4381,-8.4763,0.0
1.4381,-8.4763,0.0
1.4381,-8.4763,0.0
1.4381,-8.4763,0.0
1.4381,-8.4763,0.0
1.4381,-8.4763,0.0
1.4381,-8.4763,0.0
1.4240,-8.5221,0.0
1.4240,-8.5221,0.0
1.4240,-8.5221,0.0
1.4240,-8.5221,0.0
1.4240,-8.5221,0.0
1.4240,-8.5221,0.0
1.4240,-8.5221,0.0
1.4240,-8.5221,0.0
1.4240,-8.5221,0.0
1.4240,-8.5221,0.0
1.4240,-8.5221,0.0
1.4240,-8.5221,0.0
1.4240,-8.5221,0.0
1.4240,-8.5221,0.0
1.4240,-8.5221,0.0
1.4240,-8.5221,0.0
1.4240,-8.5221,0.0
1.4240,-8.5221,0.0
1.4240,-8.5221,0.0
1.4362,-8.5570,0.0
1.4362,-8.5570,0.0
1.4362,-8.5570,0.0
1.4362,-8.5570,0.0
1.4362,-8.5570,0.0
1.4362,-8.5570,0.0
1.4362,-8.5570,0.0
1.4362,-8.5570,0.0
1.4362,-8.5570,0.0
1.4017,-8.5790,0.0
1.4017,-8.5790,0.0
1.4017,-8.5790,0.0
1.4017,-8.5790,0.0
1.4017,-8.5790,0.0
1.4017,-8.5790,0.0
1.4017,-8.5790,0.0
1.4017,-8.5790,0.0
1.4017,-8.5790,0.0
1.4017,-8.5790,0.0
1.3748,-8.5760,0.0
1.3748,-8.5760,0.0
1.3748,-8.5760,0.0
1.3748,-8.5760,0.0
1.3748,-8.5760,0.0
1.3748,-8.5760,0.0
1.3748,-8.5760,0.0
1.3748,-8.5760,0.0
1.3748,-8.5760,0.0
1.3459,-8.5879,0.0
1.3459,-8.5879,0.0
1.3459,-8.5879,0.0
1.3459,-8.5879,0.0
1.3459,-8.5879,0.0
1.3459,-8.5879,0.0
1.3459,-8.5879,0.0
1.3459,-8.5879,0.0
1.3459,-8.5879,0.0
1.3125,-8.5874,0.0
1.3125,-8.5874,0.0
1.3125,-8.5874,0.0
1.3125,-8.5874,0.0
1.3125,-8.5874,0.0
1.3125,-8.5874,0.0
1.3125,-8.5874,0.0
1.3125,-8.5874,0.0
1.3125,-8.5874,0.0
1.3125,-8.5874,0.0
1.3360,-8.5801,0.0
1.3360,-8.5801,0.0
1.3360,-8.5801,0.0
1.3360,-8.5801,0.0
1.3360,-8.5801,0.0
1.3360,-8.5801,0.0
1.3360,-8.5801,0.0
1.3360,-8.5801,0.0
1.3360,-8.5801,0.0
1.3417,-8.6007,0.0
1.3417,-8.6007,0.0
1.3417,-8.6007,0.0
1.3417,-8.6007,0.0
1.3417,-8.6007,0.0
1.3417,-8.6007,0.0
1.3417,-8.6007,0.0
1.3417,-8.6007,0.0
1.3417,-8.6007,0.0
1.3417,-8.6007,0.0
1.3312,-8.6509,0.0
1.3312,-8.6509,0.0
1.3312,-8.6509,0.0
1.3312,-8.6509,0.0
1.3312,-8.6509,0.0
1.3312,-8.6509,0.0
1.3312,-8.6509,0.0
1.3312,-8.6509,0.0
1.3312,-8.6509,0.0
1.3312,-8.6509,0.0
1.3312,-8.6509,0.0
1.2827,-8.8002,0.0
1.2827,-8.8002,0.0
1.2827,-8.8002,0.0
1.2827,-8.8002,0.0
1.2827,-8.8002,0.0
1.2827,-8.8002,0.0
1.2827,-8.8002,0.0
1.2827,-8.8002,0.0
1.2827,-8.8002,0.0
1.2329,-8.9267,0.0
1.2329,-8.9267,0.0
1.2329,-8.9267,0.0
1.2329,-8.9267,0.0
1.2329,-8.9267,0.0
1.2329,-8.9267,0.0
1.2329,-8.9267,0.0
1.2329,-8.9267,0.0
1.2329,-8.9267,0.0
1.2329,-8.9267,0.0
1.1710,-9.1644,0.0
1.1710,-9.1644,0.0
1.1710,-9.1644,0.0
1.1710,-9.1644,0.0
1.1710,-9.1644,0.0
1.1710,-9.1644,0.0
1.1710,-9.1644,0.0
1.1710,-9.1644,0.0
1.1710,-9.1644,0.0
1.1249,-9.2461,0.0
1.1249,-9.2461,0.0
1.1249,-9.2461,0.0
1.1249,-9.2461,0.0
1.1249,-9.2461,0.0
1.1249,-9.2461,0.0
1.1249,-9.2461,0.0
1.1249,-9.2461,0.0
1.1249,-9.2461,0.0
1.0963,-9.2503,0.0
1.0963,-9.2503,0.0
1.0963,-9.2503,0.0
1.0963,-9.2503,0.0
1.0963,-9.2503,0.0
1.0963,-9.2503,0.0
1.0963,-9.2503,0.0
1.0963,-9.2503,0.0
1.0963,-9.2503,0.0
1.0963,-9.2503,0.0
1.0802,-9.2461,0.0
1.0802,-9.2461,0.0
1.0802,-9.2461,0.0
1.0802,-9.2461,0.0
1.0802,-9.2461,0.0
1.0802,-9.2461,0.0
1.0802,-9.2461,0.0
1.0802,-9.2461,0.0
1.0802,-9.2461,0.0
1.0654,-9.2404,0.0
1.0654,-9.2404,0.0
1.0654,-9.2404,0.0
1.0654,-9.2404,0.0
1.0654,-9.2404,0.0
1.0654,-9.2404,0.0
1.0654,-9.2404,0.0
1.0654,-9.2404,0.0
1.0654,-9.2404,0.0
1.0654,-9.2404,0.0
1.0654,-9.2404,0.0
1.0310,-9.2529,0.0
1.0310,-9.2529,0.0
1.0310,-9.2529,0.0
1.0310,-9.2529,0.0
1.0310,-9.2529,0.0
1.0310,-9.2529,0.0
1.0310,-9.2529,0.0
0.9925,-9.2569,0.0
0.9925,-9.2569,0.0
0.9925,-9.2569,0.0
0.9925,-9.2569,0.0
0.9925,-9.2569,0.0
0.9925,-9.2569,0.0
0.9925,-9.2569,0.0
0.9925,-9.2569,0.0
0.9925,-9.2569,0.0
0.9925,-9.2569,0.0
0.9925,-9.2569,0.0
0.9601,-9.2663,0.0
0.9601,-9.2663,0.0
0.9601,-9.2663,0.0
0.9601,-9.2663,0.0
0.9601,-9.2663,0.0
0.9601,-9.2663,0.0
0.9601,-9.2663,0.0
0.9601,-9.2663,0.0
0.9145,-9.2697,0.0
0.9145,-9.2697,0.0
0.9145,-9.2697,0.0
0.9145,-9.2697,0.0
0.9145,-9.2697,0.0
0.9145,-9.2697,0.0
0.9145,-9.2697,0.0
0.9145,-9.2697,0.0
0.9145,-9.2697,0.0
0.9145,-9.2697,0.0
0.8611,-9.3033,0.0
0.8611,-9.3033,0.0
0.8611,-9.3033,0.0
0.8611,-9.3033,0.0
0.8611,-9.3033,0.0
0.8611,-9.3033,0.0
0.8611,-9.3033,0.0
0.8611,-9.3033,0.0
0.8611,-9.3033,0.0
0.8170,-9.3227,0.0
0.8170,-9.3227,0.0
0.8170,-9.3227,0.0
0.8170,-9.3227,0.0
0.8170,-9.3227,0.0
0.8170,-9.3227,0.0
0.8170,-9.3227,0.0
0.8170,-9.3227,0.0
0.8170,-9.3227,0.0
0.8170,-9.3227,0.0
0.8170,-9.3227,0.0
0.8170,-9.3227,0.0
0.7649,-9.4364,0.0
0.7649,-9.4364,0.0
0.7649,-9.4364,0.0
0.7649,-9.4364,0.0
0.7649,-9.4364,0.0
0.7649,-9.4364,0.0
0.7649,-9.4364,0.0
0.7649,-9.4364,0.0
0.7649,-9.4364,0.0
0.7764,-9.4996,0.0
0.7764,-9.4996,0.0
0.7764,-9.4996,0.0
0.7764,-9.4996,0.0
0.7764,-9.4996,0.0
0.7764,-9.4996,0.0
0.7764,-9.4996,0.0
0.7764,-9.4996,0.0
0.7764,-9.4996,0.0
0.7764,-9.4996,0.0
0.7764,-9.4996,0.0
0.7483,-9.5580,0.0
0.7483,-9.5580,0.0
0.7483,-9.5580,0.0
0.7483,-9.5580,0.0
0.7483,-9.5580,0.0
0.7483,-9.5580,0.0
0.7483,-9.5580,0.0
0.7483,-9.5580,0.0
0.7483,-9.5580,0.0
0.7483,-9.5580,0.0
0.7483,-9.5580,0.0
0.7483,-9.5580,0.0
0.7483,-9.5580,0.0
0.7483,-9.5580,0.0
0.7483,-9.5580,0.0
0.7483,-9.5580,0.0
0.7483,-9.5580,0.0
0.7483,-9.5580,0.0
0.6827,-10.0379,0.0
0.6827,-10.0379,0.0
0.6827,-10.0379,0.0
0.6827,-10.0379,0.0
0.6827,-10.0379,0.0
0.6827,-10.0379,0.0
0.6827,-10.0379,0.0
0.6827,-10.0379,0.0
0.6827,-10.0379,0.0
0.6827,-10.0379,0.0
0.6827,-10.0379,0.0
0.6172,-10.4544,0.0
0.6172,-10.4544,0.0
0.6172,-10.4544,0.0
0.6172,-10.4544,0.0
0.6172,-10.4544,0.0
0.6172,-10.4544,0.0
0.6172,-10.4544,0.0
0.6172,-10.4544,0.0
0.6172,-10.4544,0.0
0.5819,-10.8111,0.0
0.5819,-10.8111,0.0
0.5819,-10.8111,0.0
0.5819,-10.8111,0.0
0.5819,-10.8111,0.0
0.5819,-10.8111,0.0
0.5819,-10.8111,0.0
0.5819,-10.8111,0.0
0.5819,-10.8111,0.0
0.5819,-10.8111,0.0
0.4438,-11.1430,0.0
0.4438,-11.1430,0.0
0.4438,-11.1430,0.0
0.4438,-11.1430,0.0
0.4438,-11.1430,0.0
0.4438,-11.1430,0.0
0.4438,-11.1430,0.0
0.4438,-11.1430,0.0
0.4438,-11.1430,0.0
0.4438,-11.1430,0.0
0.4438,-11.1430,0.0
0.3531,-11.1527,0.0
0.3531,-11.1527,0.0
0.3531,-11.1527,0.0
0.3531,-11.1527,0.0
0.3531,-11.1527,0.0
0.3531,-11.1527,0.0
0.3531,-11.1527,0.0
0.3531,-11.1527,0.0
0.2152,-11.1702,0.0
0.2152,-11.1702,0.0
0.2152,-11.1702,0.0
0.2152,-11.1702,0.0
0.2152,-11.1702,0.0
0.2152,-11.1702,0.0
0.2152,-11.1702,0.0
0.2152,-11.1702,0.0
0.2152,-11.1702,0.0
0.2152,-11.1702,0.0
0.2152,-11.1702,0.0
0.2152,-11.1702,0.0
0.2152,-11.1702,0.0
0.1361,-11.2414,0.0
0.1361,-11.2414,0.0
0.1361,-11.2414,0.0
0.1361,-11.2414,0.0
0.1361,-11.2414,0.0
0.1361,-11.2414,0.0
0.1361,-11.2414,0.0
0.1361,-11.2414,0.0
0.1361,-11.2414,0.0
0.1361,-11.2414,0.0
0.1361,-11.2414,0.0
0.1361,-11.2414,0.0
0.1361,-11.2414,0.0
0.1361,-11.2414,0.0
0.1361,-11.2414,0.0
0.1361,-11.2414,0.0
0.1361,-11.2414,0.0
0.1361,-11.2414,0.0
0.1361,-11.2414,0.0
0.1361,-11.2414,0.0
0.1375,-11.2884,0.0
0.1375,-11.2884,0.0
0.1375,-11.2884,0.0
0.1375,-11.2884,0.0
0.1375,-11.2884,0.0
0.1375,-11.2884,0.0
0.1375,-11.2884,0.0
0.1375,-11.2884,0.0
0.1375,-11.2884,0.0
0.1375,-11.2884,0.0
0.1375,-11.2884,0.0
0.1375,-11.2884,0.0
0.0121,-11.3347,0.0
0.0121,-11.3347,0.0
0.0121,-11.3347,0.0
0.0121,-11.3347,0.0
0.0121,-11.3347,0.0
0.0121,-11.3347,0.0
0.0121,-11.3347,0.0
0.0121,-11.3347,0.0
0.0121,-11.3347,0.0
0.0121,-11.3347,0.0
0.0121,-11.3347,0.0
0.0121,-11.3347,0.0
0.0121,-11.3347,0.0
0.0121,-11.3347,0.0
0.0121,-11.3347,0.0
-0.0758,-11.4557,0.0
-0.0758,-11.4557,0.0
-0.0758,-11.4557,0.0
-0.0758,-11.4557,0.0
-0.0758,-11.4557,0.0
-0.0758,-11.4557,0.0
-0.0758,-11.4557,0.0
-0.0758,-11.4557,0.0
-0.0758,-11.4557,0.0
-0.0331,-11.5195,0.0
-0.0331,-11.5195,0.0
-0.0331,-11.5195,0.0
-0.0331,-11.5195,0.0
-0.0331,-11.5195,0.0
-0.0331,-11.5195,0.0
-0.0331,-11.5195,0.0
-0.0331,-11.5195,0.0
-0.0331,-11.5195,0.0
0.0754,-11.6156,0.0
0.0754,-11.6156,0.0
0.0754,-11.6156,0.0
0.0754,-11.6156,0.0
0.0754,-11.6156,0.0
0.0754,-11.6156,0.0
0.0754,-11.6156,0.0
0.0754,-11.6156,0.0
0.0729,-11.6665,0.0
0.0729,-11.6665,0.0
0.0729,-11.6665,0.0
0.0729,-11.6665,0.0
0.0729,-11.6665,0.0
0.0729,-11.6665,0.0
0.0729,-11.6665,0.0
0.0729,-11.6665,0.0
0.0729,-11.6665,0.0
0.0729,-11.6665,0.0
0.0196,-11.6678,0.0
0.0196,-11.6678,0.0
0.0196,-11.6678,0.0
0.0196,-11.6678,0.0
0.0196,-11.6678,0.0
0.0196,-11.6678,0.0
0.0196,-11.6678,0.0
0.0196,-11.6678,0.0
0.0196,-11.6678,0.0
0.0196,-11.6678,0.0
-0.1504,-11.7267,0.0
-0.1504,-11.7267,0.0
-0.1504,-11.7267,0.0
-0.1504,-11.7267,0.0
-0.1504,-11.7267,0.0
-0.1504,-11.7267,0.0
-0.1504,-11.7267,0.0
-0.1504,-11.7267,0.0
-0.1504,-11.7267,0.0
-0.2625,-11.7431,0.0
-0.2625,-11.7431,0.0
-0.2625,-11.7431,0.0
-0.2625,-11.7431,0.0
-0.2625,-11.7431,0.0
-0.2625,-11.7431,0.0
-0.2625,-11.7431,0.0
-0.2625,-11.7431,0.0
-0.2625,-11.7431,0.0
-0.2625,-11.7431,0.0
-0.2625,-11.7431,0.0
-0.2625,-11.7431,0.0
-0.2625,-11.7431,0.0
-0.2625,-11.7431,0.0
-0.2625,-11.7431,0.0
-0.2625,-11.7431,0.0
-0.2625,-11.7431,0.0
-0.2625,-11.7431,0.0
-0.2625,-11.7431,0.0
-0.2625,-11.7431,0.0
-0.2625,-11.7431,0.0
-0.2625,-11.7431,0.0
-0.2625,-11.7431,0.0
-0.2625,-11.7431,0.0
-0.2625,-11.7431,0.0
-0.2625,-11.7431,0.0
-0.2625,-11.7431,0.0
-0.2625,-11.7431,0.0
-0.2625,-11.7431,0.0
-0.2625,-11.7431,0.0
-0.2625,-11.7431,0.0
-0.2625,-11.7431,0.0
-0.2625,-11.7431,0.0
-0.2625,-11.7431,0.0
-0.2625,-11.7431,0.0
-0.2625,-11.7431,0.0
-0.2625,-11.7431,0.0
-0.2625,-11.7431,0.0
-0.2653,-11.7698,0.0
-0.2653,-11.7698,0.0
-0.2653,-11.7698,0.0
-0.2653,-11.7698,0.0
-0.2653,-11.7698,0.0
-0.2653,-11.7698,0.0
-0.2653,-11.7698,0.0
-0.2653,-11.7698,0.0
-0.2653,-11.7698,0.0
-0.2653,-11.7698,0.0
-0.2653,-11.7698,0.0
-0.2653,-11.7698,0.0
-0.2653,-11.7698,0.0
-0.2653,-11.7698,0.0
-0.3253,-11.7880,0.0
-0.3253,-11.7880,0.0
-0.3253,-11.7880,0.0
-0.3253,-11.7880,0.0
-0.3253,-11.7880,0.0
-0.3253,-11.7880,0.0
-0.3253,-11.7880,0.0
-0.3253,-11.7880,0.0
-0.3253,-11.7880,0.0
-0.3849,-11.8127,0.0
-0.3849,-11.8127,0.0
-0.3849,-11.8127,0.0
-0.3849,-11.8127,0.0
-0.3849,-11.8127,0.0
-0.3849,-11.8127,0.0
-0.3849,-11.8127,0.0
-0.3849,-11.8127,0.0
-0.3849,-11.8127,0.0
-0.3849,-11.8127,0.0
-0.3849,-11.8127,0.0
-0.3849,-11.8127,0.0
-0.3849,-11.8127,0.0
-0.3849,-11.8127,0.0
-0.3849,-11.8127,0.0
-0.3849,-11.8127,0.0
-0.3849,-11.8127,0.0
-0.3849,-11.8127,0.0
-0.3849,-11.8127,0.0
-0.4462,-11.8597,0.0
-0.4462,-11.8597,0.0
-0.4462,-11.8597,0.0
-0.4462,-11.8597,0.0
-0.4462,-11.8597,0.0
-0.4462,-11.8597,0.0
-0.4462,-11.8597,0.0
-0.4462,-11.8597,0.0
-0.4462,-11.8597,0.0
-0.4462,-11.8597,0.0
-0.5565,-11.8218,0.0
-0.5565,-11.8218,0.0
-0.5565,-11.8218,0.0
-0.5565,-11.8218,0.0
-0.5565,-11.8218,0.0
-0.5565,-11.8218,0.0
-0.5565,-11.8218,0.0
-0.5565,-11.8218,0.0
-0.5565,-11.8218,0.0
-0.6128,-11.8228,0.0
-0.6128,-11.8228,0.0
-0.6128,-11.8228,0.0
-0.6128,-11.8228,0.0
-0.6128,-11.8228,0.0
-0.6128,-11.8228,0.0
-0.6128,-11.8228,0.0
-0.6128,-11.8228,0.0
-0.6128,-11.8228,0.0
-0.6226,-11.8445,0.0
-0.6226,-11.8445,0.0
-0.6226,-11.8445,0.0
-0.6226,-11.8445,0.0
-0.6226,-11.8445,0.0
-0.6226,-11.8445,0.0
-0.6226,-11.8445,0.0
-0.6226,-11.8445,0.0
-0.6226,-11.8445,0.0
-0.6424,-11.8767,0.0
-0.6424,-11.8767,0.0
-0.6424,-11.8767,0.0
-0.6424,-11.8767,0.0
-0.6424,-11.8767,0.0
-0.6424,-11.8767,0.0
-0.6424,-11.8767,0.0
-0.6424,-11.8767,0.0
-0.6424,-11.8767,0.0
-0.6365,-11.9045,0.0
-0.6365,-11.9045,0.0
-0.6365,-11.9045,0.0
-0.6365,-11.9045,0.0
-0.6365,-11.9045,0.0
-0.6365,-11.9045,0.0
-0.6365,-11.9045,0.0
-0.6365,-11.9045,0.0
-0.6365,-11.9045,0.0
-0.6365,-11.9045,0.0
-0.6102,-11.9110,0.0
-0.6102,-11.9110,0.0
-0.6102,-11.9110,0.0
-0.6102,-11.9110,0.0
-0.6102,-11.9110,0.0
-0.6102,-11.9110,0.0
-0.6102,-11.9110,0.0
-0.6102,-11.9110,0.0
-0.6102,-11.9110,0.0
-0.6357,-11.9106,0.0
-0.6357,-11.9106,0.0
-0.6357,-11.9106,0.0
-0.6357,-11.9106,0.0
-0.6357,-11.9106,0.0
-0.6357,-11.9106,0.0
-0.6357,-11.9106,0.0
-0.6357,-11.9106,0.0
-0.6357,-11.9106,0.0
-0.6357,-11.9106,0.0
-0.6896,-11.9083,0.0
-0.6896,-11.9083,0.0
-0.6896,-11.9083,0.0
-0.6896,-11.9083,0.0
-0.6896,-11.9083,0.0
-0.6896,-11.9083,0.0
-0.6896,-11.9083,0.0
-0.6896,-11.9083,0.0
-0.6896,-11.9083,0.0
-0.7430,-11.9292,0.0
-0.7430,-11.9292,0.0
-0.7430,-11.9292,0.0
-0.7430,-11.9292,0.0
-0.7430,-11.9292,0.0
-0.7430,-11.9292,0.0
-0.7430,-11.9292,0.0
-0.7430,-11.9292,0.0
-0.7430,-11.9292,0.0
-0.7826,-11.9258,0.0
-0.7826,-11.9258,0.0
-0.7826,-11.9258,0.0
-0.7826,-11.9258,0.0
-0.7826,-11.9258,0.0
-0.7826,-11.9258,0.0
-0.7826,-11.9258,0.0
-0.7826,-11.9258,0.0
-0.7826,-11.9258,0.0
-0.7826,-11.9258,0.0
-0.8062,-11.9392,0.0
-0.8062,-11.9392,0.0
-0.8062,-11.9392,0.0
-0.8062,-11.9392,0.0
-0.8062,-11.9392,0.0
-0.8062,-11.9392,0.0
-0.8062,-11.9392,0.0
-0.8062,-11.9392,0.0
-0.8062,-11.9392,0.0
-0.8655,-11.9487,0.0
-0.8655,-11.9487,0.0
-0.8655,-11.9487,0.0
-0.8655,-11.9487,0.0
-0.8655,-11.9487,0.0
-0.8655,-11.9487,0.0
-0.8655,-11.9487,0.0
-0.8655,-11.9487,0.0
-0.8655,-11.9487,0.0
-0.9266,-11.9651,0.0
-0.9266,-11.9651,0.0
-0.9266,-11.9651,0.0
-0.9266,-11.9651,0.0
-0.9266,-11.9651,0.0
-0.9266,-11.9651,0.0
-0.9266,-11.9651,0.0
-0.9266,-11.9651,0.0
-0.9266,-11.9651,0.0
-0.9266,-11.9651,0.0
-1.0611,-11.9995,0.0
-1.0611,-11.9995,0.0
-1.0611,-11.9995,0.0
-1.0611,-11.9995,0.0
-1.0611,-11.9995,0.0
-1.0611,-11.9995,0.0
-1.0611,-11.9995,0.0
-1.0611,-11.9995,0.0
-1.0611,-11.9995,0.0
-1.0611,-11.9995,0.0
-1.2016,-11.9523,0.0
-1.2016,-11.9523,0.0
-1.2016,-11.9523,0.0
-1.2016,-11.9523,0.0
-1.2016,-11.9523,0.0
-1.2016,-11.9523,0.0
-1.2016,-11.9523,0.0
-1.2016,-11.9523,0.0
-1.2016,-11.9523,0.0
-1.2782,-11.8952,0.0
-1.2782,-11.8952,0.0
-1.2782,-11.8952,0.0
-1.2782,-11.8952,0.0
-1.2782,-11.8952,0.0
-1.2782,-11.8952,0.0
-1.2782,-11.8952,0.0
-1.2782,-11.8952,0.0
-1.2782,-11.8952,0.0
-1.3996,-11.8926,0.0
-1.3996,-11.8926,0.0
-1.3996,-11.8926,0.0
-1.3996,-11.8926,0.0
-1.3996,-11.8926,0.0
-1.3996,-11.8926,0.0
-1.3996,-11.8926,0.0
-1.3996,-11.8926,0.0
-1.3996,-11.8926,0.0
-1.4358,-11.8601,0.0
-1.4358,-11.8601,0.0
-1.4358,-11.8601,0.0
-1.4358,-11.8601,0.0
-1.4358,-11.8601,0.0
-1.4358,-11.8601,0.0
-1.4358,-11.8601,0.0
-1.4358,-11.8601,0.0
-1.4358,-11.8601,0.0
-1.4644,-11.8555,0.0
-1.4644,-11.8555,0.0
-1.4644,-11.8555,0.0
-1.4644,-11.8555,0.0
-1.4644,-11.8555,0.0
-1.4644,-11.8555,0.0
-1.4644,-11.8555,0.0
-1.4644,-11.8555,0.0
-1.4644,-11.8555,0.0
-1.4644,-11.8555,0.0
-1.4644,-11.8555,0.0
-1.4644,-11.8555,0.0
-1.4644,-11.8555,0.0
-1.4644,-11.8555,0.0
-1.4644,-11.8555,0.0
-1.4644,-11.8555,0.0
-1.4644,-11.8555,0.0
-1.4644,-11.8555,0.0
-1.4644,-11.8555,0.0
-1.4644,-11.8555,0.0
-1.4644,-11.8555,0.0
-1.4644,-11.8555,0.0
-1.4644,-11.8555,0.0
-1.4834,-11.8638,0.0
-1.4834,-11.8638,0.0
-1.4834,-11.8638,0.0
-1.4834,-11.8638,0.0
-1.4834,-11.8638,0.0
-1.4834,-11.8638,0.0
-1.4834,-11.8638,0.0
-1.4834,-11.8638,0.0
-1.4834,-11.8638,0.0
-1.4834,-11.8638,0.0
-1.5681,-11.8687,0.0
-1.5681,-11.8687,0.0
-1.5681,-11.8687,0.0
-1.5681,-11.8687,0.0
-1.5681,-11.8687,0.0
-1.5681,-11.8687,0.0
-1.5681,-11.8687,0.0
-1.5681,-11.8687,0.0
-1.5681,-11.8687,0.0
-1.6765,-11.8496,0.0
-1.6765,-11.8496,0.0
-1.6765,-11.8496,0.0
-1.6765,-11.8496,0.0
-1.6765,-11.8496,0.0
-1.6765,-11.8496,0.0
-1.6765,-11.8496,0.0
-1.6765,-11.8496,0.0
-1.6765,-11.8496,0.0
-1.7703,-11.8560,0.0
-1.7703,-11.8560,0.0
-1.7703,-11.8560,0.0
-1.7703,-11.8560,0.0
-1.7703,-11.8560,0.0
-1.7703,-11.8560,0.0
-1.7703,-11.8560,0.0
-1.7703,-11.8560,0.0
-1.7703,-11.8560,0.0
-1.8660,-11.9115,0.0
-1.8660,-11.9115,0.0
-1.8660,-11.9115,0.0
-1.8660,-11.9115,0.0
-1.8660,-11.9115,0.0
-1.8660,-11.9115,0.0
-1.8660,-11.9115,0.0
-1.8660,-11.9115,0.0
-1.8660,-11.9115,0.0
-1.9282,-11.9236,0.0
-1.9282,-11.9236,0.0
-1.9282,-11.9236,0.0
-1.9282,-11.9236,0.0
-1.9282,-11.9236,0.0
-1.9282,-11.9236,0.0
-1.9282,-11.9236,0.0
-1.9282,-11.9236,0.0
-1.9282,-11.9236,0.0
-1.9282,-11.9236,0.0
-1.9723,-11.9267,0.0
-1.9723,-11.9267,0.0
-1.9723,-11.9267,0.0
-1.9723,-11.9267,0.0
-1.9723,-11.9267,0.0
-1.9723,-11.9267,0.0
-1.9723,-11.9267,0.0
-1.9723,-11.9267,0.0
-1.9723,-11.9267,0.0
-1.9723,-11.9267,0.0
-1.9723,-11.9267,0.0
-2.0042,-11.9691,0.0
