t,gt_x,gt_y,kiss_x,kiss_y,ov_x,ov_y,ego_x,ego_y
0.000,0.3122,-0.0012,0.0820,0.0971,-0.2869,0.0031,0.0797,0.1095
0.022,0.3122,-0.0012,0.0820,0.0971,-0.2885,0.0030,0.0806,0.1108
0.044,0.3122,-0.0011,0.0725,0.0633,-0.2899,0.0034,0.0806,0.1108
0.066,0.3127,-0.0011,0.0725,0.0633,-0.2916,0.0033,0.0816,0.1122
0.088,0.3142,-0.0009,0.0725,0.0633,-0.2934,0.0032,0.0824,0.1134
0.110,0.3153,-0.0007,0.0725,0.0633,-0.2953,0.0030,0.0824,0.1134
0.132,0.3165,-0.0005,0.0725,0.0633,-0.2960,0.0028,0.0833,0.1148
0.154,0.3195,-0.0001,0.0725,0.0633,-0.2982,0.0025,0.0843,0.1161
0.176,0.3215,0.0002,0.0725,0.0633,-0.3006,0.0021,0.0843,0.1161
0.198,0.3234,0.0005,0.0725,0.0633,-0.3033,0.0018,0.0851,0.1174
0.220,0.3280,0.0010,0.0725,0.0633,-0.3063,0.0014,0.0860,0.1187
0.242,0.3306,0.0013,0.0533,0.0153,-0.3082,0.0007,0.0860,0.1187
0.264,0.3334,0.0016,0.0533,0.0153,-0.3117,0.0002,0.0518,0.0304
0.286,0.3402,0.0022,0.0533,0.0153,-0.3155,-0.0002,0.0522,0.0304
0.306,0.3437,0.0025,0.0533,0.0153,-0.3195,-0.0006,0.0522,0.0304
0.328,0.3475,0.0028,0.0533,0.0153,-0.3239,-0.0010,0.0526,0.0304
0.350,0.3551,0.0034,0.0533,0.0153,-0.3228,0.0011,0.0530,0.0304
0.372,0.3601,0.0038,0.0533,0.0153,-0.3298,0.0006,0.0530,0.0304
0.394,0.3653,0.0042,0.0533,0.0153,-0.3349,0.0002,0.0534,0.0305
0.416,0.3709,0.0046,0.0533,0.0153,-0.3402,-0.0002,0.0538,0.0305
0.438,0.3820,0.0053,0.0533,0.0153,-0.3456,-0.0012,0.0538,0.0305
0.460,0.3862,0.0056,0.0985,0.0074,-0.3515,-0.0017,0.0542,0.0305
0.482,0.3979,0.0064,0.0985,0.0074,-0.3609,-0.0025,0.0545,0.0306
0.504,0.4041,0.0069,0.0985,0.0074,-0.3676,-0.0031,0.0545,0.0306
0.524,0.4113,0.0074,0.0985,0.0074,-0.3745,-0.0038,0.0549,0.0306
0.546,0.4248,0.0084,0.0985,0.0074,-0.3844,-0.0068,0.0549,0.0306
0.568,0.4328,0.0089,0.0985,0.0074,-0.3921,-0.0076,0.0553,0.0306
0.588,0.4410,0.0095,0.0985,0.0074,-0.4000,-0.0084,0.0557,0.0306
0.610,0.4484,0.0101,0.0985,0.0074,-0.4082,-0.0092,0.0557,0.0306
0.632,0.4638,0.0113,0.1465,0.0085,-0.4247,-0.0124,0.0561,0.0307
0.654,0.4717,0.0120,0.1465,0.0085,-0.4335,-0.0134,0.1379,0.0300
0.676,0.4809,0.0127,0.1465,0.0085,-0.4428,-0.0144,0.1379,0.0300
0.698,0.4904,0.0135,0.1465,0.0085,-0.4523,-0.0155,0.1394,0.0300
0.720,0.5102,0.0152,0.1465,0.0085,-0.4622,-0.0166,0.1410,0.0300
0.742,0.5194,0.0160,0.1465,0.0085,-0.4813,-0.0167,0.1410,0.0300
0.764,0.5288,0.0169,0.1465,0.0085,-0.4922,-0.0180,0.1426,0.0300
0.786,0.5493,0.0188,0.1465,0.0085,-0.5032,-0.0193,0.1441,0.0300
0.806,0.5580,0.0196,0.1465,0.0085,-0.5146,-0.0207,0.1441,0.0300
0.828,0.5681,0.0206,0.1465,0.0085,-0.5262,-0.0222,0.1457,0.0301
0.850,0.5876,0.0226,0.1810,-0.0153,-0.5459,-0.0203,0.1473,0.0301
0.870,0.5995,0.0239,0.1810,-0.0153,-0.5649,-0.0225,0.1473,0.0301
0.892,0.6117,0.0251,0.1810,-0.0153,-0.5780,-0.0239,0.1488,0.0301
0.914,0.6354,0.0277,0.1810,-0.0153,-0.5913,-0.0255,0.1503,0.0301
0.936,0.6498,0.0293,0.1810,-0.0153,-0.6052,-0.0278,0.1503,0.0301
0.958,0.6615,0.0306,0.1810,-0.0153,-0.6191,-0.0295,0.1519,0.0301
0.980,0.6765,0.0323,0.1810,-0.0153,-0.6334,-0.0313,0.1534,0.0301
1.002,0.6995,0.0349,0.1810,-0.0153,-0.6554,-0.0340,0.1534,0.0301
1.024,0.7136,0.0366,0.1810,-0.0153,-0.6705,-0.0359,0.1550,0.0302
1.046,0.7263,0.0381,0.1810,-0.0153,-0.6885,-0.0395,0.1550,0.0302
1.068,0.7556,0.0416,0.1605,-0.0291,-0.7042,-0.0416,0.1566,0.0302
1.088,0.7705,0.0435,0.1605,-0.0291,-0.7202,-0.0437,0.1550,0.0001
1.110,0.7839,0.0452,0.1605,-0.0291,-0.7364,-0.0459,0.1550,0.0001
1.132,0.7992,0.0471,0.1605,-0.0291,-0.7612,-0.0482,0.1566,-0.0003
1.152,0.8250,0.0504,0.1605,-0.0291,-0.7779,-0.0505,0.1581,-0.0008
1.174,0.8407,0.0524,0.1605,-0.0291,-0.7949,-0.0528,0.1581,-0.0008
1.194,0.8565,0.0545,0.1605,-0.0291,-0.8120,-0.0552,0.1596,-0.0012
1.216,0.8725,0.0567,0.1605,-0.0291,-0.8293,-0.0577,0.1611,-0.0016
1.238,0.8885,0.0589,0.1605,-0.0291,-0.8496,-0.0600,0.1611,-0.0016
1.258,0.9174,0.0629,0.1375,-0.0625,-0.8673,-0.0626,0.1627,-0.0020
1.280,0.9337,0.0653,0.1375,-0.0625,-0.8851,-0.0652,0.1641,-0.0024
1.302,0.9502,0.0677,0.1375,-0.0625,-0.9121,-0.0694,0.1641,-0.0024
1.322,0.9649,0.0698,0.1375,-0.0625,-0.9303,-0.0722,0.1657,-0.0028
1.344,0.9946,0.0744,0.1375,-0.0625,-0.9486,-0.0758,0.1657,-0.0028
1.366,1.0114,0.0770,0.1375,-0.0625,-0.9671,-0.0788,0.1672,-0.0032
1.386,1.0282,0.0796,0.1375,-0.0625,-0.9855,-0.0818,0.1687,-0.0036
1.408,1.0601,0.0846,0.1375,-0.0625,-1.0040,-0.0849,0.1687,-0.0036
1.430,1.0732,0.0867,0.1375,-0.0625,-1.0226,-0.0880,0.1702,-0.0040
1.452,1.0883,0.0892,0.1400,-0.0655,-1.0501,-0.0927,0.1718,-0.0045
1.472,1.1203,0.0944,0.1400,-0.0655,-1.0687,-0.0960,0.1718,-0.0045
1.494,1.1374,0.0973,0.1400,-0.0655,-1.0874,-0.0993,0.1415,-0.0362
1.516,1.1544,0.1002,0.1400,-0.0655,-1.1062,-0.1026,0.1426,-0.0371
1.536,1.1696,0.1028,0.1400,-0.0655,-1.1239,-0.1093,0.1426,-0.0371
1.558,1.1848,0.1054,0.1400,-0.0655,-1.1427,-0.1128,0.1437,-0.0380
1.580,1.2191,0.1115,0.1400,-0.0655,-1.1616,-0.1164,0.1447,-0.0388
1.600,1.2343,0.1142,0.1400,-0.0655,-1.1805,-0.1200,0.1447,-0.0388
1.622,1.2496,0.1170,0.1400,-0.0655,-1.2088,-0.1256,0.1458,-0.0397
1.644,1.2821,0.1229,0.1400,-0.0655,-1.2280,-0.1274,0.1458,-0.0397
1.664,1.2974,0.1257,0.2014,-0.0818,-1.2470,-0.1311,0.1469,-0.0405
1.686,1.3146,0.1290,0.2014,-0.0818,-1.2660,-0.1350,0.1479,-0.0414
1.708,1.3300,0.1319,0.2014,-0.0818,-1.2851,-0.1389,0.1479,-0.0414
1.728,1.3626,0.1383,0.2014,-0.0818,-1.3042,-0.1428,0.1490,-0.0422
1.750,1.3780,0.1413,0.2014,-0.0818,-1.3206,-0.1488,0.1501,-0.0431
1.772,1.3953,0.1448,0.2014,-0.0818,-1.3492,-0.1550,0.1501,-0.0431
1.792,1.4126,0.1484,0.2014,-0.0818,-1.3680,-0.1592,0.1511,-0.0439
1.814,1.4453,0.1551,0.2014,-0.0818,-1.3869,-0.1635,0.1522,-0.0448
1.836,1.4606,0.1584,0.2014,-0.0818,-1.4042,-0.1706,0.1522,-0.0448
1.856,1.4779,0.1621,0.2014,-0.0818,-1.4231,-0.1751,0.1533,-0.0457
1.878,1.4952,0.1658,0.2014,-0.0818,-1.4419,-0.1795,0.1533,-0.0457
1.900,1.5124,0.1695,0.2014,-0.0818,-1.4701,-0.1864,0.1543,-0.0465
1.920,1.5450,0.1768,0.2014,-0.0818,-1.4795,-0.1887,0.1554,-0.0474
1.942,1.5603,0.1803,0.2014,-0.0818,-1.5072,-0.1893,0.1554,-0.0474
1.964,1.5890,0.1868,0.3868,-0.1111,-1.5260,-0.1939,0.1565,-0.0483
1.984,1.6081,0.1913,0.3868,-0.1111,-1.5447,-0.1986,0.3390,-0.0414
2.006,1.6234,0.1949,0.3868,-0.1111,-1.5635,-0.2033,0.3390,-0.0414
2.028,1.6367,0.1980,0.3868,-0.1111,-1.5849,-0.2115,0.3427,-0.0421
2.048,1.6673,0.2054,0.3868,-0.1111,-1.6037,-0.2165,0.3464,-0.0429
2.070,1.6844,0.2095,0.3868,-0.1111,-1.6321,-0.2241,0.3464,-0.0429
2.092,1.7016,0.2138,0.3868,-0.1111,-1.6510,-0.2292,0.3499,-0.0436
2.112,1.7303,0.2209,0.3868,-0.1111,-1.6699,-0.2343,0.3499,-0.0436
2.134,1.7455,0.2247,0.3868,-0.1111,-1.6876,-0.2376,0.3536,-0.0444
2.156,1.7608,0.2285,0.3868,-0.1111,-1.7065,-0.2428,0.3573,-0.0451
2.176,1.7760,0.2323,0.5057,-0.0303,-1.7253,-0.2480,0.3573,-0.0451
2.198,1.8083,0.2404,0.5057,-0.0303,-1.7442,-0.2532,0.3608,-0.0458
2.220,1.8235,0.2443,0.5057,-0.0303,-1.7631,-0.2584,0.3646,-0.0466
2.240,1.8539,0.2521,0.5057,-0.0303,-1.7879,-0.2636,0.3646,-0.0466
2.262,1.8711,0.2566,0.5057,-0.0303,-1.8165,-0.2717,0.3683,-0.0474
2.284,1.8863,0.2606,0.5057,-0.0303,-1.8356,-0.2772,0.3718,-0.0481
2.304,1.9015,0.2646,0.5057,-0.0303,-1.8547,-0.2827,0.3718,-0.0481
2.326,1.9318,0.2728,0.5057,-0.0303,-1.8738,-0.2883,0.3755,-0.0489
2.348,1.9470,0.2769,0.5057,-0.0303,-1.8898,-0.2927,0.3792,-0.0496
2.368,1.9621,0.2810,0.5915,-0.0112,-1.9088,-0.2983,0.3792,-0.0496
2.390,1.9924,0.2893,0.5915,-0.0112,-1.9278,-0.3040,0.5145,0.0913
2.412,2.0076,0.2935,0.5915,-0.0112,-1.9564,-0.3126,0.5145,0.0913
2.432,2.0246,0.2983,0.5915,-0.0112,-1.9829,-0.3174,0.5201,0.0926
2.454,2.0397,0.3025,0.5915,-0.0112,-2.0021,-0.3232,0.5257,0.0938
2.476,2.0737,0.3122,0.5915,-0.0112,-2.0213,-0.3291,0.5257,0.0938
2.496,2.0906,0.3172,0.5915,-0.0112,-2.0406,-0.3351,0.5310,0.0950
2.518,2.1057,0.3216,0.5915,-0.0112,-2.0598,-0.3412,0.5366,0.0963
2.540,2.1376,0.3313,0.5915,-0.0112,-2.0787,-0.3444,0.5366,0.0963
2.560,2.1526,0.3359,0.5915,-0.0112,-2.0979,-0.3507,0.5422,0.0976
2.582,2.1676,0.3406,0.5915,-0.0112,-2.1267,-0.3602,0.5475,0.0988
2.604,2.1844,0.3460,0.5915,-0.0112,-2.1459,-0.3666,0.5475,0.0988
2.624,2.1993,0.3508,0.5915,-0.0112,-2.1651,-0.3732,0.5531,0.1000
2.646,2.2310,0.3612,0.5915,-0.0112,-2.1785,-0.3806,0.5531,0.1000
2.668,2.2477,0.3668,0.5915,-0.0112,-2.1975,-0.3874,0.5587,0.1013
2.688,2.2644,0.3724,0.5915,-0.0112,-2.2165,-0.3943,0.5640,0.1025
2.710,2.2959,0.3832,0.5915,-0.0112,-2.2355,-0.4012,0.5640,0.1025
2.732,2.3107,0.3884,0.5915,-0.0112,-2.2601,-0.4113,0.5696,0.1038
2.752,2.3255,0.3936,0.5915,-0.0112,-2.2790,-0.4184,0.5752,0.1051
2.774,2.3384,0.3981,0.6028,-0.1208,-2.2980,-0.4256,0.5752,0.1051
2.796,2.3716,0.4100,0.6028,-0.1208,-2.3169,-0.4328,0.5497,-0.0084
2.816,2.3882,0.4159,0.6028,-0.1208,-2.3359,-0.4401,0.5548,-0.0088
2.838,2.4029,0.4213,0.6028,-0.1208,-2.3406,-0.4470,0.5548,-0.0088
2.860,2.4176,0.4267,0.6028,-0.1208,-2.3592,-0.4544,0.5600,-0.0091
2.880,2.4508,0.4390,0.6028,-0.1208,-2.3779,-0.4620,0.5649,-0.0095
2.902,2.4673,0.4452,0.6028,-0.1208,-2.4059,-0.4734,0.5649,-0.0095
2.924,2.4820,0.4508,0.6028,-0.1208,-2.4246,-0.4811,0.5700,-0.0098
2.944,2.4967,0.4564,0.6028,-0.1208,-2.4400,-0.4683,0.5700,-0.0098
2.966,2.5241,0.4671,0.5959,-0.1525,-2.4586,-0.4756,0.5752,-0.0102
2.988,2.5405,0.4735,0.5959,-0.1525,-2.4772,-0.4830,0.5801,-0.0106
3.008,2.5552,0.4793,0.5959,-0.1525,-2.4958,-0.4904,0.5801,-0.0106
3.030,2.5844,0.4909,0.5959,-0.1525,-2.5126,-0.4955,0.5852,-0.0109
3.052,2.5990,0.4967,0.5959,-0.1525,-2.5405,-0.5067,0.5904,-0.0113
3.072,2.6283,0.5085,0.5959,-0.1525,-2.5591,-0.5142,0.5904,-0.0113
3.094,2.6447,0.5152,0.5959,-0.1525,-2.5778,-0.5218,0.5953,-0.0117
3.116,2.6593,0.5212,0.5959,-0.1525,-2.5964,-0.5295,0.6005,-0.0120
3.136,2.6739,0.5272,0.5959,-0.1525,-2.6142,-0.5389,0.6005,-0.0120
3.158,2.7031,0.5393,0.6739,-0.0491,-2.6328,-0.5467,0.6056,-0.0124
3.180,2.7177,0.5454,0.6739,-0.0491,-2.6515,-0.5546,0.6023,0.0738
3.200,2.7341,0.5523,0.6739,-0.0491,-2.6701,-0.5625,0.6023,0.0738
3.222,2.7505,0.5593,0.6739,-0.0491,-2.6981,-0.5745,0.6074,0.0746
3.244,2.7778,0.5709,0.6739,-0.0491,-2.7150,-0.5832,0.6074,0.0746
3.264,2.7941,0.5780,0.6739,-0.0491,-2.7336,-0.5913,0.6124,0.0755
3.286,2.8105,0.5850,0.6739,-0.0491,-2.7522,-0.5994,0.6172,0.0763
3.308,2.8413,0.5984,0.6739,-0.0491,-2.7708,-0.6075,0.6172,0.0763
3.330,2.8558,0.6047,0.6739,-0.0491,-2.7893,-0.6157,0.6222,0.0772
3.350,2.8702,0.6110,0.6739,-0.0491,-2.8000,-0.6233,0.6273,0.0781
3.372,2.8992,0.6237,0.7762,0.0326,-2.8276,-0.6356,0.6273,0.0781
3.394,2.9154,0.6309,0.7762,0.0326,-2.8460,-0.6439,0.6320,0.0789
3.414,2.9298,0.6374,0.7762,0.0326,-2.8644,-0.6523,0.6371,0.0798
3.436,2.9442,0.6438,0.7762,0.0326,-2.8849,-0.6588,0.6371,0.0798
3.458,2.9730,0.6567,0.7762,0.0326,-2.9034,-0.6671,0.6421,0.0806
3.478,2.9891,0.6640,0.7762,0.0326,-2.9218,-0.6755,0.6421,0.0806
3.500,3.0035,0.6706,0.7762,0.0326,-2.9402,-0.6839,0.6469,0.0814
3.522,3.0303,0.6829,0.7762,0.0326,-2.9614,-0.6918,0.6519,0.0823
3.542,3.0464,0.6903,0.7762,0.0326,-2.9797,-0.7002,0.6519,0.0823
3.564,3.0625,0.6978,0.8293,0.0105,-2.9979,-0.7087,0.6570,0.0832
3.586,3.0910,0.7111,0.8293,0.0105,-3.0162,-0.7172,0.7341,0.1658
3.606,3.1052,0.7178,0.8293,0.0105,-3.0344,-0.7258,0.7341,0.1658
3.628,3.1195,0.7246,0.8293,0.0105,-3.0526,-0.7344,0.7402,0.1678
3.650,3.1337,0.7313,0.8293,0.0105,-3.0678,-0.7410,0.7463,0.1698
3.670,3.1655,0.7467,0.8293,0.0105,-3.0860,-0.7497,0.7463,0.1698
3.692,3.1815,0.7544,0.8293,0.0105,-3.1132,-0.7627,0.7520,0.1718
3.714,3.1974,0.7621,0.8293,0.0105,-3.1313,-0.7715,0.7581,0.1738
3.734,3.2115,0.7691,0.8293,0.0105,-3.1370,-0.7756,0.7581,0.1738
3.756,3.2396,0.7830,0.8818,-0.0065,-3.1549,-0.7844,0.7642,0.1758
3.778,3.2554,0.7909,0.8818,-0.0065,-3.1727,-0.7932,0.7642,0.1758
3.798,3.2712,0.7989,0.8818,-0.0065,-3.1905,-0.8021,0.7699,0.1778
3.820,3.2992,0.8131,0.8818,-0.0065,-3.2083,-0.8111,0.7760,0.1798
3.842,3.3149,0.8212,0.8818,-0.0065,-3.2383,-0.8288,0.7760,0.1798
3.862,3.3289,0.8284,0.8818,-0.0065,-3.2561,-0.8380,0.7821,0.1818
3.884,3.3446,0.8365,0.8818,-0.0065,-3.2739,-0.8473,0.7878,0.1838
3.906,3.3724,0.8511,0.8818,-0.0065,-3.2917,-0.8566,0.7878,0.1838
3.926,3.3863,0.8585,0.8818,-0.0065,-3.3022,-0.8620,0.7939,0.1858
3.948,3.4001,0.8659,0.8818,-0.0065,-3.3198,-0.8713,0.8000,0.1878
3.970,3.4278,0.8807,0.9415,-0.0253,-3.3461,-0.8854,0.8000,0.1878
3.990,3.4416,0.8882,0.9415,-0.0253,-3.3549,-0.8901,0.8493,0.1630
4.012,3.4554,0.8957,0.9415,-0.0253,-3.3812,-0.9043,0.8493,0.1630
4.034,3.4829,0.9109,0.9415,-0.0253,-3.3962,-0.9138,0.8560,0.1647
4.054,3.4966,0.9185,0.9415,-0.0253,-3.4136,-0.9234,0.8627,0.1663
4.076,3.5121,0.9272,0.9415,-0.0253,-3.4310,-0.9331,0.8627,0.1663
4.098,3.5275,0.9358,0.9415,-0.0253,-3.4484,-0.9429,0.8690,0.1679
4.118,3.5548,0.9514,0.9415,-0.0253,-3.4658,-0.9527,0.8758,0.1695
4.140,3.5702,0.9602,0.9415,-0.0253,-3.4869,-0.9714,0.8758,0.1695
4.162,3.5838,0.9681,0.9783,0.0057,-3.5129,-0.9866,0.8825,0.1712
4.182,3.5957,0.9750,0.9783,0.0057,-3.5303,-0.9968,0.8888,0.1727
4.204,3.6262,0.9929,0.9783,0.0057,-3.5475,-1.0071,0.8888,0.1727
4.226,3.6397,1.0009,0.9783,0.0057,-3.5601,-1.0152,0.8955,0.1744
4.246,3.6549,1.0100,0.9783,0.0057,-3.5772,-1.0255,0.8955,0.1744
4.268,3.6818,1.0263,0.9783,0.0057,-3.5943,-1.0360,0.9022,0.1761
4.290,3.6969,1.0355,0.9783,0.0057,-3.6114,-1.0465,0.9085,0.1776
4.310,3.7120,1.0449,0.9783,0.0057,-3.6284,-1.0572,0.9085,0.1776
4.332,3.7253,1.0532,0.9783,0.0057,-3.6501,-1.0759,0.9152,0.1793
4.356,3.7535,1.0712,0.9783,0.0057,-3.6669,-1.0868,0.9220,0.1809
4.378,3.7667,1.0798,1.0133,-0.0332,-3.6836,-1.0979,0.9220,0.1809
4.400,3.7799,1.0884,1.0133,-0.0332,-3.7002,-1.1091,0.9208,0.1763
4.420,3.8078,1.1069,1.0133,-0.0332,-3.7168,-1.1203,0.9274,0.1778
4.442,3.8224,1.1168,1.0133,-0.0332,-3.7369,-1.1343,0.9274,0.1778
4.464,3.8371,1.1268,1.0133,-0.0332,-3.7533,-1.1456,0.9340,0.1794
4.484,3.8517,1.1368,1.0133,-0.0332,-3.7696,-1.1571,0.9403,0.1809
4.506,3.8775,1.1547,1.0133,-0.0332,-3.7858,-1.1686,0.9403,0.1809
4.528,3.8904,1.1638,1.0133,-0.0332,-3.8009,-1.1791,0.9469,0.1825
4.548,3.9032,1.1728,1.0133,-0.0332,-3.8170,-1.1907,0.9535,0.1840
4.570,3.9160,1.1819,1.0266,-0.0805,-3.8330,-1.2026,0.9535,0.1840
4.592,3.9448,1.2025,1.0266,-0.0805,-3.8568,-1.2206,0.9597,0.1855
4.612,3.9576,1.2117,1.0266,-0.0805,-3.8726,-1.2327,0.9597,0.1855
4.634,3.9704,1.2210,1.0266,-0.0805,-3.8872,-1.2443,0.9663,0.1871
4.656,3.9847,1.2314,1.0266,-0.0805,-3.9030,-1.2565,0.9729,0.1886
4.676,4.0133,1.2524,1.0266,-0.0805,-3.9186,-1.2688,0.9729,0.1886
4.698,4.0260,1.2618,1.0266,-0.0805,-3.9343,-1.2811,0.9791,0.1901
4.720,4.0386,1.2712,1.0266,-0.0805,-3.9500,-1.2935,0.9857,0.1917
4.740,4.0655,1.2913,1.0266,-0.0805,-3.9621,-1.3078,0.9857,0.1917
4.762,4.0781,1.3008,1.0292,-0.0421,-3.9853,-1.3266,0.9923,0.1932
4.784,4.0907,1.3103,1.0292,-0.0421,-4.0008,-1.3393,0.9421,0.1737
4.804,4.1033,1.3199,1.0292,-0.0421,-4.0162,-1.3520,0.9421,0.1737
4.826,4.1300,1.3404,1.0292,-0.0421,-4.0388,-1.3586,0.9479,0.1750
4.848,4.1426,1.3501,1.0292,-0.0421,-4.0543,-1.3712,0.9537,0.1762
4.868,4.1567,1.3610,1.0292,-0.0421,-4.0698,-1.3839,0.9537,0.1762
4.890,4.1817,1.3807,1.0292,-0.0421,-4.0853,-1.3967,0.9591,0.1774
4.912,4.1942,1.3906,1.0292,-0.0421,-4.1084,-1.4160,0.9591,0.1774
4.932,4.2067,1.4005,1.0292,-0.0421,-4.1214,-1.4258,0.9649,0.1787
4.954,4.2191,1.4104,1.0292,-0.0421,-4.1367,-1.4387,0.9707,0.1799
4.976,4.2470,1.4330,1.0618,0.0176,-4.1519,-1.4517,0.9707,0.1799
4.996,4.2594,1.4431,1.0618,0.0176,-4.1672,-1.4647,0.9762,0.1811
5.018,4.2718,1.4532,1.0618,0.0176,-4.1824,-1.4778,0.9820,0.1824
5.040,4.2964,1.4736,1.0618,0.0176,-4.2015,-1.4937,0.9820,0.1824
5.060,4.3088,1.4838,1.0618,0.0176,-4.2243,-1.5136,0.9878,0.1837
5.082,4.3226,1.4953,1.0618,0.0176,-4.2395,-1.5270,0.9932,0.1849
5.104,4.3348,1.5056,1.0618,0.0176,-4.2546,-1.5404,0.9932,0.1849
5.124,4.3593,1.5263,1.0618,0.0176,-4.2675,-1.5502,0.9990,0.1861
5.146,4.3715,1.5367,1.0618,0.0176,-4.2825,-1.5636,0.9990,0.1861
5.168,4.3973,1.5588,1.0929,0.0696,-4.2975,-1.5771,1.0048,0.1874
5.188,4.4094,1.5692,1.0929,0.0696,-4.3124,-1.5905,0.9725,0.2926
5.210,4.4215,1.5797,1.0929,0.0696,-4.3273,-1.6040,0.9725,0.2926
5.232,4.4336,1.5902,1.0929,0.0696,-4.3464,-1.6220,0.9777,0.2953
5.252,4.4471,1.6020,1.0929,0.0696,-4.3612,-1.6355,0.9830,0.2981
5.274,4.4741,1.6257,1.0929,0.0696,-4.3760,-1.6491,0.9830,0.2981
5.296,4.4861,1.6363,1.0929,0.0696,-4.3907,-1.6627,0.9879,0.3007
5.316,4.4980,1.6469,1.0929,0.0696,-4.4053,-1.6764,0.9932,0.3034
5.338,4.5216,1.6682,1.0929,0.0696,-4.4191,-1.6876,0.9932,0.3034
5.360,4.5348,1.6802,1.1561,0.1387,-4.4336,-1.7012,0.9984,0.3062
5.380,4.5450,1.6896,1.1561,0.1387,-4.4480,-1.7149,1.0034,0.3088
5.402,4.5698,1.7123,1.1561,0.1387,-4.4695,-1.7355,1.0034,0.3088
5.424,4.5799,1.7218,1.1561,0.1387,-4.4838,-1.7439,1.0086,0.3115
5.444,4.5915,1.7325,1.1561,0.1387,-4.4980,-1.7575,1.0086,0.3115
5.466,4.6160,1.7554,1.1561,0.1387,-4.5123,-1.7712,1.0139,0.3143
5.488,4.6290,1.7675,1.1561,0.1387,-4.5265,-1.7849,1.0188,0.3169
5.508,4.6405,1.7783,1.1561,0.1387,-4.5406,-1.7985,1.0188,0.3169
5.530,4.6519,1.7891,1.1561,0.1387,-4.5686,-1.8058,1.0241,0.3196
5.552,4.6778,1.8134,1.1561,0.1387,-4.5902,-1.8262,1.0293,0.3224
5.572,4.6878,1.8229,1.2337,0.1809,-4.6047,-1.8399,1.0293,0.3224
5.594,4.7007,1.8351,1.2337,0.1809,-4.6191,-1.8535,1.0704,0.4341
5.616,4.7221,1.8555,1.2337,0.1809,-4.6336,-1.8672,1.0762,0.4385
5.636,4.7350,1.8678,1.2337,0.1809,-4.6518,-1.8817,1.0762,0.4385
5.658,4.7478,1.8801,1.2337,0.1809,-4.6662,-1.8955,1.0820,0.4428
5.680,4.7606,1.8925,1.2337,0.1809,-4.6807,-1.9093,1.0874,0.4469
5.700,4.7833,1.9145,1.2337,0.1809,-4.6951,-1.9231,1.0874,0.4469
5.722,4.7933,1.9241,1.2337,0.1809,-4.7101,-1.9365,1.0932,0.4512
5.744,4.8159,1.9462,1.2337,0.1809,-4.7243,-1.9503,1.0932,0.4512
5.764,4.8258,1.9559,1.3323,0.2307,-4.7386,-1.9641,1.0990,0.4555
5.786,4.8385,1.9685,1.3323,0.2307,-4.7528,-1.9779,1.1044,0.4596
5.808,4.8497,1.9796,1.3323,0.2307,-4.7670,-1.9918,1.1044,0.4596
5.828,4.8722,2.0020,1.3323,0.2307,-4.7747,-1.9986,1.1102,0.4639
5.850,4.8848,2.0146,1.3323,0.2307,-4.7888,-2.0124,1.1159,0.4683
5.872,4.8960,2.0259,1.3323,0.2307,-4.8098,-2.0332,1.1159,0.4683
5.892,4.9072,2.0371,1.3323,0.2307,-4.8238,-2.0471,1.1214,0.4723
5.914,4.9308,2.0612,1.3323,0.2307,-4.8377,-2.0611,1.1271,0.4767
5.936,4.9419,2.0725,1.3323,0.2307,-4.8493,-2.0695,1.1271,0.4767
5.956,4.9544,2.0853,1.3323,0.2307,-4.8631,-2.0834,1.1329,0.4810
5.978,4.9764,2.1082,1.4277,0.2509,-4.8769,-2.0973,1.1329,0.4810
6.000,4.9888,2.1210,1.4277,0.2509,-4.8907,-2.1113,1.2265,0.5569
6.022,4.9998,2.1325,1.4277,0.2509,-4.9103,-2.1288,1.2335,0.5623
6.042,5.0216,2.1555,1.4277,0.2509,-4.9171,-2.1358,1.2335,0.5623
6.064,5.0325,2.1670,1.4277,0.2509,-4.9374,-2.1568,1.2406,0.5677
6.086,5.0447,2.1800,1.4277,0.2509,-4.9510,-2.1709,1.2472,0.5727
6.106,5.0569,2.1931,1.4277,0.2509,-4.9644,-2.1850,1.2472,0.5727
6.128,5.0784,2.2163,1.4277,0.2509,-4.9794,-2.1987,1.2543,0.5781
6.150,5.0905,2.2294,1.4277,0.2509,-4.9929,-2.2129,1.2613,0.5835
6.170,5.0999,2.2396,1.5320,0.2617,-5.0062,-2.2270,1.2613,0.5835
6.192,5.1225,2.2645,1.5320,0.2617,-5.0262,-2.2483,1.2679,0.5885
6.214,5.1331,2.2763,1.5320,0.2617,-5.0395,-2.2625,1.2750,0.5939
6.234,5.1437,2.2880,1.5320,0.2617,-5.0536,-2.2780,1.2750,0.5939
6.256,5.1556,2.3013,1.5320,0.2617,-5.0667,-2.2923,1.2820,0.5993
6.278,5.1792,2.3279,1.5320,0.2617,-5.0799,-2.3066,1.2820,0.5993
6.298,5.1910,2.3413,1.5320,0.2617,-5.0930,-2.3210,1.2887,0.6043
6.320,5.2027,2.3547,1.5320,0.2617,-5.1060,-2.3354,1.2957,0.6097
6.342,5.2131,2.3667,1.5320,0.2617,-5.1315,-2.3615,1.2957,0.6097
6.362,5.2337,2.3908,1.6295,0.2741,-5.1445,-2.3761,1.3028,0.6150
6.384,5.2452,2.4045,1.6295,0.2741,-5.1574,-2.3909,1.4028,0.6441
6.406,5.2554,2.4166,1.6295,0.2741,-5.1703,-2.4057,1.4028,0.6441
6.426,5.2656,2.4288,1.6295,0.2741,-5.1840,-2.4247,1.4112,0.6498
6.448,5.2872,2.4549,1.6295,0.2741,-5.1965,-2.4399,1.4196,0.6555
6.470,5.2972,2.4672,1.6295,0.2741,-5.2090,-2.4551,1.4196,0.6555
6.490,5.3085,2.4811,1.6295,0.2741,-5.2213,-2.4704,1.4275,0.6609
6.512,5.3185,2.4935,1.6295,0.2741,-5.2397,-2.4934,1.4275,0.6609
6.534,5.3394,2.5200,1.6295,0.2741,-5.2513,-2.5068,1.4359,0.6666
6.554,5.3492,2.5326,1.6295,0.2741,-5.2633,-2.5222,1.4442,0.6723
6.576,5.3577,2.5435,1.6430,0.2627,-5.2752,-2.5377,1.4442,0.6723
6.598,5.3782,2.5703,1.6430,0.2627,-5.2871,-2.5532,1.4522,0.6777
6.618,5.3878,2.5830,1.6430,0.2627,-5.2989,-2.5688,1.4605,0.6834
6.640,5.4068,2.6084,1.6430,0.2627,-5.3112,-2.5778,1.4605,0.6834
6.662,5.4163,2.6211,1.6430,0.2627,-5.3285,-2.6011,1.4689,0.6892
6.682,5.4268,2.6355,1.6430,0.2627,-5.3400,-2.6167,1.4769,0.6945
6.704,5.4373,2.6498,1.6430,0.2627,-5.3515,-2.6324,1.4769,0.6945
6.726,5.4559,2.6755,1.6430,0.2627,-5.3640,-2.6486,1.4852,0.7002
6.746,5.4651,2.6884,1.6430,0.2627,-5.3753,-2.6643,1.4852,0.7002
6.768,5.4743,2.7013,1.6692,0.2208,-5.3865,-2.6800,1.4936,0.7060
6.790,5.4815,2.7059,1.6692,0.2208,-5.3975,-2.6959,1.4610,0.6141
6.810,5.4826,2.7051,1.6692,0.2208,-5.4081,-2.7122,1.4610,0.6141
6.832,5.4846,2.7036,1.6692,0.2208,-5.4206,-2.7347,1.4688,0.6184
6.854,5.4854,2.7030,1.6692,0.2208,-5.4301,-2.7517,1.4766,0.6227
6.874,5.4864,2.7022,1.6692,0.2208,-5.4392,-2.7689,1.4766,0.6227
6.896,5.4866,2.7020,1.6692,0.2208,-5.4481,-2.7863,1.4840,0.6268
6.918,5.4867,2.7018,1.6692,0.2208,-5.4567,-2.8039,1.4918,0.6311
6.938,5.4866,2.7018,1.6692,0.2208,-5.4667,-2.8206,1.4918,0.6311
6.960,5.4861,2.7021,1.7388,0.3202,-5.4749,-2.8384,1.4996,0.6354
6.982,5.4857,2.7023,1.7388,0.3202,-5.4870,-2.8653,1.5070,0.6395
7.002,5.4851,2.7026,1.7388,0.3202,-5.4948,-2.8833,1.5070,0.6395
7.024,5.4839,2.7033,1.7388,0.3202,-5.5026,-2.9014,1.5148,0.6438
7.046,5.4832,2.7037,1.7388,0.3202,-5.5103,-2.9195,1.5148,0.6438
7.066,5.4824,2.7041,1.7388,0.3202,-5.5179,-2.9377,1.5226,0.6481
7.088,5.4815,2.7046,1.7388,0.3202,-5.5255,-2.9559,1.5299,0.6521
7.110,5.4798,2.7056,1.7388,0.3202,-5.5330,-2.9742,1.5299,0.6521
7.130,5.4788,2.7062,1.7388,0.3202,-5.5397,-2.9927,1.5377,0.6564
7.152,5.4779,2.7067,1.7388,0.3202,-5.5508,-3.0202,1.5455,0.6607
7.174,5.4757,2.7081,1.7388,0.3202,-5.5581,-3.0386,1.5455,0.6607
7.194,5.4747,2.7087,1.7388,0.3202,-5.5655,-3.0569,1.5529,0.6648
7.216,5.4738,2.7093,1.7388,0.3202,-5.5728,-3.0753,1.5607,0.6691
7.238,5.4718,2.7107,1.7388,0.3202,-5.5801,-3.0937,1.5607,0.6691
7.258,5.4707,2.7114,1.7388,0.3202,-5.5873,-3.1122,1.5685,0.6734
7.280,5.4697,2.7121,1.7388,0.3202,-5.5946,-3.1306,1.5759,0.6774
7.302,5.4674,2.7137,1.7388,0.3202,-5.6055,-3.1583,1.5759,0.6774
7.322,5.4664,2.7144,1.7388,0.3202,-5.6127,-3.1765,1.5837,0.6817
7.344,5.4652,2.7153,1.7388,0.3202,-5.6199,-3.1950,1.5837,0.6817
7.366,5.4639,2.7162,1.7388,0.3202,-5.6272,-3.2135,1.5915,0.6860
7.386,5.4627,2.7171,1.7388,0.3202,-5.6344,-3.2320,1.5988,0.6901
7.408,5.4606,2.7187,1.7388,0.3202,-5.6417,-3.2505,1.5988,0.6901
7.430,5.4596,2.7194,1.7388,0.3202,-5.6525,-3.2783,1.6066,0.6944
7.450,5.4578,2.7209,1.7766,0.4967,-5.6562,-3.2875,1.5534,0.8311
7.472,5.4566,2.7218,1.7766,0.4967,-5.6670,-3.3153,1.5534,0.8311
7.494,5.4554,2.7228,1.7766,0.4967,-5.6743,-3.3339,1.5600,0.8369
7.514,5.4532,2.7245,1.7766,0.4967,-5.6816,-3.3524,1.5669,0.8431
7.536,5.4522,2.7254,1.7766,0.4967,-5.6884,-3.3707,1.5669,0.8431
7.558,5.4511,2.7263,1.7766,0.4967,-5.6957,-3.3893,1.5738,0.8493
7.578,5.4500,2.7273,1.7766,0.4967,-5.7030,-3.4078,1.5738,0.8493
7.600,5.4476,2.7294,1.7766,0.4967,-5.7103,-3.4264,1.5803,0.8552
7.622,5.4466,2.7303,1.7766,0.4967,-5.7212,-3.4543,1.5873,0.8614
7.642,5.4448,2.7319,1.7766,0.4967,-5.7285,-3.4729,1.5873,0.8614
7.664,5.4438,2.7328,1.8725,0.5730,-5.7360,-3.4917,1.5942,0.8676
7.686,5.4427,2.7339,1.8725,0.5730,-5.7437,-3.5107,1.6007,0.8735
7.706,5.4417,2.7348,1.8725,0.5730,-5.7513,-3.5297,1.6007,0.8735
7.728,5.4397,2.7367,1.8725,0.5730,-5.7590,-3.5488,1.6077,0.8797
7.750,5.4389,2.7375,1.8725,0.5730,-5.7667,-3.5673,1.6146,0.8859
7.770,5.4379,2.7385,1.8725,0.5730,-5.7744,-3.5864,1.6146,0.8859
7.792,5.4357,2.7406,1.8725,0.5730,-5.7859,-3.6150,1.6211,0.8917
7.814,5.4348,2.7416,1.8725,0.5730,-5.7936,-3.6341,1.6280,0.8979
7.834,5.4338,2.7426,1.8725,0.5730,-5.8015,-3.6519,1.6280,0.8979
7.856,5.4321,2.7445,1.8725,0.5730,-5.8092,-3.6710,1.6350,0.9041
7.878,5.4312,2.7454,1.8830,0.6591,-5.8169,-3.6900,1.6350,0.9041
7.900,5.4294,2.7474,1.8830,0.6591,-5.8247,-3.7091,1.6566,0.9818
7.920,5.4284,2.7484,1.8830,0.6591,-5.8324,-3.7282,1.6637,0.9890
7.942,5.4274,2.7496,1.8830,0.6591,-5.8429,-3.7565,1.6637,0.9890
7.964,5.4265,2.7506,1.8830,0.6591,-5.8506,-3.7756,1.6708,0.9963
7.984,5.4255,2.7518,1.8830,0.6591,-5.8584,-3.7948,1.6776,1.0031
8.006,5.4236,2.7541,1.8830,0.6591,-5.8662,-3.8139,1.6776,1.0031
8.028,5.4227,2.7551,1.8830,0.6591,-5.8740,-3.8330,1.6847,1.0103
8.048,5.4209,2.7573,1.8830,0.6591,-5.8818,-3.8521,1.6919,1.0175
8.070,5.4202,2.7582,1.7884,0.7052,-5.8896,-3.8713,1.6919,1.0175
8.092,5.4192,2.7594,1.7884,0.7052,-5.9014,-3.9000,1.6986,1.0243
8.112,5.4184,2.7605,1.7884,0.7052,-5.9092,-3.9192,1.6986,1.0243
8.134,5.4166,2.7629,1.7884,0.7052,-5.9171,-3.9384,1.7057,1.0316
8.156,5.4157,2.7640,1.7884,0.7052,-5.9250,-3.9576,1.7129,1.0388
8.176,5.4148,2.7652,1.7884,0.7052,-5.9329,-3.9768,1.7129,1.0388
8.198,5.4139,2.7664,1.7884,0.7052,-5.9408,-3.9960,1.7196,1.0456
8.220,5.4124,2.7686,1.7884,0.7052,-5.9487,-4.0152,1.7267,1.0529
8.240,5.4115,2.7699,1.7884,0.7052,-5.9569,-4.0335,1.7267,1.0529
8.262,5.4107,2.7710,1.7158,0.7538,-5.9688,-4.0624,1.7339,1.0601
8.284,5.4091,2.7734,1.7158,0.7538,-5.9768,-4.0816,1.5076,1.1061
8.304,5.4083,2.7745,1.7158,0.7538,-5.9848,-4.1008,1.5076,1.1061
8.326,5.4077,2.7754,1.7158,0.7538,-5.9922,-4.1163,1.5115,1.1139
8.348,5.4064,2.7774,1.7158,0.7538,-6.0003,-4.1353,1.5153,1.1217
8.368,5.4058,2.7784,1.7158,0.7538,-6.0085,-4.1542,1.5153,1.1217
8.390,5.4052,2.7793,1.7158,0.7538,-6.0168,-4.1730,1.5190,1.1290
8.412,5.4047,2.7801,1.7158,0.7538,-6.0293,-4.2012,1.5190,1.1290
8.432,5.4038,2.7815,1.7158,0.7538,-6.0377,-4.2198,1.5228,1.1368
8.454,5.4034,2.7821,1.7158,0.7538,-6.0462,-4.2384,1.5269,1.1450
8.476,5.4030,2.7830,1.4644,0.9483,-6.0547,-4.2570,1.5269,1.1450
8.496,5.4026,2.7836,1.4644,0.9483,-6.0632,-4.2754,1.5304,1.1519
8.518,5.4020,2.7845,1.4644,0.9483,-6.0718,-4.2939,1.5342,1.1597
8.540,5.4017,2.7850,1.4644,0.9483,-6.0805,-4.3123,1.5342,1.1597
8.560,5.4015,2.7854,1.4644,0.9483,-6.0891,-4.3306,1.5381,1.1675
8.582,5.4012,2.7859,1.4644,0.9483,-6.1021,-4.3580,1.5417,1.1748
8.604,5.4008,2.7866,1.4644,0.9483,-6.1109,-4.3763,1.5417,1.1748
8.624,5.4006,2.7869,1.4644,0.9483,-6.1196,-4.3945,1.5456,1.1826
8.646,5.4004,2.7872,1.4644,0.9483,-6.1284,-4.4127,1.5456,1.1826
8.668,5.4002,2.7876,1.3956,1.1015,-6.1372,-4.4309,1.5495,1.1904
8.688,5.3999,2.7881,1.3956,1.1015,-6.1460,-4.4490,1.3029,1.5306
8.710,5.3998,2.7883,1.3956,1.1015,-6.1549,-4.4671,1.3029,1.5306
8.732,5.3997,2.7885,1.3956,1.1015,-6.1692,-4.4921,1.3033,1.5431
8.752,5.3996,2.7887,1.3956,1.1015,-6.1781,-4.5102,1.3036,1.5556
8.774,5.3994,2.7890,1.3956,1.1015,-6.1871,-4.5282,1.3036,1.5556
8.796,5.3993,2.7892,1.3956,1.1015,-6.1960,-4.5462,1.3039,1.5673
8.816,5.3993,2.7893,1.3956,1.1015,-6.2050,-4.5642,1.3043,1.5798
8.838,5.3991,2.7895,1.3956,1.1015,-6.2173,-4.5758,1.3043,1.5798
8.860,5.3991,2.7896,1.4131,1.1201,-6.2264,-4.5937,1.3046,1.5923
8.880,5.3990,2.7897,1.4131,1.1201,-6.2400,-4.6204,1.3049,1.6040
8.902,5.3990,2.7898,1.4131,1.1201,-6.2492,-4.6382,1.3049,1.6040
8.924,5.3989,2.7899,1.4131,1.1201,-6.2595,-4.6514,1.3053,1.6165
8.944,5.3989,2.7899,1.4131,1.1201,-6.2687,-4.6691,1.3053,1.6165
8.966,5.3989,2.7900,1.4131,1.1201,-6.2779,-4.6868,1.3056,1.6290
8.988,5.3988,2.7901,1.4131,1.1201,-6.2871,-4.7045,1.3059,1.6407
9.008,5.3988,2.7901,1.4131,1.1201,-6.2963,-4.7222,1.3059,1.6407
9.030,5.3988,2.7901,1.4131,1.1201,-6.3055,-4.7399,1.3063,1.6532
9.052,5.3988,2.7901,1.4131,1.1201,-6.3194,-4.7664,1.3066,1.6657
9.072,5.3988,2.7902,1.4584,1.0501,-6.3287,-4.7841,1.3066,1.6657
9.094,5.3988,2.7902,1.4584,1.0501,-6.3379,-4.8018,1.3474,1.4660
9.116,5.3988,2.7902,1.4584,1.0501,-6.3472,-4.8194,1.3483,1.4755
9.136,5.3988,2.7901,1.4584,1.0501,-6.3565,-4.8371,1.3483,1.4755
9.158,5.3988,2.7901,1.4584,1.0501,-6.3658,-4.8548,1.3492,1.4850
9.180,5.3988,2.7901,1.4584,1.0501,-6.3751,-4.8724,1.3500,1.4940
9.200,5.3988,2.7901,1.4584,1.0501,-6.3845,-4.8901,1.3500,1.4940
9.222,5.3988,2.7900,1.4584,1.0501,-6.3985,-4.9166,1.3509,1.5035
9.244,5.3989,2.7900,1.4584,1.0501,-6.4078,-4.9342,1.3509,1.5035
9.264,5.3989,2.7900,1.4760,1.0515,-6.4172,-4.9519,1.3519,1.5130
9.286,5.3989,2.7899,1.4760,1.0515,-6.4266,-4.9695,1.3527,1.5220
9.308,5.3989,2.7899,1.4760,1.0515,-6.4360,-4.9872,1.3527,1.5220
9.328,5.3989,2.7898,1.4760,1.0515,-6.4454,-5.0048,1.3536,1.5315
9.350,5.3990,2.7898,1.4760,1.0515,-6.4595,-5.0313,1.3545,1.5410
9.372,5.3990,2.7897,1.4760,1.0515,-6.4689,-5.0489,1.3545,1.5410
9.392,5.3990,2.7897,1.4760,1.0515,-6.4783,-5.0666,1.3554,1.5499
9.414,5.3991,2.7896,1.4760,1.0515,-6.4878,-5.0843,1.3563,1.5594
9.436,5.3991,2.7895,1.4760,1.0515,-6.4972,-5.1019,1.3563,1.5594
9.456,5.3992,2.7895,1.4407,1.0987,-6.5067,-5.1196,1.3572,1.5689
9.478,5.3992,2.7894,1.4407,1.0987,-6.5162,-5.1372,1.3572,1.5689
9.500,5.3992,2.7893,1.4407,1.0987,-6.5304,-5.1637,1.3436,1.5189
9.520,5.3993,2.7893,1.4407,1.0987,-6.5352,-5.1725,1.3443,1.5276
9.542,5.3993,2.7892,1.4407,1.0987,-6.5494,-5.1990,1.3443,1.5276
9.564,5.3993,2.7891,1.4407,1.0987,-6.5589,-5.2167,1.3450,1.5363
9.584,5.3994,2.7891,1.4407,1.0987,-6.5685,-5.2344,1.3457,1.5445
9.606,5.3994,2.7890,1.4407,1.0987,-6.5780,-5.2520,1.3457,1.5445
9.628,5.3995,2.7889,1.4407,1.0987,-6.5876,-5.2697,1.3464,1.5531
9.648,5.3995,2.7889,1.4407,1.0987,-6.5971,-5.2874,1.3471,1.5618
9.670,5.3996,2.7888,1.4407,1.0987,-6.6067,-5.3051,1.3471,1.5618
9.692,5.3996,2.7887,1.4501,1.0817,-6.6211,-5.3316,1.3477,1.5700
9.712,5.3996,2.7886,1.4501,1.0817,-6.6307,-5.3493,1.3477,1.5700
9.734,5.3997,2.7886,1.4501,1.0817,-6.6403,-5.3670,1.3484,1.5787
9.756,5.3997,2.7884,1.4501,1.0817,-6.6499,-5.3846,1.3491,1.5874
9.778,5.3998,2.7884,1.4501,1.0817,-6.6595,-5.4023,1.3491,1.5874
9.798,5.3998,2.7883,1.4501,1.0817,-6.6691,-5.4200,1.3498,1.5955
9.820,5.3998,2.7883,1.4501,1.0817,-6.6788,-5.4377,1.3505,1.6042
9.842,5.3999,2.7881,1.4501,1.0817,-6.6933,-5.4643,1.3505,1.6042
9.862,5.3999,2.7881,1.4505,1.0806,-6.7029,-5.4820,1.3512,1.6129
9.884,5.4000,2.7880,1.4505,1.0806,-6.7126,-5.4997,1.3490,1.5026
9.906,5.4000,2.7879,1.4505,1.0806,-6.7223,-5.5174,1.3490,1.5026
9.926,5.4001,2.7878,1.4505,1.0806,-6.7320,-5.5351,1.3497,1.5097
9.948,5.4001,2.7877,1.4505,1.0806,-6.7417,-5.5528,1.3503,1.5167
9.970,5.4002,2.7877,1.4505,1.0806,-6.7514,-5.5705,1.3503,1.5167
9.990,5.4002,2.7876,1.4505,1.0806,-6.7611,-5.5883,1.3510,1.5233
10.012,5.4003,2.7875,1.4505,1.0806,-6.7758,-5.6149,1.3510,1.5233
10.034,5.4003,2.7874,1.4505,1.0806,-6.7855,-5.6326,1.3516,1.5303
10.054,5.4004,2.7873,1.4505,1.0806,-6.7953,-5.6503,1.3523,1.5373
10.076,5.4004,2.7873,1.4505,1.0806,-6.8051,-5.6681,1.3523,1.5373
10.098,5.4004,2.7872,1.4505,1.0806,-6.8148,-5.6858,1.3529,1.5439
10.118,5.4005,2.7871,1.4505,1.0806,-6.8246,-5.7035,1.3536,1.5509
10.140,5.4006,2.7870,1.4516,1.0722,-6.8344,-5.7213,1.3536,1.5509
10.162,5.4006,2.7869,1.4516,1.0722,-6.8492,-5.7479,1.3457,1.4697
10.182,5.4006,2.7869,1.4516,1.0722,-6.8590,-5.7657,1.3462,1.4751
10.204,5.4007,2.7868,1.4516,1.0722,-6.8688,-5.7834,1.3462,1.4751
10.226,5.4008,2.7867,1.4516,1.0722,-6.8787,-5.8012,1.3467,1.4808
10.246,5.4008,2.7866,1.4516,1.0722,-6.8886,-5.8190,1.3467,1.4808
10.268,5.4008,2.7866,1.4516,1.0722,-6.8984,-5.8368,1.3473,1.4866
10.290,5.4009,2.7864,1.4516,1.0722,-6.9083,-5.8545,1.3478,1.4920
10.310,5.4009,2.7864,1.4516,1.0722,-6.9182,-5.8723,1.3478,1.4920
10.332,5.4010,2.7863,1.4635,1.0611,-6.9331,-5.8990,1.3483,1.4978
10.354,5.4010,2.7862,1.4635,1.0611,-6.9430,-5.9168,1.3489,1.5035
10.374,5.4011,2.7861,1.4635,1.0611,-6.9529,-5.9346,1.3489,1.5035
10.396,5.4011,2.7861,1.4635,1.0611,-6.9629,-5.9524,1.3494,1.5090
10.418,5.4012,2.7859,1.4635,1.0611,-6.9728,-5.9702,1.3499,1.5147
10.438,5.4012,2.7859,1.4635,1.0611,-6.9828,-5.9880,1.3499,1.5147
10.460,5.4012,2.7858,1.4635,1.0611,-6.9928,-6.0058,1.3505,1.5205
10.482,5.4013,2.7858,1.4635,1.0611,-7.0078,-6.0325,1.3510,1.5259
10.502,5.4013,2.7857,1.4635,1.0611,-7.0178,-6.0504,1.3510,1.5259
10.524,5.4014,2.7856,1.4635,1.0611,-7.0278,-6.0682,1.3515,1.5316
10.546,5.4014,2.7855,1.4635,1.0611,-7.0378,-6.0860,1.3515,1.5316
10.566,5.4015,2.7854,1.4751,1.0494,-7.0479,-6.1038,1.3521,1.5374
10.588,5.4015,2.7854,1.4751,1.0494,-7.0579,-6.1217,1.3613,1.4570
10.610,5.4016,2.7852,1.4751,1.0494,-7.0680,-6.1395,1.3613,1.4570
10.630,5.4016,2.7852,1.4751,1.0494,-7.0780,-6.1574,1.3620,1.4615
10.652,5.4017,2.7851,1.4751,1.0494,-7.0932,-6.1842,1.3627,1.4661
10.674,5.4017,2.7850,1.4751,1.0494,-7.1033,-6.2020,1.3627,1.4661
10.694,5.4018,2.7849,1.4751,1.0494,-7.1134,-6.2199,1.3633,1.4703
10.716,5.4018,2.7849,1.4751,1.0494,-7.1235,-6.2377,1.3640,1.4749
10.738,5.4019,2.7848,1.4751,1.0494,-7.1336,-6.2556,1.3640,1.4749
10.758,5.4019,2.7847,1.4750,1.0422,-7.1438,-6.2735,1.3646,1.4794
10.780,5.4019,2.7846,1.4750,1.0422,-7.1539,-6.2914,1.3653,1.4837
10.802,5.4020,2.7846,1.4750,1.0422,-7.1692,-6.3182,1.3653,1.4837
10.822,5.4020,2.7845,1.4750,1.0422,-7.1794,-6.3361,1.3659,1.4882
10.844,5.4021,2.7844,1.4750,1.0422,-7.1896,-6.3540,1.3659,1.4882
10.866,5.4021,2.7843,1.4750,1.0422,-7.1998,-6.3719,1.3666,1.4927
10.886,5.4022,2.7843,1.4750,1.0422,-7.2100,-6.3898,1.3672,1.4970
10.908,5.4022,2.7842,1.4750,1.0422,-7.2202,-6.4077,1.3672,1.4970
10.930,5.4023,2.7841,1.4750,1.0422,-7.2305,-6.4256,1.3679,1.5015
10.950,5.4023,2.7840,1.4750,1.0422,-7.2408,-6.4435,1.3686,1.5060
10.972,5.4024,2.7839,1.4750,1.0422,-7.2562,-6.4704,1.3686,1.5060
10.994,5.4024,2.7838,1.4750,1.0422,-7.2664,-6.4883,1.3692,1.5103
11.014,5.4024,2.7838,1.4750,1.0422,-7.2767,-6.5063,1.3698,1.5148
11.036,5.4025,2.7837,1.4750,1.0422,-7.2871,-6.5242,1.3698,1.5148
11.058,5.4026,2.7836,1.4750,1.0422,-7.2974,-6.5422,1.3705,1.5194
11.078,5.4026,2.7835,1.4750,1.0422,-7.3077,-6.5601,1.3705,1.5194
11.100,5.4026,2.7835,1.4750,1.0422,-7.3181,-6.5781,1.3711,1.5236
11.122,5.4027,2.7834,1.4750,1.0422,-7.3336,-6.6050,1.3718,1.5282
11.142,5.4027,2.7833,1.4750,1.0422,-7.3440,-6.6230,1.3718,1.5282
11.164,5.4028,2.7833,1.4750,1.0422,-7.3544,-6.6410,1.3725,1.5327
11.186,5.4028,2.7832,1.4750,1.0422,-7.3647,-6.6590,1.3731,1.5370
11.206,5.4028,2.7832,1.4750,1.0422,-7.3751,-6.6770,1.3731,1.5370
11.228,5.4028,2.7832,1.4750,1.0422,-7.3855,-6.6950,1.3738,1.5415
11.250,5.4028,2.7832,1.4750,1.0422,-7.3959,-6.7131,1.3744,1.5460
11.270,5.4028,2.7832,1.4750,1.0422,-7.4063,-6.7312,1.3744,1.5460
11.292,5.4028,2.7832,1.4750,1.0422,-7.4219,-6.7583,1.3751,1.5503
11.314,5.4028,2.7833,1.4750,1.0422,-7.4324,-6.7764,1.3757,1.5548
11.334,5.4027,2.7833,1.4750,1.0422,-7.4428,-6.7945,1.3757,1.5548
11.356,5.4027,2.7833,1.4750,1.0422,-7.4533,-6.8127,1.3764,1.5593
11.378,5.4027,2.7833,1.4750,1.0422,-7.4637,-6.8308,1.3764,1.5593
11.398,5.4027,2.7834,1.4750,1.0422,-7.4742,-6.8489,1.3770,1.5636
11.420,5.4027,2.7834,1.4750,1.0422,-7.4847,-6.8670,1.3777,1.5681
11.442,5.4027,2.7834,1.4935,1.0082,-7.5005,-6.8942,1.3777,1.5681
11.462,5.4027,2.7834,1.4935,1.0082,-7.5110,-6.9123,1.3745,1.4910
11.484,5.4027,2.7834,1.4935,1.0082,-7.5216,-6.9305,1.3751,1.4942
11.506,5.4027,2.7834,1.4935,1.0082,-7.5321,-6.9486,1.3751,1.4942
11.526,5.4027,2.7834,1.4935,1.0082,-7.5427,-6.9667,1.3757,1.4976
11.548,5.4027,2.7834,1.4935,1.0082,-7.5533,-6.9848,1.3763,1.5010
11.570,5.4027,2.7834,1.4935,1.0082,-7.5639,-7.0030,1.3763,1.5010
11.590,5.4027,2.7833,1.4935,1.0082,-7.5746,-7.0211,1.3769,1.5042
11.612,5.4027,2.7833,1.4935,1.0082,-7.5905,-7.0483,1.3769,1.5042
11.634,5.4028,2.7833,1.4838,1.0249,-7.6012,-7.0664,1.3775,1.5075
11.654,5.4028,2.7832,1.4838,1.0249,-7.6119,-7.0845,1.3781,1.5109
11.676,5.4028,2.7832,1.4838,1.0249,-7.6226,-7.1027,1.3781,1.5109
11.698,5.4028,2.7832,1.4838,1.0249,-7.6333,-7.1208,1.3787,1.5141
11.720,5.4028,2.7831,1.4838,1.0249,-7.6440,-7.1390,1.3793,1.5175
11.740,5.4029,2.7830,1.4838,1.0249,-7.6547,-7.1571,1.3793,1.5175
11.762,5.4029,2.7830,1.4838,1.0249,-7.6709,-7.1843,1.3799,1.5209
11.784,5.4029,2.7830,1.4838,1.0249,-7.6817,-7.2025,1.3805,1.5241
11.804,5.4030,2.7829,1.4838,1.0249,-7.6925,-7.2206,1.3805,1.5241
11.826,5.4030,2.7829,1.4838,1.0249,-7.7033,-7.2388,1.3811,1.5274
11.848,5.4030,2.7828,1.4898,1.0140,-7.7141,-7.2570,1.3713,1.4951
11.868,5.4031,2.7827,1.4898,1.0140,-7.7249,-7.2752,1.3713,1.4951
11.890,5.4031,2.7827,1.4898,1.0140,-7.7358,-7.2933,1.3718,1.4979
11.912,5.4031,2.7826,1.4898,1.0140,-7.7521,-7.3206,1.3718,1.4979
11.932,5.4032,2.7826,1.4898,1.0140,-7.7630,-7.3388,1.3723,1.5007
11.954,5.4032,2.7825,1.4898,1.0140,-7.7739,-7.3570,1.3727,1.5036
11.976,5.4033,2.7824,1.4898,1.0140,-7.7848,-7.3752,1.3727,1.5036
11.996,5.4033,2.7824,1.4898,1.0140,-7.7957,-7.3934,1.3732,1.5064
12.018,5.4033,2.7823,1.4898,1.0140,-7.8066,-7.4116,1.3736,1.5092
12.040,5.4034,2.7822,1.4976,1.0038,-7.8176,-7.4298,1.3736,1.5092
12.060,5.4034,2.7822,1.4976,1.0038,-7.8286,-7.4480,1.3741,1.5121
12.082,5.4034,2.7821,1.4976,1.0038,-7.8451,-7.4754,1.3745,1.5149
12.104,5.4035,2.7821,1.4976,1.0038,-7.8561,-7.4936,1.3745,1.5149
12.124,5.4035,2.7820,1.4976,1.0038,-7.8671,-7.5119,1.3750,1.5177
12.146,5.4035,2.7820,1.4976,1.0038,-7.8781,-7.5302,1.3750,1.5177
12.168,5.4035,2.7820,1.4976,1.0038,-7.8891,-7.5485,1.3755,1.5206
12.188,5.4035,2.7820,1.4976,1.0038,-7.9001,-7.5668,1.3759,1.5234
12.210,5.4035,2.7820,1.4976,1.0038,-7.9111,-7.5852,1.3759,1.5234
12.232,5.4035,2.7821,1.4948,0.9972,-7.9277,-7.6128,1.3764,1.5262
12.252,5.4034,2.7822,1.4948,0.9972,-7.9387,-7.6312,1.3726,1.4752
12.274,5.4034,2.7822,1.4948,0.9972,-7.9498,-7.6496,1.3726,1.4752
12.296,5.4034,2.7823,1.4948,0.9972,-7.9609,-7.6680,1.3730,1.4772
12.316,5.4033,2.7824,1.4948,0.9972,-7.9720,-7.6864,1.3734,1.4793
12.338,5.4033,2.7824,1.4948,0.9972,-7.9830,-7.7049,1.3734,1.4793
12.360,5.4032,2.7826,1.4948,0.9972,-7.9942,-7.7233,1.3738,1.4815
12.380,5.4032,2.7826,1.4948,0.9972,-8.0053,-7.7418,1.3742,1.4835
12.402,5.4031,2.7827,1.4948,0.9972,-8.0220,-7.7695,1.3742,1.4835
12.424,5.4030,2.7828,1.4948,0.9972,-8.0331,-7.7880,1.3746,1.4856
12.444,5.4030,2.7828,1.4948,0.9972,-8.0443,-7.8065,1.3746,1.4856
12.466,5.4030,2.7829,1.4826,1.0197,-8.0555,-7.8249,1.3750,1.4878
12.488,5.4029,2.7830,1.4826,1.0197,-8.0667,-7.8434,1.3596,1.5035
12.508,5.4029,2.7830,1.4826,1.0197,-8.0780,-7.8619,1.3596,1.5035
12.530,5.4029,2.7831,1.4826,1.0197,-8.0892,-7.8804,1.3598,1.5058
12.552,5.4028,2.7831,1.4826,1.0197,-8.1061,-7.9081,1.3600,1.5082
12.572,5.4028,2.7832,1.4826,1.0197,-8.1174,-7.9266,1.3600,1.5082
12.594,5.4028,2.7832,1.4826,1.0197,-8.1287,-7.9451,1.3602,1.5104
12.616,5.4028,2.7832,1.4826,1.0197,-8.1401,-7.9635,1.3604,1.5127
12.636,5.4028,2.7832,1.4826,1.0197,-8.1514,-7.9820,1.3604,1.5127
12.658,5.4028,2.7832,1.4845,1.0261,-8.1628,-8.0005,1.3606,1.5150
12.680,5.4028,2.7832,1.4845,1.0261,-8.1742,-8.0190,1.3607,1.5172
12.700,5.4028,2.7832,1.4845,1.0261,-8.1856,-8.0374,1.3607,1.5172
12.722,5.4028,2.7832,1.4845,1.0261,-8.2028,-8.0652,1.3609,1.5196
12.744,5.4028,2.7832,1.4845,1.0261,-8.2142,-8.0837,1.3609,1.5196
12.764,5.4028,2.7831,1.4845,1.0261,-8.2257,-8.1022,1.3611,1.5219
12.786,5.4029,2.7831,1.4845,1.0261,-8.2372,-8.1207,1.3613,1.5241
12.808,5.4029,2.7831,1.4845,1.0261,-8.2487,-8.1392,1.3613,1.5241
12.828,5.4029,2.7830,1.4845,1.0261,-8.2602,-8.1577,1.3615,1.5264
12.850,5.4029,2.7830,1.4845,1.0261,-8.2776,-8.1854,1.3617,1.5287
12.872,5.4029,2.7830,1.4775,1.0329,-8.2891,-8.2039,1.3617,1.5287
12.892,5.4030,2.7829,1.4775,1.0329,-8.3007,-8.2225,1.3576,1.5179
12.914,5.4030,2.7829,1.4775,1.0329,-8.3123,-8.2410,1.3577,1.5201
12.936,5.4030,2.7828,1.4775,1.0329,-8.3240,-8.2595,1.3577,1.5201
12.956,5.4031,2.7828,1.4775,1.0329,-8.3356,-8.2781,1.3578,1.5222
12.978,5.4031,2.7827,1.4775,1.0329,-8.3472,-8.2966,1.3578,1.5222
13.000,5.4031,2.7827,1.4775,1.0329,-8.3589,-8.3152,1.3580,1.5242
13.020,5.4032,2.7826,1.4775,1.0329,-8.3706,-8.3337,1.3581,1.5264
13.042,5.4032,2.7826,1.4775,1.0329,-8.3882,-8.3616,1.3581,1.5264
13.064,5.4032,2.7825,1.4793,1.0299,-8.3999,-8.3801,1.3582,1.5285
13.084,5.4033,2.7824,1.4793,1.0299,-8.4117,-8.3987,1.3584,1.5306
13.106,5.4033,2.7824,1.4793,1.0299,-8.4234,-8.4173,1.3584,1.5306
13.128,5.4033,2.7823,1.4793,1.0299,-8.4352,-8.4359,1.3585,1.5327
13.148,5.4034,2.7822,1.4793,1.0299,-8.4470,-8.4545,1.3586,1.5349
13.170,5.4034,2.7822,1.4793,1.0299,-8.4647,-8.4824,1.3586,1.5349
13.192,5.4034,2.7821,1.4793,1.0299,-8.4766,-8.5010,1.3588,1.5369
13.212,5.4035,2.7821,1.4793,1.0299,-8.4884,-8.5196,1.3588,1.5369
13.234,5.4035,2.7820,1.4793,1.0299,-8.5003,-8.5383,1.3589,1.5391
13.256,5.4035,2.7820,1.4883,1.0120,-8.5122,-8.5569,1.3590,1.5412
13.276,5.4035,2.7820,1.4883,1.0120,-8.5240,-8.5756,1.3590,1.5412
13.298,5.4036,2.7820,1.4883,1.0120,-8.5359,-8.5943,1.3636,1.4972
13.320,5.4036,2.7820,1.4883,1.0120,-8.5478,-8.6131,1.3638,1.4987
13.340,5.4035,2.7820,1.4883,1.0120,-8.5598,-8.6318,1.3638,1.4987
13.362,5.4035,2.7820,1.4883,1.0120,-8.5777,-8.6600,1.3640,1.5002
13.384,5.4035,2.7821,1.4883,1.0120,-8.5896,-8.6787,1.3641,1.5017
13.404,5.4035,2.7821,1.4883,1.0120,-8.6015,-8.6976,1.3641,1.5017
13.426,5.4034,2.7822,1.4883,1.0120,-8.6135,-8.7164,1.3643,1.5032
13.448,5.4034,2.7823,1.4883,1.0120,-8.6255,-8.7352,1.3645,1.5047
13.468,5.4033,2.7823,1.4825,1.0214,-8.6375,-8.7541,1.3645,1.5047
13.490,5.4033,2.7824,1.4825,1.0214,-8.6495,-8.7729,1.3647,1.5061
13.512,5.4033,2.7824,1.4825,1.0214,-8.6675,-8.8012,1.3647,1.5061
13.532,5.4032,2.7826,1.4825,1.0214,-8.6796,-8.8201,1.3649,1.5076
13.554,5.4031,2.7826,1.4825,1.0214,-8.6916,-8.8390,1.3651,1.5091
13.576,5.4031,2.7827,1.4825,1.0214,-8.7037,-8.8579,1.3651,1.5091
13.598,5.4030,2.7828,1.4825,1.0214,-8.7158,-8.8768,1.3653,1.5105
13.618,5.4030,2.7828,1.4825,1.0214,-8.7279,-8.8957,1.3655,1.5120
13.640,5.4030,2.7829,1.4825,1.0214,-8.7401,-8.9147,1.3655,1.5120
13.662,5.4029,2.7830,1.4794,1.0273,-8.7583,-8.9430,1.3657,1.5135
13.682,5.4029,2.7830,1.4794,1.0273,-8.7705,-8.9620,1.3585,1.5141
13.704,5.4029,2.7831,1.4794,1.0273,-8.7827,-8.9809,1.3585,1.5141
13.726,5.4029,2.7831,1.4794,1.0273,-8.7950,-8.9998,1.3586,1.5156
13.746,5.4028,2.7831,1.4794,1.0273,-8.8072,-9.0187,1.3586,1.5156
13.768,5.4028,2.7831,1.4794,1.0273,-8.8195,-9.0376,1.3587,1.5171
13.790,5.4028,2.7832,1.4794,1.0273,-8.8318,-9.0566,1.3588,1.5185
13.810,5.4028,2.7832,1.4794,1.0273,-8.8442,-9.0755,1.3588,1.5185
13.832,5.4028,2.7832,1.4794,1.0273,-8.8627,-9.1039,1.3589,1.5200
13.854,5.4028,2.7831,1.4786,1.0321,-8.8750,-9.1228,1.3590,1.5215
13.874,5.4028,2.7831,1.4786,1.0321,-8.8874,-9.1418,1.3590,1.5215
13.896,5.4028,2.7831,1.4786,1.0321,-8.8999,-9.1607,1.3590,1.5229
13.918,5.4029,2.7831,1.4786,1.0321,-8.9123,-9.1797,1.3591,1.5244
13.938,5.4029,2.7831,1.4786,1.0321,-8.9248,-9.1986,1.3591,1.5244
13.960,5.4029,2.7830,1.4786,1.0321,-8.9372,-9.2176,1.3592,1.5259
13.982,5.4029,2.7830,1.4786,1.0321,-8.9560,-9.2461,1.3593,1.5273
14.002,5.4029,2.7830,1.4786,1.0321,-8.9685,-9.2650,1.3593,1.5273
14.024,5.4030,2.7829,1.4786,1.0321,-8.9810,-9.2840,1.3594,1.5288
14.046,5.4030,2.7829,1.4786,1.0321,-8.9936,-9.3030,1.3594,1.5288
14.066,5.4030,2.7828,1.4800,1.0277,-9.0062,-9.3220,1.3595,1.5303
14.088,5.4030,2.7828,1.4800,1.0277,-9.0188,-9.3410,1.3592,1.5152
14.110,5.4031,2.7828,1.4800,1.0277,-9.0314,-9.3600,1.3592,1.5152
14.130,5.4031,2.7827,1.4800,1.0277,-9.0441,-9.3790,1.3593,1.5165
14.152,5.4031,2.7826,1.4800,1.0277,-9.0631,-9.4076,1.3593,1.5177
14.174,5.4032,2.7826,1.4800,1.0277,-9.0757,-9.4266,1.3593,1.5177
14.194,5.4032,2.7825,1.4800,1.0277,-9.0885,-9.4457,1.3594,1.5189
14.216,5.4032,2.7825,1.4800,1.0277,-9.1012,-9.4647,1.3595,1.5202
14.238,5.4033,2.7824,1.4800,1.0277,-9.1139,-9.4838,1.3595,1.5202
14.258,5.4033,2.7824,1.4845,1.0244,-9.1267,-9.5029,1.3596,1.5215
14.280,5.4034,2.7823,1.4845,1.0244,-9.1395,-9.5219,1.3597,1.5227
14.302,5.4034,2.7822,1.4845,1.0244,-9.1587,-9.5506,1.3597,1.5227
14.322,5.4034,2.7822,1.4845,1.0244,-9.1715,-9.5697,1.3598,1.5239
14.344,5.4034,2.7821,1.4845,1.0244,-9.1844,-9.5888,1.3598,1.5239
14.366,5.4035,2.7820,1.4845,1.0244,-9.1973,-9.6079,1.3599,1.5252
14.386,5.4035,2.7820,1.4845,1.0244,-9.2101,-9.6270,1.3599,1.5264
14.408,5.4036,2.7820,1.4845,1.0244,-9.2230,-9.6462,1.3599,1.5264
14.430,5.4036,2.7819,1.4845,1.0244,-9.2359,-9.6654,1.3600,1.5276
14.450,5.4036,2.7819,1.4845,1.0244,-9.2489,-9.6846,1.3601,1.5289
14.472,5.4036,2.7819,1.4886,1.0121,-9.2683,-9.7134,1.3601,1.5289
14.494,5.4036,2.7819,1.4886,1.0121,-9.2812,-9.7327,1.3642,1.4998
14.514,5.4036,2.7820,1.4886,1.0121,-9.2942,-9.7520,1.3643,1.5006
14.536,5.4035,2.7820,1.4886,1.0121,-9.3072,-9.7713,1.3643,1.5006
14.558,5.4035,2.7821,1.4886,1.0121,-9.3201,-9.7906,1.3645,1.5015
14.578,5.4034,2.7821,1.4886,1.0121,-9.3331,-9.8099,1.3645,1.5015
14.600,5.4034,2.7822,1.4886,1.0121,-9.3462,-9.8293,1.3646,1.5022
14.622,5.4033,2.7823,1.4886,1.0121,-9.3657,-9.8584,1.3648,1.5031
14.642,5.4033,2.7824,1.4886,1.0121,-9.3788,-9.8778,1.3648,1.5031
14.664,5.4032,2.7825,1.4844,1.0222,-9.3918,-9.8972,1.3649,1.5039
14.686,5.4032,2.7826,1.4844,1.0222,-9.4049,-9.9166,1.3650,1.5047
14.706,5.4031,2.7827,1.4844,1.0222,-9.4180,-9.9361,1.3650,1.5047
14.728,5.4031,2.7828,1.4844,1.0222,-9.4312,-9.9555,1.3652,1.5055
14.750,5.4030,2.7829,1.4844,1.0222,-9.4443,-9.9750,1.3653,1.5064
14.770,5.4030,2.7829,1.4844,1.0222,-9.4575,-9.9944,1.3653,1.5064
14.792,5.4029,2.7830,1.4844,1.0222,-9.4773,-10.0236,1.3655,1.5072
14.814,5.4029,2.7831,1.4844,1.0222,-9.4905,-10.0431,1.3656,1.5080
14.834,5.4028,2.7832,1.4844,1.0222,-9.5038,-10.0625,1.3656,1.5080
14.856,5.4028,2.7832,1.4844,1.0222,-9.5171,-10.0820,1.3657,1.5088
14.878,5.4028,2.7832,1.4844,1.0222,-9.5304,-10.1015,1.3657,1.5088
14.898,5.4028,2.7833,1.4844,1.0222,-9.5437,-10.1209,1.3659,1.5096
14.920,5.4027,2.7833,1.4844,1.0222,-9.5571,-10.1404,1.3660,1.5104
14.942,5.4027,2.7833,1.4844,1.0222,-9.5772,-10.1696,1.3660,1.5104
14.962,5.4027,2.7833,1.4844,1.0222,-9.5906,-10.1891,1.3662,1.5113
14.984,5.4027,2.7833,1.4844,1.0222,-9.6040,-10.2086,1.3663,1.5121
15.006,5.4027,2.7833,1.4844,1.0222,-9.6175,-10.2281,1.3663,1.5121
15.026,5.4027,2.7833,1.4844,1.0222,-9.6310,-10.2476,1.3664,1.5129
15.048,5.4027,2.7833,1.4844,1.0222,-9.6445,-10.2671,1.3666,1.5137
15.070,5.4028,2.7833,1.4801,1.0256,-9.6580,-10.2866,1.3666,1.5137
15.090,5.4028,2.7833,1.4801,1.0256,-9.6716,-10.3061,1.3613,1.5147
15.112,5.4028,2.7832,1.4801,1.0256,-9.6919,-10.3354,1.3613,1.5147
15.134,5.4028,2.7832,1.4801,1.0256,-9.7055,-10.3550,1.3614,1.5155
15.154,5.4028,2.7832,1.4801,1.0256,-9.7192,-10.3745,1.3614,1.5164
15.176,5.4028,2.7831,1.4801,1.0256,-9.7328,-10.3941,1.3614,1.5164
15.198,5.4029,2.7831,1.4801,1.0256,-9.7465,-10.4136,1.3615,1.5172
15.218,5.4029,2.7830,1.4801,1.0256,-9.7602,-10.4332,1.3616,1.5180
15.240,5.4029,2.7830,1.4801,1.0256,-9.7739,-10.4528,1.3616,1.5180
15.262,5.4029,2.7830,1.4801,1.0256,-9.7945,-10.4822,1.3616,1.5188
15.282,5.4030,2.7829,1.4801,1.0256,-9.8083,-10.5018,1.3617,1.5196
15.304,5.4030,2.7828,1.4801,1.0256,-9.8221,-10.5214,1.3617,1.5196
15.326,5.4030,2.7828,1.4801,1.0256,-9.8359,-10.5410,1.3618,1.5205
15.346,5.4031,2.7828,1.4800,1.0280,-9.8497,-10.5606,1.3618,1.5205
15.368,5.4031,2.7827,1.4800,1.0280,-9.8636,-10.5803,1.3618,1.5155
15.390,5.4031,2.7826,1.4800,1.0280,-9.8775,-10.5999,1.3618,1.5163
15.410,5.4032,2.7826,1.4800,1.0280,-9.8984,-10.6294,1.3618,1.5163
15.432,5.4032,2.7825,1.4800,1.0280,-9.9123,-10.6491,1.3619,1.5170
15.454,5.4032,2.7825,1.4800,1.0280,-9.9262,-10.6687,1.3620,1.5178
15.476,5.4033,2.7824,1.4800,1.0280,-9.9402,-10.6884,1.3620,1.5178
15.496,5.4033,2.7823,1.4800,1.0280,-9.9542,-10.7081,1.3620,1.5185
15.518,5.4034,2.7823,1.4800,1.0280,-9.9682,-10.7279,1.3621,1.5192
15.540,5.4034,2.7822,1.4845,1.0208,-9.9823,-10.7476,1.3621,1.5192
15.560,5.4034,2.7821,1.4845,1.0208,-9.9963,-10.7673,1.3622,1.5200
15.582,5.4035,2.7821,1.4845,1.0208,-10.0175,-10.7970,1.3622,1.5207
15.604,5.4035,2.7821,1.4845,1.0208,-10.0315,-10.8168,1.3622,1.5207
15.624,5.4035,2.7821,1.4845,1.0208,-10.0457,-10.8367,1.3623,1.5215
15.646,5.4034,2.7821,1.4845,1.0208,-10.0598,-10.8565,1.3623,1.5215
15.668,5.4034,2.7822,1.4845,1.0208,-10.0739,-10.8764,1.3624,1.5222
15.688,5.4034,2.7822,1.4845,1.0208,-10.0880,-10.8963,1.3624,1.5229
15.710,5.4033,2.7823,1.4845,1.0208,-10.1093,-10.9263,1.3624,1.5229
15.732,5.4033,2.7824,1.4820,1.0233,-10.1234,-10.9462,1.3625,1.5237
15.752,5.4033,2.7824,1.4820,1.0233,-10.1376,-10.9662,1.3627,1.5112
15.774,5.4032,2.7825,1.4820,1.0233,-10.1519,-10.9863,1.3627,1.5112
15.796,5.4031,2.7827,1.4820,1.0233,-10.1661,-11.0063,1.3628,1.5118
15.816,5.4031,2.7828,1.4820,1.0233,-10.1803,-11.0263,1.3629,1.5123
15.838,5.4030,2.7828,1.4820,1.0233,-10.1946,-11.0464,1.3629,1.5123
15.860,5.4029,2.7830,1.4820,1.0233,-10.2089,-11.0664,1.3630,1.5129
15.880,5.4029,2.7831,1.4820,1.0233,-10.2233,-11.0865,1.3630,1.5134
15.902,5.4028,2.7831,1.4820,1.0233,-10.2448,-11.1166,1.3630,1.5134
15.924,5.4028,2.7832,1.4820,1.0233,-10.2592,-11.1367,1.3631,1.5140
15.944,5.4027,2.7833,1.4778,1.0326,-10.2736,-11.1568,1.3631,1.5140
15.966,5.4027,2.7833,1.4778,1.0326,-10.2880,-11.1769,1.3632,1.5146
15.988,5.4027,2.7834,1.4778,1.0326,-10.3025,-11.1970,1.3632,1.5151
16.008,5.4027,2.7834,1.4778,1.0326,-10.3170,-11.2171,1.3632,1.5151
16.030,5.4026,2.7834,1.4778,1.0326,-10.3315,-11.2372,1.3633,1.5157
16.052,5.4026,2.7835,1.4778,1.0326,-10.3534,-11.2673,1.3634,1.5162
16.072,5.4026,2.7835,1.4778,1.0326,-10.3680,-11.2874,1.3634,1.5162
16.094,5.4026,2.7835,1.4778,1.0326,-10.3826,-11.3075,1.3634,1.5168
16.116,5.4026,2.7835,1.4778,1.0326,-10.3972,-11.3277,1.3635,1.5173
16.136,5.4026,2.7835,1.4778,1.0326,-10.4119,-11.3478,1.3635,1.5173
16.158,5.4026,2.7835,1.4764,1.0336,-10.4266,-11.3679,1.3636,1.5179
16.180,5.4026,2.7835,1.4764,1.0336,-10.4413,-11.3881,1.3600,1.5216
16.200,5.4027,2.7834,1.4764,1.0336,-10.4561,-11.4082,1.3600,1.5216
16.222,5.4027,2.7834,1.4764,1.0336,-10.4782,-11.4385,1.3600,1.5222
16.244,5.4027,2.7834,1.4764,1.0336,-10.4930,-11.4587,1.3600,1.5222
16.264,5.4027,2.7834,1.4764,1.0336,-10.5079,-11.4788,1.3601,1.5228
16.286,5.4027,2.7833,1.4764,1.0336,-10.5227,-11.4990,1.3601,1.5234
16.308,5.4028,2.7833,1.4764,1.0336,-10.5376,-11.5192,1.3601,1.5234
16.328,5.4028,2.7832,1.4764,1.0336,-10.5525,-11.5394,1.3601,1.5240
16.350,5.4028,2.7832,1.4767,1.0313,-10.5749,-11.5698,1.3601,1.5246
16.372,5.4028,2.7831,1.4767,1.0313,-10.5899,-11.5900,1.3601,1.5246
16.392,5.4029,2.7831,1.4767,1.0313,-10.6048,-11.6103,1.3601,1.5252
16.414,5.4029,2.7830,1.4767,1.0313,-10.6198,-11.6305,1.3601,1.5258
16.436,5.4029,2.7830,1.4767,1.0313,-10.6349,-11.6508,1.3601,1.5258
16.456,5.4030,2.7829,1.4767,1.0313,-10.6499,-11.6711,1.3602,1.5264
16.478,5.4030,2.7829,1.4767,1.0313,-10.6650,-11.6914,1.3602,1.5264
16.500,5.4030,2.7829,1.4767,1.0313,-10.6801,-11.7117,1.3602,1.5270
16.520,5.4031,2.7828,1.4767,1.0313,-10.6953,-11.7320,1.3602,1.5276
16.542,5.4031,2.7827,1.4767,1.0313,-10.7180,-11.7625,1.3602,1.5276
16.564,5.4031,2.7826,1.4774,1.0301,-10.7332,-11.7828,1.3602,1.5282
16.584,5.4032,2.7826,1.4774,1.0301,-10.7484,-11.8032,1.3603,1.5185
16.606,5.4032,2.7825,1.4774,1.0301,-10.7637,-11.8236,1.3603,1.5185
16.628,5.4032,2.7825,1.4774,1.0301,-10.7789,-11.8439,1.3603,1.5189
16.648,5.4033,2.7824,1.4774,1.0301,-10.7942,-11.8643,1.3603,1.5194
16.670,5.4033,2.7823,1.4774,1.0301,-10.8095,-11.8848,1.3603,1.5194
16.692,5.4033,2.7823,1.4774,1.0301,-10.8325,-11.9154,1.3603,1.5198
16.712,5.4034,2.7823,1.4774,1.0301,-10.8478,-11.9359,1.3603,1.5198
16.734,5.4034,2.7823,1.4774,1.0301,-10.8632,-11.9564,1.3604,1.5203
16.756,5.4034,2.7823,1.4819,1.0245,-10.8786,-11.9769,1.3604,1.5208
16.776,5.4033,2.7823,1.4819,1.0245,-10.8940,-11.9975,1.3604,1.5208
16.798,5.4033,2.7823,1.4819,1.0245,-10.9094,-12.0181,1.3604,1.5212
16.820,5.4033,2.7824,1.4819,1.0245,-10.9248,-12.0387,1.3604,1.5217
16.840,5.4032,2.7825,1.4819,1.0245,-10.9402,-12.0594,1.3604,1.5217
16.862,5.4032,2.7826,1.4819,1.0245,-10.9634,-12.0904,1.3604,1.5221
16.884,5.4031,2.7827,1.4819,1.0245,-10.9789,-12.1111,1.3605,1.5226
16.904,5.4031,2.7828,1.4819,1.0245,-10.9944,-12.1318,1.3605,1.5226
16.926,5.4030,2.7828,1.4819,1.0245,-11.0100,-12.1525,1.3605,1.5230
16.948,5.4029,2.7830,1.4819,1.0245,-11.0255,-12.1733,1.3605,1.5235
16.968,5.4029,2.7830,1.4784,1.0295,-11.0411,-12.1940,1.3605,1.5235
16.990,5.4028,2.7832,1.4784,1.0295,-11.0567,-12.2148,1.3611,1.5180
17.012,5.4028,2.7832,1.4784,1.0295,-11.0802,-12.2460,1.3611,1.5180
17.032,5.4027,2.7833,1.4784,1.0295,-11.0959,-12.2667,1.3611,1.5184
17.054,5.4027,2.7833,1.4784,1.0295,-11.1116,-12.2875,1.3612,1.5188
17.076,5.4027,2.7834,1.4784,1.0295,-11.1273,-12.3083,1.3612,1.5188
17.096,5.4027,2.7834,1.4784,1.0295,-11.1431,-12.3291,1.3612,1.5192
17.118,5.4026,2.7835,1.4784,1.0295,-11.1589,-12.3499,1.3612,1.5195
17.140,5.4026,2.7835,1.4784,1.0295,-11.1747,-12.3707,1.3612,1.5195
17.160,5.4026,2.7835,1.4753,1.0350,-11.1906,-12.3915,1.3612,1.5199
17.182,5.4026,2.7835,1.4753,1.0350,-11.2144,-12.4227,1.3613,1.5203
17.204,5.4026,2.7835,1.4753,1.0350,-11.2304,-12.4435,1.3613,1.5203
17.224,5.4026,2.7835,1.4753,1.0350,-11.2463,-12.4644,1.3613,1.5207
17.246,5.4026,2.7835,1.4753,1.0350,-11.2623,-12.4852,1.3613,1.5207
17.268,5.4026,2.7835,1.4753,1.0350,-11.2783,-12.5061,1.3613,1.5211
17.288,5.4026,2.7835,1.4753,1.0350,-11.2943,-12.5269,1.3614,1.5214
17.310,5.4027,2.7834,1.4753,1.0350,-11.3104,-12.5478,1.3614,1.5214
17.332,5.4027,2.7834,1.4753,1.0350,-11.3346,-12.5791,1.3614,1.5218
17.354,5.4027,2.7834,1.4771,1.0317,-11.3507,-12.6000,1.3614,1.5222
17.374,5.4027,2.7833,1.4771,1.0317,-11.3668,-12.6209,1.3614,1.5222
17.396,5.4027,2.7833,1.4771,1.0317,-11.3830,-12.6418,1.3604,1.5205
17.418,5.4028,2.7832,1.4771,1.0317,-11.3992,-12.6628,1.3604,1.5209
17.438,5.4028,2.7832,1.4771,1.0317,-11.4155,-12.6837,1.3604,1.5209
17.460,5.4028,2.7832,1.4771,1.0317,-11.4317,-12.7047,1.3604,1.5212
17.482,5.4028,2.7831,1.4771,1.0317,-11.4562,-12.7361,1.3604,1.5216
17.502,5.4029,2.7831,1.4771,1.0317,-11.4725,-12.7571,1.3604,1.5216
17.524,5.4029,2.7830,1.4771,1.0317,-11.4889,-12.7781,1.3604,1.5219
17.546,5.4029,2.7830,1.4771,1.0317,-11.5053,-12.7991,1.3604,1.5219
17.566,5.4030,2.7829,1.4771,1.0317,-11.5217,-12.8202,1.3604,1.5223
17.588,5.4030,2.7828,1.4771,1.0317,-11.5381,-12.8412,1.3604,1.5226
17.610,5.4030,2.7828,1.4771,1.0317,-11.5546,-12.8623,1.3604,1.5226
17.630,5.4031,2.7828,1.4792,1.0279,-11.5711,-12.8833,1.3605,1.5230
17.652,5.4031,2.7827,1.4792,1.0279,-11.5958,-12.9149,1.3621,1.5136
17.674,5.4031,2.7826,1.4792,1.0279,-11.6124,-12.9360,1.3621,1.5136
17.694,5.4032,2.7826,1.4792,1.0279,-11.6290,-12.9572,1.3621,1.5138
17.716,5.4032,2.7825,1.4792,1.0279,-11.6456,-12.9783,1.3622,1.5140
17.738,5.4033,2.7824,1.4792,1.0279,-11.6622,-12.9994,1.3622,1.5140
17.758,5.4033,2.7824,1.4792,1.0279,-11.6789,-13.0206,1.3622,1.5142
17.780,5.4033,2.7823,1.4792,1.0279,-11.6955,-13.0418,1.3622,1.5144
17.802,5.4034,2.7823,1.4792,1.0279,-11.7206,-13.0736,1.3622,1.5144
17.822,5.4034,2.7823,1.4792,1.0279,-11.7373,-13.0948,1.3623,1.5147
17.844,5.4034,2.7823,1.4828,1.0237,-11.7540,-13.1161,1.3623,1.5147
17.866,5.4034,2.7823,1.4828,1.0237,-11.7708,-13.1374,1.3623,1.5149
17.886,5.4033,2.7823,1.4828,1.0237,-11.7876,-13.1588,1.3623,1.5151
17.908,5.4033,2.7824,1.4828,1.0237,-11.8044,-13.1801,1.3623,1.5151
17.930,5.4032,2.7825,1.4828,1.0237,-11.8212,-13.2015,1.3624,1.5153
17.950,5.4032,2.7825,1.4828,1.0237,-11.8380,-13.2230,1.3624,1.5155
17.972,5.4032,2.7826,1.4828,1.0237,-11.8633,-13.2551,1.3624,1.5155
17.994,5.4031,2.7827,1.4828,1.0237,-11.8802,-13.2766,1.3624,1.5157
18.014,5.4031,2.7828,1.4828,1.0237,-11.8971,-13.2981,1.3625,1.5159
18.036,5.4030,2.7829,1.4765,1.0307,-11.9140,-13.3196,1.3625,1.5159
18.058,5.4029,2.7830,1.4765,1.0307,-11.9310,-13.3411,1.3603,1.5169
18.078,5.4029,2.7830,1.4765,1.0307,-11.9480,-13.3626,1.3603,1.5169
18.100,5.4029,2.7831,1.4765,1.0307,-11.9650,-13.3842,1.3603,1.5171
18.122,5.4028,2.7832,1.4765,1.0307,-11.9906,-13.4165,1.3603,1.5173
18.142,5.4028,2.7832,1.4765,1.0307,-12.0077,-13.4381,1.3603,1.5173
18.164,5.4028,2.7833,1.4765,1.0307,-12.0249,-13.4596,1.3603,1.5175
18.186,5.4027,2.7833,1.4765,1.0307,-12.0421,-13.4812,1.3603,1.5177
18.206,5.4027,2.7833,1.4765,1.0307,-12.0593,-13.5028,1.3603,1.5177
18.228,5.4027,2.7833,1.4765,1.0307,-12.0765,-13.5244,1.3603,1.5180
18.250,5.4027,2.7834,1.4802,1.0259,-12.0937,-13.5459,1.3603,1.5182
18.270,5.4027,2.7834,1.4802,1.0259,-12.1110,-13.5675,1.3603,1.5182
18.292,5.4027,2.7834,1.4802,1.0259,-12.1370,-13.6000,1.3603,1.5184
18.314,5.4027,2.7834,1.4802,1.0259,-12.1544,-13.6216,1.3603,1.5186
18.334,5.4027,2.7834,1.4802,1.0259,-12.1718,-13.6432,1.3603,1.5186
18.356,5.4027,2.7833,1.4802,1.0259,-12.1892,-13.6649,1.3603,1.5188
18.378,5.4027,2.7833,1.4802,1.0259,-12.2067,-13.6865,1.3603,1.5188
18.398,5.4027,2.7833,1.4802,1.0259,-12.2242,-13.7082,1.3603,1.5191
18.420,5.4028,2.7833,1.4802,1.0259,-12.2417,-13.7299,1.3603,1.5193
18.442,5.4028,2.7832,1.4806,1.0255,-12.2680,-13.7624,1.3603,1.5193
18.462,5.4028,2.7832,1.4806,1.0255,-12.2856,-13.7842,1.3630,1.5117
18.484,5.4028,2.7832,1.4806,1.0255,-12.3032,-13.8059,1.3630,1.5118
18.506,5.4029,2.7831,1.4806,1.0255,-12.3208,-13.8276,1.3630,1.5118
18.526,5.4029,2.7831,1.4806,1.0255,-12.3385,-13.8494,1.3630,1.5119
18.548,5.4029,2.7830,1.4806,1.0255,-12.3562,-13.8711,1.3631,1.5120
18.570,5.4029,2.7830,1.4806,1.0255,-12.3739,-13.8929,1.3631,1.5120
18.590,5.4030,2.7829,1.4806,1.0255,-12.4006,-13.9256,1.3631,1.5121
18.612,5.4030,2.7829,1.4806,1.0255,-12.4184,-13.9474,1.3631,1.5121
18.634,5.4030,2.7828,1.4788,1.0294,-12.4362,-13.9693,1.3632,1.5122
18.654,5.4031,2.7828,1.4788,1.0294,-12.4541,-13.9911,1.3632,1.5123
18.676,5.4031,2.7827,1.4788,1.0294,-12.4720,-14.0130,1.3632,1.5123
18.698,5.4031,2.7827,1.4788,1.0294,-12.4899,-14.0348,1.3632,1.5124
18.718,5.4032,2.7826,1.4788,1.0294,-12.5078,-14.0567,1.3633,1.5125
18.740,5.4032,2.7825,1.4788,1.0294,-12.5258,-14.0786,1.3633,1.5125
18.762,5.4032,2.7825,1.4788,1.0294,-12.5528,-14.1115,1.3633,1.5126
18.782,5.4033,2.7824,1.4788,1.0294,-12.5708,-14.1335,1.3634,1.5127
18.804,5.4033,2.7823,1.4788,1.0294,-12.5889,-14.1554,1.3634,1.5127
18.826,5.4033,2.7823,1.4788,1.0294,-12.6070,-14.1774,1.3634,1.5128
18.846,5.4034,2.7822,1.4788,1.0294,-12.6251,-14.1994,1.3634,1.5128
18.868,5.4034,2.7822,1.4815,1.0255,-12.6433,-14.2214,1.3635,1.5130
18.890,5.4034,2.7821,1.4815,1.0255,-12.6614,-14.2434,1.3637,1.5117
18.910,5.4035,2.7821,1.4815,1.0255,-12.6796,-14.2655,1.3637,1.5117
18.932,5.4035,2.7821,1.4815,1.0255,-12.7070,-14.2987,1.3637,1.5118
18.954,5.4035,2.7821,1.4815,1.0255,-12.7252,-14.3208,1.3638,1.5119
18.974,5.4034,2.7821,1.4815,1.0255,-12.7435,-14.3430,1.3638,1.5119
18.996,5.4034,2.7822,1.4815,1.0255,-12.7617,-14.3652,1.3638,1.5120
19.018,5.4034,2.7822,1.4815,1.0255,-12.7801,-14.3874,1.3639,1.5120
19.038,5.4034,2.7823,1.4815,1.0255,-12.7984,-14.4097,1.3639,1.5120
19.060,5.4033,2.7824,1.4819,1.0237,-12.8167,-14.4320,1.3639,1.5121
19.082,5.4033,2.7824,1.4819,1.0237,-12.8443,-14.4654,1.3640,1.5122
19.102,5.4032,2.7825,1.4819,1.0237,-12.8627,-14.4878,1.3640,1.5122
19.124,5.4032,2.7825,1.4819,1.0237,-12.8812,-14.5101,1.3640,1.5123
19.146,5.4031,2.7827,1.4819,1.0237,-12.8997,-14.5325,1.3640,1.5123
19.166,5.4031,2.7827,1.4819,1.0237,-12.9182,-14.5549,1.3641,1.5124
19.188,5.4030,2.7828,1.4819,1.0237,-12.9367,-14.5773,1.3641,1.5125
19.210,5.4030,2.7829,1.4819,1.0237,-12.9553,-14.5997,1.3641,1.5125
19.232,5.4029,2.7830,1.4819,1.0237,-12.9832,-14.6333,1.3641,1.5126
19.252,5.4029,2.7830,1.4819,1.0237,-13.0018,-14.6558,1.3642,1.5127
19.274,5.4029,2.7830,1.4795,1.0303,-13.0205,-14.6782,1.3642,1.5127
19.296,5.4029,2.7831,1.4795,1.0303,-13.0392,-14.7007,1.3629,1.5165
19.316,5.4028,2.7831,1.4795,1.0303,-13.0580,-14.7231,1.3629,1.5167
19.338,5.4028,2.7831,1.4795,1.0303,-13.0768,-14.7456,1.3629,1.5167
19.360,5.4028,2.7832,1.4795,1.0303,-13.0956,-14.7681,1.3629,1.5168
19.380,5.4028,2.7832,1.4795,1.0303,-13.1144,-14.7906,1.3630,1.5170
19.402,5.4028,2.7832,1.4795,1.0303,-13.1427,-14.8244,1.3630,1.5170
19.424,5.4028,2.7832,1.4795,1.0303,-13.1617,-14.8469,1.3630,1.5171
19.444,5.4028,2.7832,1.4795,1.0303,-13.1806,-14.8694,1.3630,1.5171
19.466,5.4028,2.7831,1.4778,1.0326,-13.1996,-14.8920,1.3630,1.5172
19.488,5.4028,2.7831,1.4778,1.0326,-13.2186,-14.9145,1.3630,1.5174
19.508,5.4029,2.7831,1.4778,1.0326,-13.2377,-14.9371,1.3630,1.5174
19.530,5.4029,2.7831,1.4778,1.0326,-13.2568,-14.9597,1.3631,1.5175
19.552,5.4029,2.7830,1.4778,1.0326,-13.2855,-14.9936,1.3631,1.5177
19.572,5.4029,2.7830,1.4778,1.0326,-13.3046,-15.0162,1.3631,1.5177
19.594,5.4029,2.7830,1.4778,1.0326,-13.3238,-15.0389,1.3631,1.5178
19.616,5.4030,2.7829,1.4778,1.0326,-13.3431,-15.0615,1.3631,1.5180
19.636,5.4030,2.7829,1.4778,1.0326,-13.3623,-15.0842,1.3631,1.5180
19.658,5.4030,2.7828,1.4799,1.0281,-13.3816,-15.1069,1.3632,1.5181
19.680,5.4030,2.7828,1.4799,1.0281,-13.4009,-15.1296,1.3629,1.5146
19.700,5.4031,2.7828,1.4799,1.0281,-13.4203,-15.1523,1.3629,1.5146
19.722,5.4031,2.7827,1.4799,1.0281,-13.4493,-15.1864,1.3629,1.5147
19.744,5.4031,2.7826,1.4799,1.0281,-13.4688,-15.2091,1.3629,1.5147
19.764,5.4032,2.7826,1.4799,1.0281,-13.4882,-15.2319,1.3629,1.5147
19.786,5.4032,2.7826,1.4799,1.0281,-13.5077,-15.2547,1.3629,1.5148
19.808,5.4032,2.7825,1.4799,1.0281,-13.5272,-15.2775,1.3629,1.5148
19.828,5.4033,2.7824,1.4799,1.0281,-13.5468,-15.3003,1.3630,1.5149
19.850,5.4033,2.7824,1.4799,1.0281,-13.5664,-15.3231,1.3630,1.5150
19.872,5.4034,2.7823,1.4837,1.0240,-13.5958,-15.3574,1.3630,1.5150
19.892,5.4034,2.7822,1.4837,1.0240,-13.6155,-15.3803,1.3630,1.5151
19.914,5.4034,2.7822,1.4837,1.0240,-13.6351,-15.4032,1.3630,1.5152
19.936,5.4035,2.7821,1.4837,1.0240,-13.6549,-15.4261,1.3630,1.5152
19.956,5.4035,2.7820,1.4837,1.0240,-13.6746,-15.4490,1.3631,1.5153
19.978,5.4035,2.7820,1.4837,1.0240,-13.6944,-15.4720,1.3631,1.5153
20.000,5.4035,2.7820,1.4837,1.0240,-13.7142,-15.4949,1.3631,1.5154
20.020,5.4036,2.7819,1.4837,1.0240,-13.7340,-15.5180,1.3631,1.5155
20.042,5.4036,2.7819,1.4837,1.0240,-13.7638,-15.5525,1.3631,1.5155
20.064,5.4036,2.7819,1.4837,1.0240,-13.7837,-15.5756,1.3631,1.5156
20.084,5.4036,2.7819,1.4837,1.0240,-13.8036,-15.5987,1.3631,1.5156
20.106,5.4036,2.7819,1.4837,1.0240,-13.8235,-15.6219,1.3631,1.5156
20.128,5.4035,2.7820,1.4837,1.0240,-13.8434,-15.6451,1.3632,1.5157
20.148,5.4035,2.7820,1.4837,1.0240,-13.8634,-15.6683,1.3632,1.5158
20.170,5.4035,2.7821,1.4837,1.0240,-13.8834,-15.6915,1.3632,1.5158
20.192,5.4034,2.7822,1.4837,1.0240,-13.9035,-15.7147,1.3632,1.5159
20.212,5.4034,2.7822,1.4837,1.0240,-13.9336,-15.7497,1.3632,1.5159
20.234,5.4033,2.7823,1.4837,1.0240,-13.9537,-15.7730,1.3632,1.5160
20.256,5.4033,2.7824,1.4845,1.0197,-13.9738,-15.7963,1.3632,1.5161
20.276,5.4032,2.7825,1.4845,1.0197,-13.9940,-15.8197,1.3632,1.5161
20.298,5.4032,2.7826,1.4845,1.0197,-14.0142,-15.8430,1.3648,1.5090
20.320,5.4031,2.7826,1.4845,1.0197,-14.0344,-15.8664,1.3648,1.5090
20.340,5.4031,2.7827,1.4845,1.0197,-14.0546,-15.8898,1.3648,1.5090
20.362,5.4030,2.7828,1.4845,1.0197,-14.0851,-15.9250,1.3649,1.5090
20.384,5.4030,2.7829,1.4845,1.0197,-14.1054,-15.9484,1.3649,1.5090
20.404,5.4030,2.7829,1.4845,1.0197,-14.1258,-15.9719,1.3649,1.5090
20.426,5.4029,2.7830,1.4845,1.0197,-14.1462,-15.9953,1.3650,1.5090
20.448,5.4029,2.7830,1.4845,1.0197,-14.1667,-16.0188,1.3650,1.5090
20.468,5.4029,2.7831,1.4771,1.0323,-14.1871,-16.0423,1.3650,1.5090
20.490,5.4029,2.7831,1.4771,1.0323,-14.2077,-16.0658,1.3650,1.5089
20.512,5.4028,2.7831,1.4771,1.0323,-14.2385,-16.1011,1.3650,1.5089
20.532,5.4028,2.7831,1.4771,1.0323,-14.2591,-16.1246,1.3651,1.5089
20.554,5.4028,2.7831,1.4771,1.0323,-14.2798,-16.1481,1.3651,1.5089
20.576,5.4028,2.7831,1.4771,1.0323,-14.3004,-16.1717,1.3651,1.5089
20.596,5.4028,2.7831,1.4771,1.0323,-14.3211,-16.1952,1.3652,1.5089
20.618,5.4028,2.7831,1.4771,1.0323,-14.3419,-16.2188,1.3652,1.5089
20.640,5.4028,2.7831,1.4771,1.0323,-14.3627,-16.2424,1.3652,1.5089
20.660,5.4029,2.7831,1.4777,1.0323,-14.3835,-16.2660,1.3653,1.5089
20.682,5.4029,2.7831,1.4777,1.0323,-14.4148,-16.3015,1.3610,1.5226
20.704,5.4029,2.7830,1.4777,1.0323,-14.4357,-16.3251,1.3610,1.5226
20.724,5.4029,2.7830,1.4777,1.0323,-14.4566,-16.3488,1.3609,1.5228
20.746,5.4029,2.7830,1.4777,1.0323,-14.4776,-16.3724,1.3609,1.5228
20.768,5.4030,2.7829,1.4777,1.0323,-14.4986,-16.3961,1.3609,1.5229
20.788,5.4030,2.7829,1.4777,1.0323,-14.5196,-16.4198,1.3609,1.5231
20.810,5.4030,2.7828,1.4777,1.0323,-14.5407,-16.4436,1.3609,1.5231
20.832,5.4030,2.7828,1.4777,1.0323,-14.5723,-16.4792,1.3609,1.5233
20.852,5.4031,2.7828,1.4764,1.0327,-14.5935,-16.5030,1.3609,1.5235
20.874,5.4031,2.7827,1.4764,1.0327,-14.6146,-16.5267,1.3609,1.5235
20.896,5.4031,2.7827,1.4764,1.0327,-14.6359,-16.5505,1.3608,1.5237
20.916,5.4031,2.7826,1.4764,1.0327,-14.6571,-16.5744,1.3608,1.5238
20.938,5.4032,2.7826,1.4764,1.0327,-14.6784,-16.5982,1.3608,1.5238
20.960,5.4032,2.7825,1.4764,1.0327,-14.6997,-16.6221,1.3608,1.5240
20.980,5.4033,2.7824,1.4764,1.0327,-14.7317,-16.6579,1.3608,1.5242
21.002,5.4033,2.7824,1.4764,1.0327,-14.7531,-16.6818,1.3608,1.5242
21.024,5.4033,2.7823,1.4764,1.0327,-14.7746,-16.7057,1.3608,1.5244
21.044,5.4034,2.7823,1.4764,1.0327,-14.7960,-16.7296,1.3608,1.5244
21.066,5.4034,2.7822,1.4821,1.0236,-14.8175,-16.7536,1.3607,1.5246
21.088,5.4034,2.7822,1.4821,1.0236,-14.8391,-16.7776,1.3634,1.5134
21.110,5.4035,2.7821,1.4821,1.0236,-14.8606,-16.8016,1.3634,1.5134
21.130,5.4035,2.7820,1.4821,1.0236,-14.8822,-16.8256,1.3634,1.5135
21.152,5.4035,2.7820,1.4821,1.0236,-14.9147,-16.8616,1.3634,1.5135
21.174,5.4036,2.7819,1.4821,1.0236,-14.9363,-16.8857,1.3634,1.5135
21.194,5.4036,2.7819,1.4821,1.0236,-14.9580,-16.9099,1.3634,1.5135
21.216,5.4036,2.7819,1.4821,1.0236,-14.9797,-16.9340,1.3635,1.5135
21.238,5.4036,2.7819,1.4821,1.0236,-15.0015,-16.9582,1.3635,1.5135
21.258,5.4036,2.7819,1.4873,1.0139,-15.0232,-16.9824,1.3635,1.5135
21.280,5.4035,2.7820,1.4873,1.0139,-15.0450,-17.0067,1.3635,1.5136
21.302,5.4035,2.7820,1.4873,1.0139,-15.0778,-17.0431,1.3635,1.5136
21.322,5.4035,2.7821,1.4873,1.0139,-15.0996,-17.0675,1.3635,1.5136
21.344,5.4034,2.7822,1.4873,1.0139,-15.1215,-17.0918,1.3635,1.5136
21.366,5.4034,2.7822,1.4873,1.0139,-15.1434,-17.1162,1.3635,1.5136
21.386,5.4033,2.7823,1.4873,1.0139,-15.1654,-17.1406,1.3636,1.5136
21.408,5.4033,2.7825,1.4873,1.0139,-15.1873,-17.1651,1.3636,1.5136
21.430,5.4032,2.7825,1.4873,1.0139,-15.2093,-17.1895,1.3636,1.5137
21.450,5.4032,2.7826,1.4873,1.0139,-15.2424,-17.2263,1.3636,1.5137
21.472,5.4031,2.7827,1.4772,1.0317,-15.2645,-17.2508,1.3636,1.5137
21.494,5.4030,2.7828,1.4772,1.0317,-15.2866,-17.2753,1.3604,1.5221
21.514,5.4030,2.7829,1.4772,1.0317,-15.3088,-17.2998,1.3604,1.5223
21.536,5.4029,2.7830,1.4772,1.0317,-15.3310,-17.3244,1.3604,1.5223
21.558,5.4029,2.7831,1.4772,1.0317,-15.3532,-17.3489,1.3604,1.5224
21.578,5.4028,2.7831,1.4772,1.0317,-15.3755,-17.3735,1.3604,1.5224
21.600,5.4028,2.7832,1.4772,1.0317,-15.3978,-17.3981,1.3603,1.5226
21.622,5.4028,2.7832,1.4772,1.0317,-15.4314,-17.4350,1.3603,1.5227
21.642,5.4028,2.7833,1.4772,1.0317,-15.4538,-17.4596,1.3603,1.5227
21.664,5.4027,2.7833,1.4772,1.0317,-15.4762,-17.4843,1.3603,1.5228
21.686,5.4027,2.7833,1.4772,1.0317,-15.4987,-17.5089,1.3603,1.5230
21.706,5.4027,2.7833,1.4772,1.0317,-15.5213,-17.5336,1.3603,1.5230
21.728,5.4027,2.7833,1.4772,1.0317,-15.5438,-17.5583,1.3602,1.5231
21.750,5.4027,2.7833,1.4800,1.0256,-15.5664,-17.5830,1.3625,1.5120
21.770,5.4027,2.7833,1.4800,1.0256,-15.5891,-17.6077,1.3625,1.5120
21.792,5.4027,2.7833,1.4800,1.0256,-15.6231,-17.6447,1.3625,1.5120
21.814,5.4027,2.7833,1.4800,1.0256,-15.6458,-17.6695,1.3625,1.5120
21.834,5.4028,2.7833,1.4800,1.0256,-15.6686,-17.6942,1.3625,1.5120
21.856,5.4028,2.7832,1.4800,1.0256,-15.6914,-17.7190,1.3625,1.5120
21.878,5.4028,2.7832,1.4800,1.0256,-15.7142,-17.7438,1.3625,1.5120
21.898,5.4028,2.7832,1.4800,1.0256,-15.7371,-17.7686,1.3625,1.5120
21.920,5.4028,2.7831,1.4800,1.0256,-15.7600,-17.7935,1.3625,1.5119
21.942,5.4029,2.7831,1.4794,1.0313,-15.7944,-17.8307,1.3625,1.5119
21.962,5.4029,2.7831,1.4794,1.0313,-15.8174,-17.8556,1.3625,1.5119
21.984,5.4029,2.7830,1.4794,1.0313,-15.8405,-17.8805,1.3625,1.5119
22.006,5.4029,2.7830,1.4794,1.0313,-15.8635,-17.9054,1.3625,1.5119
22.026,5.4030,2.7829,1.4794,1.0313,-15.8866,-17.9304,1.3625,1.5119
22.048,5.4030,2.7829,1.4794,1.0313,-15.9098,-17.9553,1.3625,1.5119
22.070,5.4030,2.7828,1.4794,1.0313,-15.9330,-17.9803,1.3625,1.5119
22.090,5.4031,2.7828,1.4794,1.0313,-15.9562,-18.0053,1.3625,1.5119
22.112,5.4031,2.7827,1.4794,1.0313,-15.9911,-18.0428,1.3625,1.5119
22.134,5.4031,2.7826,1.4756,1.0328,-16.0144,-18.0678,1.3625,1.5118
22.154,5.4032,2.7826,1.4756,1.0328,-16.0377,-18.0929,1.3600,1.5194
22.176,5.4032,2.7825,1.4756,1.0328,-16.0611,-18.1180,1.3600,1.5194
22.198,5.4032,2.7825,1.4756,1.0328,-16.0845,-18.1431,1.3600,1.5194
22.218,5.4033,2.7824,1.4756,1.0328,-16.1079,-18.1682,1.3599,1.5195
22.240,5.4033,2.7823,1.4756,1.0328,-16.1314,-18.1933,1.3599,1.5195
22.262,5.4033,2.7823,1.4756,1.0328,-16.1667,-18.2311,1.3599,1.5196
22.282,5.4034,2.7822,1.4756,1.0328,-16.1903,-18.2562,1.3599,1.5197
22.304,5.4034,2.7822,1.4756,1.0328,-16.2139,-18.2815,1.3599,1.5197
22.326,5.4034,2.7821,1.4756,1.0328,-16.2375,-18.3067,1.3599,1.5198
22.346,5.4035,2.7821,1.4818,1.0225,-16.2611,-18.3320,1.3599,1.5198
22.368,5.4035,2.7821,1.4818,1.0225,-16.2848,-18.3573,1.3598,1.5199
22.390,5.4035,2.7821,1.4818,1.0225,-16.3085,-18.3827,1.3598,1.5200
22.410,5.4034,2.7821,1.4818,1.0225,-16.3323,-18.4081,1.3598,1.5200
22.432,5.4034,2.7822,1.4818,1.0225,-16.3679,-18.4463,1.3598,1.5201
22.454,5.4034,2.7823,1.4818,1.0225,-16.3917,-18.4718,1.3597,1.5201
22.474,5.4033,2.7823,1.4818,1.0225,-16.4155,-18.4973,1.3597,1.5201
22.496,5.4033,2.7824,1.4818,1.0225,-16.4394,-18.5229,1.3597,1.5202
22.518,5.4032,2.7826,1.4818,1.0225,-16.4633,-18.5485,1.3597,1.5203
22.538,5.4031,2.7826,1.4841,1.0236,-16.4872,-18.5741,1.3597,1.5203
22.560,5.4031,2.7827,1.4841,1.0236,-16.5112,-18.5997,1.3658,1.5095
22.582,5.4030,2.7828,1.4841,1.0236,-16.5472,-18.6382,1.3659,1.5095
22.602,5.4030,2.7829,1.4841,1.0236,-16.5712,-18.6639,1.3659,1.5095
22.624,5.4029,2.7830,1.4841,1.0236,-16.5953,-18.6896,1.3659,1.5094
22.646,5.4029,2.7831,1.4841,1.0236,-16.6195,-18.7153,1.3659,1.5094
22.666,5.4028,2.7832,1.4841,1.0236,-16.6436,-18.7410,1.3660,1.5093
22.688,5.4028,2.7833,1.4841,1.0236,-16.6678,-18.7668,1.3660,1.5093
22.710,5.4027,2.7833,1.4841,1.0236,-16.7042,-18.8054,1.3660,1.5093
22.730,5.4027,2.7834,1.4841,1.0236,-16.7164,-18.8183,1.3661,1.5092
22.752,5.4027,2.7834,1.4841,1.0236,-16.7529,-18.8570,1.3662,1.5091
22.774,5.4027,2.7834,1.4841,1.0236,-16.7773,-18.8828,1.3662,1.5091
22.794,5.4026,2.7835,1.4841,1.0236,-16.8017,-18.9086,1.3662,1.5091
22.816,5.4026,2.7835,1.4841,1.0236,-16.8262,-18.9345,1.3663,1.5090
22.838,5.4026,2.7835,1.4841,1.0236,-16.8507,-18.9603,1.3663,1.5090
22.858,5.4026,2.7835,1.4841,1.0236,-16.8753,-18.9862,1.3663,1.5089
22.880,5.4026,2.7835,1.4841,1.0236,-16.8999,-19.0121,1.3664,1.5089
22.902,5.4026,2.7835,1.4841,1.0236,-16.9368,-19.0509,1.3664,1.5089
22.922,5.4026,2.7835,1.4841,1.0236,-16.9615,-19.0768,1.3664,1.5088
22.944,5.4027,2.7834,1.4769,1.0342,-16.9863,-19.1028,1.3664,1.5088
22.966,5.4027,2.7834,1.4769,1.0342,-17.0110,-19.1288,1.3615,1.5205
22.988,5.4027,2.7834,1.4769,1.0342,-17.0358,-19.1547,1.3615,1.5205
23.008,5.4027,2.7834,1.4769,1.0342,-17.0607,-19.1807,1.3615,1.5205
23.030,5.4027,2.7833,1.4769,1.0342,-17.0856,-19.2068,1.3615,1.5207
23.052,5.4028,2.7833,1.4769,1.0342,-17.1230,-19.2458,1.3615,1.5208
23.072,5.4028,2.7832,1.4769,1.0342,-17.1479,-19.2719,1.3615,1.5208
23.094,5.4028,2.7832,1.4769,1.0342,-17.1730,-19.2980,1.3615,1.5209
23.116,5.4028,2.7831,1.4769,1.0342,-17.1980,-19.3241,1.3615,1.5210
23.136,5.4029,2.7831,1.4772,1.0322,-17.2231,-19.3502,1.3615,1.5210
23.158,5.4029,2.7831,1.4772,1.0322,-17.2482,-19.3764,1.3614,1.5211
23.180,5.4029,2.7830,1.4772,1.0322,-17.2734,-19.4026,1.3614,1.5212
23.200,5.4030,2.7829,1.4772,1.0322,-17.2986,-19.4287,1.3614,1.5212
23.222,5.4030,2.7829,1.4772,1.0322,-17.3365,-19.4681,1.3614,1.5213
23.244,5.4030,2.7828,1.4772,1.0322,-17.3618,-19.4943,1.3614,1.5213
23.264,5.4031,2.7828,1.4772,1.0322,-17.3871,-19.5206,1.3614,1.5214
23.286,5.4031,2.7827,1.4772,1.0322,-17.4125,-19.5469,1.3614,1.5215
23.308,5.4031,2.7827,1.4772,1.0322,-17.4379,-19.5732,1.3614,1.5215
23.328,5.4032,2.7826,1.4760,1.0314,-17.4634,-19.5995,1.3614,1.5216
23.350,5.4032,2.7825,1.4760,1.0314,-17.4889,-19.6259,1.3601,1.5181
23.372,5.4033,2.7824,1.4760,1.0314,-17.5272,-19.6654,1.3601,1.5181
23.392,5.4033,2.7824,1.4760,1.0314,-17.5528,-19.6918,1.3600,1.5182
23.414,5.4033,2.7823,1.4760,1.0314,-17.5784,-19.7183,1.3600,1.5182
23.436,5.4033,2.7823,1.4760,1.0314,-17.6041,-19.7447,1.3600,1.5182
23.456,5.4034,2.7823,1.4760,1.0314,-17.6298,-19.7713,1.3600,1.5183
23.478,5.4034,2.7822,1.4760,1.0314,-17.6555,-19.7978,1.3600,1.5183
23.500,5.4034,2.7823,1.4760,1.0314,-17.6812,-19.8244,1.3599,1.5183
23.520,5.4034,2.7823,1.4760,1.0314,-17.7070,-19.8510,1.3599,1.5184
23.542,5.4033,2.7823,1.4816,1.0251,-17.7457,-19.8910,1.3599,1.5184
23.564,5.4033,2.7824,1.4816,1.0251,-17.7715,-19.9178,1.3599,1.5184
23.584,5.4032,2.7825,1.4816,1.0251,-17.7974,-19.9445,1.3598,1.5185
23.606,5.4032,2.7825,1.4816,1.0251,-17.8233,-19.9713,1.3598,1.5185
23.628,5.4031,2.7827,1.4816,1.0251,-17.8492,-19.9981,1.3598,1.5185
23.648,5.4031,2.7828,1.4816,1.0251,-17.8752,-20.0250,1.3598,1.5186
23.670,5.4030,2.7828,1.4816,1.0251,-17.9012,-20.0519,1.3598,1.5186
23.692,5.4030,2.7829,1.4816,1.0251,-17.9403,-20.0922,1.3598,1.5186
23.712,5.4029,2.7830,1.4816,1.0251,-17.9664,-20.1191,1.3598,1.5186
23.734,5.4029,2.7831,1.4794,1.0294,-17.9926,-20.1461,1.3597,1.5187
23.756,5.4028,2.7832,1.4794,1.0294,-18.0188,-20.1730,1.3627,1.5157
23.776,5.4027,2.7833,1.4794,1.0294,-18.0450,-20.2000,1.3627,1.5157
23.798,5.4027,2.7833,1.4794,1.0294,-18.0713,-20.2270,1.3627,1.5157
23.820,5.4027,2.7834,1.4794,1.0294,-18.0976,-20.2540,1.3627,1.5157
23.840,5.4027,2.7834,1.4794,1.0294,-18.1240,-20.2810,1.3627,1.5157
23.862,5.4027,2.7834,1.4794,1.0294,-18.1636,-20.3216,1.3627,1.5157
23.884,5.4026,2.7835,1.4794,1.0294,-18.1901,-20.3486,1.3628,1.5157
23.904,5.4026,2.7835,1.4794,1.0294,-18.2166,-20.3757,1.3628,1.5157
23.926,5.4026,2.7835,1.4794,1.0294,-18.2432,-20.4028,1.3628,1.5157
23.948,5.4026,2.7835,1.4767,1.0341,-18.2698,-20.4299,1.3628,1.5158
23.968,5.4026,2.7835,1.4767,1.0341,-18.2964,-20.4570,1.3628,1.5158
23.990,5.4026,2.7835,1.4767,1.0341,-18.3231,-20.4842,1.3628,1.5158
24.012,5.4026,2.7835,1.4767,1.0341,-18.3632,-20.5249,1.3628,1.5158
24.032,5.4027,2.7834,1.4767,1.0341,-18.3900,-20.5521,1.3628,1.5158
24.054,5.4027,2.7834,1.4767,1.0341,-18.4168,-20.5793,1.3628,1.5158
24.076,5.4027,2.7834,1.4767,1.0341,-18.4437,-20.6066,1.3628,1.5158
24.096,5.4027,2.7834,1.4767,1.0341,-18.4706,-20.6338,1.3628,1.5158
24.118,5.4027,2.7833,1.4767,1.0341,-18.4976,-20.6611,1.3628,1.5158
24.140,5.4027,2.7833,1.4782,1.0317,-18.5245,-20.6884,1.3628,1.5158
24.160,5.4028,2.7833,1.4782,1.0317,-18.5516,-20.7157,1.3621,1.5180
24.182,5.4028,2.7832,1.4782,1.0317,-18.5922,-20.7567,1.3621,1.5181
24.204,5.4028,2.7831,1.4782,1.0317,-18.6193,-20.7841,1.3621,1.5181
24.224,5.4029,2.7831,1.4782,1.0317,-18.6465,-20.8115,1.3621,1.5181
24.246,5.4029,2.7831,1.4782,1.0317,-18.6737,-20.8389,1.3621,1.5181
24.268,5.4029,2.7830,1.4782,1.0317,-18.7010,-20.8663,1.3621,1.5182
24.288,5.4030,2.7829,1.4782,1.0317,-18.7283,-20.8938,1.3621,1.5182
24.310,5.4030,2.7829,1.4782,1.0317,-18.7556,-20.9213,1.3621,1.5182
24.332,5.4030,2.7828,1.4770,1.0309,-18.7967,-20.9626,1.3621,1.5182
24.352,5.4031,2.7828,1.4770,1.0309,-18.8241,-20.9901,1.3621,1.5183
24.374,5.4031,2.7827,1.4770,1.0309,-18.8516,-21.0177,1.3621,1.5183
24.396,5.4031,2.7827,1.4770,1.0309,-18.8791,-21.0452,1.3621,1.5183
24.416,5.4032,2.7826,1.4770,1.0309,-18.9067,-21.0729,1.3621,1.5184
24.438,5.4032,2.7825,1.4770,1.0309,-18.9342,-21.1005,1.3621,1.5184
24.460,5.4032,2.7825,1.4770,1.0309,-18.9619,-21.1281,1.3621,1.5184
24.480,5.4033,2.7824,1.4770,1.0309,-18.9896,-21.1558,1.3621,1.5184
24.502,5.4033,2.7823,1.4770,1.0309,-19.0311,-21.1974,1.3621,1.5184
24.524,5.4033,2.7823,1.4770,1.0309,-19.0589,-21.2251,1.3621,1.5185
24.544,5.4034,2.7823,1.4844,1.0237,-19.0867,-21.2529,1.3621,1.5185
24.566,5.4034,2.7822,1.4844,1.0237,-19.1145,-21.2808,1.3662,1.5096
24.588,5.4034,2.7822,1.4844,1.0237,-19.1424,-21.3086,1.3662,1.5095
24.608,5.4034,2.7822,1.4844,1.0237,-19.1703,-21.3365,1.3662,1.5095
24.630,5.4033,2.7823,1.4844,1.0237,-19.1982,-21.3645,1.3663,1.5094
24.652,5.4033,2.7823,1.4844,1.0237,-19.2402,-21.4065,1.3664,1.5094
24.672,5.4033,2.7824,1.4844,1.0237,-19.2682,-21.4345,1.3664,1.5094
24.694,5.4033,2.7824,1.4844,1.0237,-19.2962,-21.4626,1.3664,1.5093
24.716,5.4032,2.7826,1.4844,1.0237,-19.3243,-21.4907,1.3665,1.5092
24.736,5.4031,2.7826,1.4844,1.0237,-19.3524,-21.5189,1.3665,1.5092
24.758,5.4031,2.7827,1.4769,1.0308,-19.3806,-21.5470,1.3665,1.5091
24.780,5.4030,2.7828,1.4769,1.0308,-19.4229,-21.5893,1.3579,1.5218
24.800,5.4030,2.7829,1.4769,1.0308,-19.4370,-21.6035,1.3579,1.5218
24.822,5.4029,2.7830,1.4769,1.0308,-19.4795,-21.6458,1.3578,1.5219
24.844,5.4029,2.7830,1.4769,1.0308,-19.5078,-21.6741,1.3578,1.5219
24.866,5.4028,2.7831,1.4769,1.0308,-19.5362,-21.7024,1.3577,1.5220
24.886,5.4028,2.7832,1.4769,1.0308,-19.5646,-21.7307,1.3577,1.5221
24.908,5.4028,2.7832,1.4769,1.0308,-19.5931,-21.7590,1.3577,1.5221
24.930,5.4028,2.7833,1.4769,1.0308,-19.6216,-21.7873,1.3576,1.5222
24.950,5.4027,2.7833,1.4769,1.0308,-19.6502,-21.8157,1.3576,1.5223
24.972,5.4027,2.7833,1.4803,1.0269,-19.6932,-21.8582,1.3576,1.5223
24.994,5.4027,2.7833,1.4803,1.0269,-19.7218,-21.8866,1.3575,1.5224
25.014,5.4027,2.7833,1.4803,1.0269,-19.7506,-21.9151,1.3574,1.5225
25.036,5.4027,2.7833,1.4803,1.0269,-19.7793,-21.9435,1.3574,1.5225
25.058,5.4027,2.7833,1.4803,1.0269,-19.8082,-21.9719,1.3574,1.5225
25.078,5.4027,2.7833,1.4803,1.0269,-19.8370,-22.0004,1.3574,1.5225
25.100,5.4027,2.7833,1.4803,1.0269,-19.8659,-22.0289,1.3573,1.5226
25.122,5.4027,2.7833,1.4803,1.0269,-19.9094,-22.0717,1.3572,1.5227
25.142,5.4028,2.7833,1.4803,1.0269,-19.9384,-22.1002,1.3572,1.5227
25.164,5.4028,2.7832,1.4800,1.0271,-19.9674,-22.1288,1.3572,1.5228
25.186,5.4028,2.7832,1.4800,1.0271,-19.9965,-22.1574,1.3598,1.5182
25.206,5.4028,2.7832,1.4800,1.0271,-20.0257,-22.1860,1.3598,1.5182
25.228,5.4028,2.7831,1.4800,1.0271,-20.0548,-22.2147,1.3598,1.5182
25.250,5.4029,2.7831,1.4800,1.0271,-20.0841,-22.2433,1.3597,1.5182
25.270,5.4029,2.7830,1.4800,1.0271,-20.1133,-22.2720,1.3597,1.5182
25.292,5.4029,2.7830,1.4800,1.0271,-20.1573,-22.3151,1.3597,1.5183
25.314,5.4030,2.7829,1.4800,1.0271,-20.1867,-22.3438,1.3597,1.5183
25.334,5.4030,2.7829,1.4800,1.0271,-20.2161,-22.3726,1.3597,1.5183
25.356,5.4030,2.7829,1.4799,1.0281,-20.2456,-22.4014,1.3596,1.5183
25.378,5.4030,2.7828,1.4799,1.0281,-20.2751,-22.4302,1.3596,1.5183
25.398,5.4031,2.7827,1.4799,1.0281,-20.3046,-22.4590,1.3596,1.5184
25.420,5.4031,2.7827,1.4799,1.0281,-20.3342,-22.4879,1.3596,1.5184
25.442,5.4031,2.7827,1.4799,1.0281,-20.3787,-22.5312,1.3596,1.5184
25.462,5.4032,2.7826,1.4799,1.0281,-20.4084,-22.5601,1.3596,1.5184
25.484,5.4032,2.7825,1.4799,1.0281,-20.4381,-22.5891,1.3595,1.5184
25.506,5.4032,2.7825,1.4799,1.0281,-20.4679,-22.6181,1.3595,1.5184
25.526,5.4033,2.7824,1.4799,1.0281,-20.4977,-22.6471,1.3595,1.5185
25.548,5.4033,2.7823,1.4799,1.0281,-20.5275,-22.6761,1.3595,1.5185
25.570,5.4034,2.7823,1.4826,1.0234,-20.5575,-22.7051,1.3595,1.5185
25.590,5.4034,2.7822,1.4826,1.0234,-20.5874,-22.7342,1.3612,1.5145
25.612,5.4034,2.7821,1.4826,1.0234,-20.6324,-22.7779,1.3612,1.5145
25.634,5.4035,2.7821,1.4826,1.0234,-20.6624,-22.8070,1.3612,1.5145
25.654,5.4035,2.7821,1.4826,1.0234,-20.6925,-22.8362,1.3612,1.5145
25.676,5.4035,2.7821,1.4826,1.0234,-20.7226,-22.8655,1.3612,1.5145
25.698,5.4035,2.7821,1.4826,1.0234,-20.7528,-22.8948,1.3612,1.5144
25.718,5.4035,2.7821,1.4826,1.0234,-20.7829,-22.9241,1.3612,1.5144
25.740,5.4034,2.7821,1.4826,1.0234,-20.8132,-22.9535,1.3612,1.5144
25.762,5.4034,2.7822,1.4853,1.0224,-20.8585,-22.9976,1.3612,1.5144
25.782,5.4034,2.7822,1.4853,1.0224,-20.8889,-23.0270,1.3612,1.5143
25.804,5.4033,2.7823,1.4853,1.0224,-20.9192,-23.0565,1.3612,1.5143
25.826,5.4033,2.7824,1.4853,1.0224,-20.9496,-23.0860,1.3612,1.5143
25.846,5.4033,2.7824,1.4853,1.0224,-20.9800,-23.1156,1.3612,1.5143
25.868,5.4032,2.7825,1.4853,1.0224,-21.0105,-23.1451,1.3612,1.5143
25.890,5.4032,2.7826,1.4853,1.0224,-21.0410,-23.1747,1.3612,1.5143
25.910,5.4031,2.7827,1.4853,1.0224,-21.0715,-23.2044,1.3612,1.5143
25.932,5.4031,2.7827,1.4853,1.0224,-21.1175,-23.2489,1.3612,1.5142
25.954,5.4030,2.7828,1.4853,1.0224,-21.1481,-23.2786,1.3612,1.5142
25.974,5.4030,2.7829,1.4759,1.0330,-21.1788,-23.3083,1.3612,1.5142
25.996,5.4030,2.7829,1.4759,1.0330,-21.2096,-23.3380,1.3572,1.5241
26.018,5.4029,2.7830,1.4759,1.0330,-21.2404,-23.3677,1.3572,1.5243
26.038,5.4029,2.7830,1.4759,1.0330,-21.2712,-23.3975,1.3572,1.5243
26.060,5.4029,2.7831,1.4759,1.0330,-21.3021,-23.4273,1.3571,1.5244
26.082,5.4029,2.7831,1.4759,1.0330,-21.3486,-23.4720,1.3570,1.5245
26.102,5.4028,2.7831,1.4759,1.0330,-21.3796,-23.5019,1.3570,1.5245
26.124,5.4028,2.7831,1.4759,1.0330,-21.4106,-23.5317,1.3570,1.5246
26.146,5.4028,2.7831,1.4759,1.0330,-21.4417,-23.5616,1.3570,1.5246
26.166,5.4028,2.7831,1.4781,1.0321,-21.4729,-23.5915,1.3569,1.5247
26.188,5.4028,2.7831,1.4781,1.0321,-21.5041,-23.6214,1.3569,1.5248
26.210,5.4028,2.7831,1.4781,1.0321,-21.5353,-23.6513,1.3569,1.5248
26.230,5.4029,2.7831,1.4781,1.0321,-21.5666,-23.6813,1.3568,1.5249
26.252,5.4029,2.7831,1.4781,1.0321,-21.6136,-23.7263,1.3567,1.5251
26.274,5.4029,2.7831,1.4781,1.0321,-21.6450,-23.7563,1.3567,1.5251
26.294,5.4029,2.7830,1.4781,1.0321,-21.6765,-23.7864,1.3567,1.5252
26.316,5.4029,2.7830,1.4781,1.0321,-21.7080,-23.8164,1.3566,1.5253
26.338,5.4029,2.7830,1.4781,1.0321,-21.7395,-23.8465,1.3566,1.5253
26.358,5.4030,2.7829,1.4769,1.0316,-21.7711,-23.8766,1.3566,1.5254
26.380,5.4030,2.7829,1.4769,1.0316,-21.8027,-23.9068,1.3578,1.5229
26.402,5.4030,2.7828,1.4769,1.0316,-21.8503,-23.9520,1.3578,1.5229
26.422,5.4030,2.7828,1.4769,1.0316,-21.8820,-23.9822,1.3577,1.5230
26.444,5.4031,2.7828,1.4769,1.0316,-21.9138,-24.0125,1.3577,1.5230
26.466,5.4031,2.7827,1.4769,1.0316,-21.9456,-24.0427,1.3577,1.5231
26.486,5.4031,2.7826,1.4769,1.0316,-21.9775,-24.0730,1.3576,1.5231
26.508,5.4032,2.7826,1.4769,1.0316,-22.0094,-24.1033,1.3576,1.5231
26.530,5.4032,2.7825,1.4769,1.0316,-22.0414,-24.1336,1.3576,1.5232
26.550,5.4032,2.7825,1.4769,1.0316,-22.0894,-24.1792,1.3575,1.5233
26.572,5.4033,2.7824,1.4801,1.0279,-22.1215,-24.2096,1.3575,1.5233
26.594,5.4033,2.7823,1.4801,1.0279,-22.1536,-24.2400,1.3575,1.5234
26.614,5.4033,2.7823,1.4801,1.0279,-22.1858,-24.2705,1.3575,1.5234
26.636,5.4034,2.7822,1.4801,1.0279,-22.2180,-24.3009,1.3575,1.5234
26.658,5.4034,2.7822,1.4801,1.0279,-22.2503,-24.3314,1.3574,1.5235
26.678,5.4035,2.7821,1.4801,1.0279,-22.2826,-24.3620,1.3574,1.5235
26.700,5.4035,2.7820,1.4801,1.0279,-22.3149,-24.3925,1.3574,1.5236
26.722,5.4035,2.7820,1.4801,1.0279,-22.3635,-24.4384,1.3573,1.5237
26.744,5.4036,2.7819,1.4801,1.0279,-22.3960,-24.4691,1.3573,1.5237
26.764,5.4036,2.7819,1.4871,1.0175,-22.4285,-24.4997,1.3573,1.5237
26.786,5.4036,2.7819,1.4871,1.0175,-22.4610,-24.5305,1.3641,1.5086
26.808,5.4036,2.7819,1.4871,1.0175,-22.4936,-24.5612,1.3641,1.5086
26.828,5.4036,2.7819,1.4871,1.0175,-22.5262,-24.5920,1.3641,1.5084
26.850,5.4036,2.7819,1.4871,1.0175,-22.5588,-24.6229,1.3642,1.5083
26.872,5.4036,2.7819,1.4871,1.0175,-22.6078,-24.6692,1.3642,1.5083
26.892,5.4035,2.7820,1.4871,1.0175,-22.6406,-24.7002,1.3642,1.5082
26.914,5.4035,2.7821,1.4871,1.0175,-22.6733,-24.7311,1.3643,1.5080
26.936,5.4035,2.7821,1.4871,1.0175,-22.7062,-24.7621,1.3643,1.5080
26.956,5.4034,2.7822,1.4849,1.0221,-22.7390,-24.7932,1.3644,1.5079
26.978,5.4034,2.7823,1.4849,1.0221,-22.7719,-24.8243,1.3644,1.5079
27.000,5.4033,2.7823,1.4849,1.0221,-22.8049,-24.8554,1.3644,1.5077
27.020,5.4033,2.7824,1.4849,1.0221,-22.8378,-24.8865,1.3645,1.5076
27.042,5.4032,2.7825,1.4849,1.0221,-22.8874,-24.9333,1.3645,1.5076
27.064,5.4032,2.7826,1.4849,1.0221,-22.9205,-24.9645,1.3645,1.5074
27.084,5.4031,2.7826,1.4849,1.0221,-22.9537,-24.9957,1.3646,1.5073
27.106,5.4031,2.7828,1.4849,1.0221,-22.9869,-25.0270,1.3646,1.5073
27.128,5.4030,2.7828,1.4849,1.0221,-23.0201,-25.0583,1.3646,1.5072
27.148,5.4030,2.7829,1.4849,1.0221,-23.0534,-25.0896,1.3647,1.5070
27.170,5.4029,2.7830,1.4790,1.0284,-23.0867,-25.1209,1.3647,1.5070
27.192,5.4029,2.7830,1.4790,1.0284,-23.1368,-25.1679,1.3591,1.5197
27.212,5.4029,2.7830,1.4790,1.0284,-23.1703,-25.1993,1.3591,1.5197
27.234,5.4029,2.7831,1.4790,1.0284,-23.2038,-25.2307,1.3591,1.5197
27.256,5.4029,2.7831,1.4790,1.0284,-23.2374,-25.2621,1.3591,1.5198
27.276,5.4028,2.7831,1.4790,1.0284,-23.2710,-25.2936,1.3591,1.5198
27.298,5.4028,2.7831,1.4790,1.0284,-23.3046,-25.3250,1.3590,1.5198
27.320,5.4028,2.7831,1.4790,1.0284,-23.3383,-25.3565,1.3590,1.5199
27.340,5.4028,2.7831,1.4790,1.0284,-23.3721,-25.3880,1.3590,1.5199
27.362,5.4028,2.7831,1.4781,1.0319,-23.4228,-25.4354,1.3590,1.5199
27.384,5.4028,2.7831,1.4781,1.0319,-23.4567,-25.4669,1.3590,1.5199
27.404,5.4029,2.7831,1.4781,1.0319,-23.4906,-25.4985,1.3590,1.5199
27.426,5.4029,2.7831,1.4781,1.0319,-23.5246,-25.5301,1.3589,1.5200
27.448,5.4029,2.7831,1.4781,1.0319,-23.5586,-25.5618,1.3589,1.5200
27.468,5.4029,2.7830,1.4781,1.0319,-23.5927,-25.5935,1.3589,1.5200
27.490,5.4029,2.7830,1.4781,1.0319,-23.6268,-25.6251,1.3589,1.5201
27.512,5.4030,2.7829,1.4781,1.0319,-23.6781,-25.6727,1.3589,1.5201
27.532,5.4030,2.7829,1.4781,1.0319,-23.7123,-25.7045,1.3589,1.5201
27.554,5.4030,2.7829,1.4793,1.0299,-23.7466,-25.7363,1.3588,1.5201
27.576,5.4030,2.7828,1.4793,1.0299,-23.7809,-25.7681,1.3588,1.5201
27.596,5.4031,2.7828,1.4793,1.0299,-23.8153,-25.7999,1.3596,1.5210
27.618,5.4031,2.7827,1.4793,1.0299,-23.8497,-25.8318,1.3596,1.5211
27.640,5.4031,2.7827,1.4793,1.0299,-23.8842,-25.8637,1.3596,1.5211
27.660,5.4031,2.7827,1.4793,1.0299,-23.9360,-25.9116,1.3596,1.5211
27.682,5.4032,2.7826,1.4793,1.0299,-23.9706,-25.9435,1.3596,1.5212
27.704,5.4032,2.7825,1.4793,1.0299,-24.0052,-25.9755,1.3596,1.5212
27.724,5.4032,2.7825,1.4793,1.0299,-24.0399,-26.0075,1.3596,1.5212
27.746,5.4033,2.7824,1.4793,1.0299,-24.0747,-26.0396,1.3596,1.5212
27.768,5.4033,2.7823,1.4823,1.0256,-24.1094,-26.0717,1.3596,1.5213
27.788,5.4033,2.7823,1.4823,1.0256,-24.1443,-26.1038,1.3596,1.5213
27.810,5.4034,2.7822,1.4823,1.0256,-24.1791,-26.1359,1.3596,1.5213
27.832,5.4034,2.7822,1.4823,1.0256,-24.2315,-26.1841,1.3595,1.5214
27.852,5.4035,2.7821,1.4823,1.0256,-24.2665,-26.2163,1.3595,1.5214
27.874,5.4035,2.7820,1.4823,1.0256,-24.3016,-26.2486,1.3595,1.5214
27.896,5.4035,2.7820,1.4823,1.0256,-24.3367,-26.2808,1.3595,1.5215
27.916,5.4035,2.7820,1.4823,1.0256,-24.3718,-26.3131,1.3595,1.5215
27.938,5.4036,2.7819,1.4823,1.0256,-24.4069,-26.3455,1.3595,1.5215
27.960,5.4036,2.7819,1.4861,1.0147,-24.4422,-26.3779,1.3595,1.5216
27.980,5.4036,2.7819,1.4861,1.0147,-24.4774,-26.4103,1.3628,1.5062
28.002,5.4036,2.7819,1.4861,1.0147,-24.5303,-26.4590,1.3628,1.5062
28.024,5.4036,2.7819,1.4861,1.0147,-24.5657,-26.4916,1.3629,1.5060
28.044,5.4035,2.7820,1.4861,1.0147,-24.6011,-26.5242,1.3629,1.5060
28.066,5.4035,2.7821,1.4861,1.0147,-24.6365,-26.5568,1.3629,1.5058
28.088,5.4034,2.7821,1.4861,1.0147,-24.6719,-26.5894,1.3630,1.5056
28.108,5.4034,2.7822,1.4861,1.0147,-24.7075,-26.6221,1.3630,1.5056
28.130,5.4033,2.7823,1.4861,1.0147,-24.7430,-26.6549,1.3630,1.5055
28.152,5.4033,2.7824,1.4861,1.0147,-24.7964,-26.7041,1.3630,1.5053
28.172,5.4032,2.7825,1.4840,1.0214,-24.8321,-26.7369,1.3630,1.5053
28.194,5.4031,2.7826,1.4840,1.0214,-24.8678,-26.7697,1.3631,1.5051
28.216,5.4031,2.7827,1.4840,1.0214,-24.9036,-26.8026,1.3631,1.5050
28.236,5.4031,2.7828,1.4840,1.0214,-24.9394,-26.8355,1.3631,1.5050
28.258,5.4030,2.7829,1.4840,1.0214,-24.9752,-26.8685,1.3631,1.5048
28.280,5.4029,2.7830,1.4840,1.0214,-25.0111,-26.9014,1.3632,1.5046
28.300,5.4029,2.7830,1.4840,1.0214,-25.0471,-26.9344,1.3632,1.5046
28.322,5.4029,2.7831,1.4840,1.0214,-25.1011,-26.9839,1.3632,1.5044
28.344,5.4028,2.7831,1.4840,1.0214,-25.1372,-27.0170,1.3632,1.5044
28.364,5.4028,2.7832,1.4783,1.0322,-25.1734,-27.0500,1.3632,1.5043
28.386,5.4028,2.7832,1.4783,1.0322,-25.2096,-27.0831,1.3593,1.5232
28.408,5.4027,2.7833,1.4783,1.0322,-25.2458,-27.1162,1.3593,1.5232
28.428,5.4027,2.7833,1.4783,1.0322,-25.2821,-27.1493,1.3592,1.5233
28.450,5.4027,2.7833,1.4783,1.0322,-25.3185,-27.1825,1.3592,1.5234
28.472,5.4027,2.7833,1.4783,1.0322,-25.3731,-27.2322,1.3592,1.5234
28.492,5.4027,2.7833,1.4783,1.0322,-25.4096,-27.2654,1.3592,1.5235
28.514,5.4027,2.7833,1.4783,1.0322,-25.4461,-27.2987,1.3592,1.5236
28.536,5.4027,2.7833,1.4783,1.0322,-25.4827,-27.3319,1.3592,1.5236
28.556,5.4027,2.7833,1.4801,1.0259,-25.5193,-27.3652,1.3592,1.5237
28.578,5.4028,2.7833,1.4801,1.0259,-25.5560,-27.3985,1.3592,1.5237
28.600,5.4028,2.7833,1.4801,1.0259,-25.5927,-27.4319,1.3591,1.5238
28.622,5.4028,2.7832,1.4801,1.0259,-25.6479,-27.4819,1.3591,1.5239
28.642,5.4028,2.7832,1.4801,1.0259,-25.6848,-27.5153,1.3591,1.5239
28.664,5.4028,2.7832,1.4801,1.0259,-25.7217,-27.5487,1.3591,1.5240
28.686,5.4028,2.7831,1.4801,1.0259,-25.7587,-27.5822,1.3591,1.5241
28.706,5.4029,2.7831,1.4801,1.0259,-25.7957,-27.6157,1.3591,1.5241
28.728,5.4029,2.7830,1.4801,1.0259,-25.8327,-27.6492,1.3590,1.5242
28.750,5.4029,2.7830,1.4801,1.0259,-25.8699,-27.6827,1.3590,1.5243
28.770,5.4030,2.7829,1.4768,1.0325,-25.9070,-27.7163,1.3590,1.5243
28.792,5.4030,2.7829,1.4768,1.0325,-25.9628,-27.7667,1.3579,1.5238
28.814,5.4030,2.7829,1.4768,1.0325,-26.0001,-27.8004,1.3579,1.5239
28.834,5.4031,2.7828,1.4768,1.0325,-26.0375,-27.8340,1.3579,1.5239
28.856,5.4031,2.7827,1.4768,1.0325,-26.0748,-27.8677,1.3579,1.5240
28.878,5.4031,2.7827,1.4768,1.0325,-26.1123,-27.9015,1.3579,1.5240
28.898,5.4031,2.7826,1.4768,1.0325,-26.1498,-27.9352,1.3578,1.5241
28.920,5.4032,2.7825,1.4768,1.0325,-26.1873,-27.9690,1.3578,1.5242
28.942,5.4032,2.7825,1.4768,1.0325,-26.2437,-28.0197,1.3578,1.5242
28.962,5.4033,2.7824,1.4802,1.0282,-26.2813,-28.0536,1.3578,1.5243
28.984,5.4033,2.7824,1.4802,1.0282,-26.3191,-28.0875,1.3577,1.5244
29.006,5.4033,2.7823,1.4802,1.0282,-26.3568,-28.1214,1.3577,1.5244
29.026,5.4034,2.7823,1.4802,1.0282,-26.3946,-28.1554,1.3577,1.5245
29.048,5.4034,2.7822,1.4802,1.0282,-26.4325,-28.1894,1.3576,1.5246
29.070,5.4034,2.7821,1.4802,1.0282,-26.4704,-28.2234,1.3576,1.5246
29.090,5.4035,2.7821,1.4802,1.0282,-26.5083,-28.2575,1.3576,1.5247
29.112,5.4035,2.7821,1.4802,1.0282,-26.5653,-28.3087,1.3576,1.5247
29.134,5.4035,2.7821,1.4802,1.0282,-26.6033,-28.3429,1.3576,1.5248
29.154,5.4034,2.7821,1.4802,1.0282,-26.6414,-28.3771,1.3575,1.5249
29.176,5.4034,2.7822,1.4847,1.0219,-26.6795,-28.4114,1.3575,1.5249
29.198,5.4034,2.7822,1.4847,1.0219,-26.7177,-28.4457,1.3630,1.5128
29.218,5.4033,2.7823,1.4847,1.0219,-26.7559,-28.4801,1.3631,1.5128
29.240,5.4033,2.7824,1.4847,1.0219,-26.7941,-28.5145,1.3631,1.5128
29.262,5.4032,2.7825,1.4847,1.0219,-26.8516,-28.5662,1.3631,1.5127
29.282,5.4032,2.7826,1.4847,1.0219,-26.8900,-28.6008,1.3632,1.5126
29.304,5.4031,2.7827,1.4847,1.0219,-26.9284,-28.6353,1.3632,1.5126
29.326,5.4031,2.7828,1.4847,1.0219,-26.9668,-28.6699,1.3632,1.5125
29.346,5.4030,2.7828,1.4847,1.0219,-27.0054,-28.7045,1.3632,1.5125
29.368,5.4029,2.7830,1.4791,1.0281,-27.0439,-28.7391,1.3632,1.5125
29.390,5.4029,2.7831,1.4791,1.0281,-27.0826,-28.7738,1.3633,1.5124
29.410,5.4028,2.7831,1.4791,1.0281,-27.1212,-28.8085,1.3633,1.5124
29.432,5.4028,2.7832,1.4791,1.0281,-27.1793,-28.8605,1.3633,1.5123
29.454,5.4027,2.7833,1.4791,1.0281,-27.2182,-28.8953,1.3634,1.5122
29.474,5.4027,2.7833,1.4791,1.0281,-27.2570,-28.9301,1.3634,1.5122
29.496,5.4027,2.7834,1.4791,1.0281,-27.2959,-28.9648,1.3634,1.5121
29.518,5.4027,2.7834,1.4791,1.0281,-27.3349,-28.9996,1.3635,1.5121
29.538,5.4026,2.7834,1.4791,1.0281,-27.3740,-29.0345,1.3635,1.5121
29.560,5.4026,2.7835,1.4776,1.0325,-27.4130,-29.0693,1.3635,1.5120
29.582,5.4026,2.7835,1.4776,1.0325,-27.4718,-29.1217,1.3588,1.5237
29.602,5.4026,2.7835,1.4776,1.0325,-27.5110,-29.1566,1.3588,1.5237
29.624,5.4026,2.7835,1.4776,1.0325,-27.5503,-29.1915,1.3588,1.5238
29.646,5.4026,2.7835,1.4776,1.0325,-27.5896,-29.2265,1.3588,1.5238
29.666,5.4026,2.7834,1.4776,1.0325,-27.6290,-29.2615,1.3588,1.5239
29.688,5.4027,2.7834,1.4776,1.0325,-27.6684,-29.2966,1.3587,1.5240
29.710,5.4027,2.7834,1.4776,1.0325,-27.7079,-29.3316,1.3587,1.5240
29.730,5.4027,2.7834,1.4776,1.0325,-27.7474,-29.3667,1.3587,1.5241
29.752,5.4027,2.7833,1.4776,1.0325,-27.8068,-29.4194,1.3587,1.5242
29.774,5.4027,2.7833,1.4795,1.0302,-27.8465,-29.4545,1.3587,1.5242
29.794,5.4028,2.7833,1.4795,1.0302,-27.8862,-29.4897,1.3587,1.5243
29.816,5.4028,2.7832,1.4795,1.0302,-27.9260,-29.5249,1.3586,1.5244
29.838,5.4028,2.7832,1.4795,1.0302,-27.9658,-29.5602,1.3586,1.5244
29.858,5.4028,2.7831,1.4795,1.0302,-28.0057,-29.5955,1.3586,1.5245
29.880,5.4029,2.7831,1.4795,1.0302,-28.0456,-29.6308,1.3586,1.5246
29.902,5.4029,2.7831,1.4795,1.0302,-28.1056,-29.6838,1.3586,1.5246
29.922,5.4029,2.7830,1.4795,1.0302,-28.1457,-29.7192,1.3586,1.5246
29.944,5.4029,2.7830,1.4795,1.0302,-28.1858,-29.7546,1.3586,1.5246
29.966,5.4030,2.7829,1.4766,1.0312,-28.2260,-29.7900,1.3585,1.5247
29.986,5.4030,2.7828,1.4766,1.0312,-28.2662,-29.8255,1.3576,1.5229
