0.0683,0.0635,0.0
0.0683,0.0635,0.0
0.0683,0.0635,0.0
0.0683,0.0635,0.0
0.0683,0.0635,0.0
0.0683,0.0635,0.0
0.0683,0.0635,0.0
0.0621,0.0444,0.0
0.0621,0.0444,0.0
0.0621,0.0444,0.0
0.0621,0.0444,0.0
0.0621,0.0444,0.0
0.0621,0.0444,0.0
0.0621,0.0444,0.0
0.0621,0.0444,0.0
0.0621,0.0444,0.0
0.0702,-0.0067,0.0
0.0702,-0.0067,0.0
0.0702,-0.0067,0.0
0.0702,-0.0067,0.0
0.0702,-0.0067,0.0
0.0702,-0.0067,0.0
0.0702,-0.0067,0.0
0.0702,-0.0067,0.0
0.0702,-0.0067,0.0
0.0968,0.0064,0.0
0.0968,0.0064,0.0
0.0968,0.0064,0.0
0.0968,0.0064,0.0
0.0968,0.0064,0.0
0.0968,0.0064,0.0
0.0968,0.0064,0.0
0.0968,0.0064,0.0
0.0968,0.0064,0.0
0.1378,0.0160,0.0
0.1378,0.0160,0.0
0.1378,0.0160,0.0
0.1378,0.0160,0.0
0.1378,0.0160,0.0
0.1378,0.0160,0.0
0.1378,0.0160,0.0
0.1378,0.0160,0.0
0.1378,0.0160,0.0
0.1378,0.0160,0.0
0.1378,0.0160,0.0
0.1378,0.0160,0.0
0.1378,0.0160,0.0
0.1378,0.0160,0.0
0.1378,0.0160,0.0
0.1378,0.0160,0.0
0.1470,-0.0211,0.0
0.1470,-0.0211,0.0
0.1470,-0.0211,0.0
0.1470,-0.0211,0.0
0.1470,-0.0211,0.0
0.1470,-0.0211,0.0
0.1470,-0.0211,0.0
0.1362,-0.0338,0.0
0.1362,-0.0338,0.0
0.1362,-0.0338,0.0
0.1362,-0.0338,0.0
0.1362,-0.0338,0.0
0.1362,-0.0338,0.0
0.1362,-0.0338,0.0
0.1362,-0.0338,0.0
0.1362,-0.0338,0.0
0.1362,-0.0338,0.0
0.1263,-0.0614,0.0
0.1263,-0.0614,0.0
0.1263,-0.0614,0.0
0.1263,-0.0614,0.0
0.1263,-0.0614,0.0
0.1263,-0.0614,0.0
0.1263,-0.0614,0.0
0.1263,-0.0614,0.0
0.1263,-0.0614,0.0
0.1128,-0.0858,0.0
0.1128,-0.0858,0.0
0.1128,-0.0858,0.0
0.1128,-0.0858,0.0
0.1128,-0.0858,0.0
0.1128,-0.0858,0.0
0.1128,-0.0858,0.0
0.1128,-0.0858,0.0
0.1128,-0.0858,0.0
0.1194,-0.0779,0.0
0.1194,-0.0779,0.0
0.1194,-0.0779,0.0
0.1194,-0.0779,0.0
0.1194,-0.0779,0.0
0.1194,-0.0779,0.0
0.1194,-0.0779,0.0
0.1194,-0.0779,0.0
0.1194,-0.0779,0.0
0.1384,-0.0186,0.0
0.1384,-0.0186,0.0
0.1384,-0.0186,0.0
0.1384,-0.0186,0.0
0.1384,-0.0186,0.0
0.1384,-0.0186,0.0
0.1384,-0.0186,0.0
0.1384,-0.0186,0.0
0.1384,-0.0186,0.0
0.1384,-0.0186,0.0
0.1640,-0.0561,0.0
0.1640,-0.0561,0.0
0.1640,-0.0561,0.0
0.1640,-0.0561,0.0
0.1640,-0.0561,0.0
0.1640,-0.0561,0.0
0.1640,-0.0561,0.0
0.1640,-0.0561,0.0
0.1640,-0.0561,0.0
0.1908,-0.0778,0.0
0.1908,-0.0778,0.0
0.1908,-0.0778,0.0
0.1908,-0.0778,0.0
0.1908,-0.0778,0.0
0.1908,-0.0778,0.0
0.1908,-0.0778,0.0
0.1908,-0.0778,0.0
0.1908,-0.0778,0.0
0.1908,-0.0778,0.0
0.2549,-0.0712,0.0
0.2549,-0.0712,0.0
0.2549,-0.0712,0.0
0.2549,-0.0712,0.0
0.2549,-0.0712,0.0
0.2549,-0.0712,0.0
0.2549,-0.0712,0.0
0.2549,-0.0712,0.0
0.2549,-0.0712,0.0
0.2872,-0.1065,0.0
0.2872,-0.1065,0.0
0.2872,-0.1065,0.0
0.2872,-0.1065,0.0
0.2872,-0.1065,0.0
0.2872,-0.1065,0.0
0.2872,-0.1065,0.0
0.2872,-0.1065,0.0
0.2872,-0.1065,0.0
0.3366,-0.1051,0.0
0.3366,-0.1051,0.0
0.3366,-0.1051,0.0
0.3366,-0.1051,0.0
0.3366,-0.1051,0.0
0.3366,-0.1051,0.0
0.3366,-0.1051,0.0
0.3366,-0.1051,0.0
0.3366,-0.1051,0.0
0.3366,-0.1051,0.0
0.3837,-0.0874,0.0
0.3837,-0.0874,0.0
0.3837,-0.0874,0.0
0.3837,-0.0874,0.0
0.3837,-0.0874,0.0
0.3837,-0.0874,0.0
0.3837,-0.0874,0.0
0.3837,-0.0874,0.0
0.3837,-0.0874,0.0
0.4164,-0.0957,0.0
0.4164,-0.0957,0.0
0.4164,-0.0957,0.0
0.4164,-0.0957,0.0
0.4164,-0.0957,0.0
0.4164,-0.0957,0.0
0.4164,-0.0957,0.0
0.4164,-0.0957,0.0
0.4164,-0.0957,0.0
0.4568,-0.1104,0.0
0.4568,-0.1104,0.0
0.4568,-0.1104,0.0
0.4568,-0.1104,0.0
0.4568,-0.1104,0.0
0.4568,-0.1104,0.0
0.4568,-0.1104,0.0
0.4568,-0.1104,0.0
0.4568,-0.1104,0.0
0.4568,-0.1104,0.0
0.4870,-0.1365,0.0
0.4870,-0.1365,0.0
0.4870,-0.1365,0.0
0.4870,-0.1365,0.0
0.4870,-0.1365,0.0
0.4870,-0.1365,0.0
0.4870,-0.1365,0.0
0.4870,-0.1365,0.0
0.4870,-0.1365,0.0
0.4851,-0.1674,0.0
0.4851,-0.1674,0.0
0.4851,-0.1674,0.0
0.4851,-0.1674,0.0
0.4851,-0.1674,0.0
0.4851,-0.1674,0.0
0.4851,-0.1674,0.0
0.4851,-0.1674,0.0
0.4851,-0.1674,0.0
0.4851,-0.1674,0.0
0.4727,-0.1968,0.0
0.4727,-0.1968,0.0
0.4727,-0.1968,0.0
0.4727,-0.1968,0.0
0.4727,-0.1968,0.0
0.4727,-0.1968,0.0
0.4727,-0.1968,0.0
0.4727,-0.1968,0.0
0.4727,-0.1968,0.0
0.4679,-0.2453,0.0
0.4679,-0.2453,0.0
0.4679,-0.2453,0.0
0.4679,-0.2453,0.0
0.4679,-0.2453,0.0
0.4679,-0.2453,0.0
0.4679,-0.2453,0.0
0.4679,-0.2453,0.0
0.4679,-0.2453,0.0
0.4672,-0.2806,0.0
0.4672,-0.2806,0.0
0.4672,-0.2806,0.0
0.4672,-0.2806,0.0
0.4672,-0.2806,0.0
0.4672,-0.2806,0.0
0.4672,-0.2806,0.0
0.4672,-0.2806,0.0
0.4672,-0.2806,0.0
0.4713,-0.3316,0.0
0.4713,-0.3316,0.0
0.4713,-0.3316,0.0
0.4713,-0.3316,0.0
0.4713,-0.3316,0.0
0.4713,-0.3316,0.0
0.4713,-0.3316,0.0
0.4713,-0.3316,0.0
0.4713,-0.3316,0.0
0.4713,-0.3316,0.0
0.5076,-0.2983,0.0
0.5076,-0.2983,0.0
0.5076,-0.2983,0.0
0.5076,-0.2983,0.0
0.5076,-0.2983,0.0
0.5076,-0.2983,0.0
0.5076,-0.2983,0.0
0.5076,-0.2983,0.0
0.5076,-0.2983,0.0
0.5505,-0.2596,0.0
0.5505,-0.2596,0.0
0.5505,-0.2596,0.0
0.5505,-0.2596,0.0
0.5505,-0.2596,0.0
0.5505,-0.2596,0.0
0.5505,-0.2596,0.0
0.5505,-0.2596,0.0
0.5505,-0.2596,0.0
0.5505,-0.2596,0.0
0.5826,-0.2235,0.0
0.5826,-0.2235,0.0
0.5826,-0.2235,0.0
0.5826,-0.2235,0.0
0.5826,-0.2235,0.0
0.5826,-0.2235,0.0
0.5826,-0.2235,0.0
0.5826,-0.2235,0.0
0.5826,-0.2235,0.0
0.6231,-0.2447,0.0
0.6231,-0.2447,0.0
0.6231,-0.2447,0.0
0.6231,-0.2447,0.0
0.6231,-0.2447,0.0
0.6231,-0.2447,0.0
0.6231,-0.2447,0.0
0.6231,-0.2447,0.0
0.6231,-0.2447,0.0
0.6231,-0.2447,0.0
0.6231,-0.2447,0.0
0.6231,-0.2447,0.0
0.6231,-0.2447,0.0
0.6483,-0.3068,0.0
0.6483,-0.3068,0.0
0.6483,-0.3068,0.0
0.6483,-0.3068,0.0
0.6483,-0.3068,0.0
0.6483,-0.3068,0.0
0.6483,-0.3068,0.0
0.6483,-0.3068,0.0
0.6483,-0.3068,0.0
0.6919,-0.3432,0.0
0.6919,-0.3432,0.0
0.6919,-0.3432,0.0
0.6919,-0.3432,0.0
0.6919,-0.3432,0.0
0.6919,-0.3432,0.0
0.6919,-0.3432,0.0
0.6919,-0.3432,0.0
0.6919,-0.3432,0.0
0.6919,-0.3432,0.0
0.7197,-0.3875,0.0
0.7197,-0.3875,0.0
0.7197,-0.3875,0.0
0.7197,-0.3875,0.0
0.7197,-0.3875,0.0
0.7197,-0.3875,0.0
0.7197,-0.3875,0.0
0.7197,-0.3875,0.0
0.7197,-0.3875,0.0
0.7425,-0.4406,0.0
0.7425,-0.4406,0.0
0.7425,-0.4406,0.0
0.7425,-0.4406,0.0
0.7425,-0.4406,0.0
0.7425,-0.4406,0.0
0.7425,-0.4406,0.0
0.7425,-0.4406,0.0
0.7425,-0.4406,0.0
0.7592,-0.4954,0.0
0.7592,-0.4954,0.0
0.7592,-0.4954,0.0
0.7592,-0.4954,0.0
0.7592,-0.4954,0.0
0.7592,-0.4954,0.0
0.7592,-0.4954,0.0
0.7592,-0.4954,0.0
0.7592,-0.4954,0.0
0.7592,-0.4954,0.0
0.7395,-0.4724,0.0
0.7395,-0.4724,0.0
0.7395,-0.4724,0.0
0.7395,-0.4724,0.0
0.7395,-0.4724,0.0
0.7395,-0.4724,0.0
0.7395,-0.4724,0.0
0.7395,-0.4724,0.0
0.7395,-0.4724,0.0
0.7395,-0.4724,0.0
0.7993,-0.5477,0.0
0.7993,-0.5477,0.0
0.7993,-0.5477,0.0
0.7993,-0.5477,0.0
0.7993,-0.5477,0.0
0.7993,-0.5477,0.0
0.7993,-0.5477,0.0
0.7993,-0.5477,0.0
0.7993,-0.5477,0.0
0.7993,-0.5477,0.0
0.8434,-0.5846,0.0
0.8434,-0.5846,0.0
0.8434,-0.5846,0.0
0.8434,-0.5846,0.0
0.8434,-0.5846,0.0
0.8434,-0.5846,0.0
0.8434,-0.5846,0.0
0.8434,-0.5846,0.0
0.8434,-0.5846,0.0
0.9106,-0.6008,0.0
0.9106,-0.6008,0.0
0.9106,-0.6008,0.0
0.9106,-0.6008,0.0
0.9106,-0.6008,0.0
0.9106,-0.6008,0.0
0.9106,-0.6008,0.0
0.9106,-0.6008,0.0
0.9106,-0.6008,0.0
0.9106,-0.6008,0.0
0.9592,-0.6136,0.0
0.9592,-0.6136,0.0
0.9592,-0.6136,0.0
0.9592,-0.6136,0.0
0.9592,-0.6136,0.0
0.9592,-0.6136,0.0
0.9592,-0.6136,0.0
0.9592,-0.6136,0.0
0.9592,-0.6136,0.0
0.9784,-0.6544,0.0
0.9784,-0.6544,0.0
0.9784,-0.6544,0.0
0.9784,-0.6544,0.0
0.9784,-0.6544,0.0
0.9784,-0.6544,0.0
0.9784,-0.6544,0.0
0.9784,-0.6544,0.0
0.9784,-0.6544,0.0
0.9905,-0.7047,0.0
0.9905,-0.7047,0.0
0.9905,-0.7047,0.0
0.9905,-0.7047,0.0
0.9905,-0.7047,0.0
0.9905,-0.7047,0.0
0.9905,-0.7047,0.0
0.9905,-0.7047,0.0
0.9905,-0.7047,0.0
0.9905,-0.7047,0.0
0.9905,-0.7047,0.0
0.9905,-0.7047,0.0
0.9905,-0.7047,0.0
1.0625,-0.8040,0.0
1.0625,-0.8040,0.0
1.0625,-0.8040,0.0
1.0625,-0.8040,0.0
1.0625,-0.8040,0.0
1.0625,-0.8040,0.0
1.0625,-0.8040,0.0
1.0625,-0.8040,0.0
1.0625,-0.8040,0.0
1.0799,-0.8616,0.0
1.0799,-0.8616,0.0
1.0799,-0.8616,0.0
1.0799,-0.8616,0.0
1.0799,-0.8616,0.0
1.0799,-0.8616,0.0
1.0799,-0.8616,0.0
1.0799,-0.8616,0.0
1.0799,-0.8616,0.0
1.0799,-0.8616,0.0
1.0975,-0.8777,0.0
1.0975,-0.8777,0.0
1.0975,-0.8777,0.0
1.0975,-0.8777,0.0
1.0975,-0.8777,0.0
1.0975,-0.8777,0.0
1.0975,-0.8777,0.0
1.0975,-0.8777,0.0
1.0975,-0.8777,0.0
1.1279,-0.8672,0.0
1.1279,-0.8672,0.0
1.1279,-0.8672,0.0
1.1279,-0.8672,0.0
1.1279,-0.8672,0.0
1.1279,-0.8672,0.0
1.1279,-0.8672,0.0
1.1279,-0.8672,0.0
1.1279,-0.8672,0.0
1.1911,-0.8272,0.0
1.1911,-0.8272,0.0
1.1911,-0.8272,0.0
1.1911,-0.8272,0.0
1.1911,-0.8272,0.0
1.1911,-0.8272,0.0
1.1911,-0.8272,0.0
1.1911,-0.8272,0.0
1.1911,-0.8272,0.0
1.1911,-0.8272,0.0
1.1911,-0.8272,0.0
1.2495,-0.8380,0.0
1.2495,-0.8380,0.0
1.2495,-0.8380,0.0
1.2495,-0.8380,0.0
1.2495,-0.8380,0.0
1.2495,-0.8380,0.0
1.2495,-0.8380,0.0
1.2495,-0.8380,0.0
1.2495,-0.8380,0.0
1.2495,-0.8380,0.0
1.2974,-0.8428,0.0
1.2974,-0.8428,0.0
1.2974,-0.8428,0.0
1.2974,-0.8428,0.0
1.2974,-0.8428,0.0
1.2974,-0.8428,0.0
1.2974,-0.8428,0.0
1.2974,-0.8428,0.0
1.2974,-0.8428,0.0
1.2974,-0.8428,0.0
1.2974,-0.8428,0.0
1.2974,-0.8428,0.0
1.2974,-0.8428,0.0
1.2974,-0.8428,0.0
1.2974,-0.8428,0.0
1.2974,-0.8428,0.0
1.2974,-0.8428,0.0
1.2974,-0.8428,0.0
1.3781,-0.8400,0.0
1.3781,-0.8400,0.0
1.3781,-0.8400,0.0
1.3781,-0.8400,0.0
1.3781,-0.8400,0.0
1.3781,-0.8400,0.0
1.3781,-0.8400,0.0
1.3781,-0.8400,0.0
1.3781,-0.8400,0.0
1.3781,-0.8400,0.0
1.4130,-0.8629,0.0
1.4130,-0.8629,0.0
1.4130,-0.8629,0.0
1.4130,-0.8629,0.0
1.4130,-0.8629,0.0
1.4130,-0.8629,0.0
1.4130,-0.8629,0.0
1.4130,-0.8629,0.0
1.4130,-0.8629,0.0
1.4330,-0.8921,0.0
1.4330,-0.8921,0.0
1.4330,-0.8921,0.0
1.4330,-0.8921,0.0
1.4330,-0.8921,0.0
1.4330,-0.8921,0.0
1.4330,-0.8921,0.0
1.4330,-0.8921,0.0
1.4330,-0.8921,0.0
1.4400,-0.9004,0.0
1.4400,-0.9004,0.0
1.4400,-0.9004,0.0
1.4400,-0.9004,0.0
1.4400,-0.9004,0.0
1.4400,-0.9004,0.0
1.4400,-0.9004,0.0
1.4400,-0.9004,0.0
1.4400,-0.9004,0.0
1.4400,-0.9004,0.0
1.4410,-0.9171,0.0
1.4410,-0.9171,0.0
1.4410,-0.9171,0.0
1.4410,-0.9171,0.0
1.4410,-0.9171,0.0
1.4410,-0.9171,0.0
1.4410,-0.9171,0.0
1.4410,-0.9171,0.0
1.4410,-0.9171,0.0
1.4544,-0.9373,0.0
1.4544,-0.9373,0.0
1.4544,-0.9373,0.0
1.4544,-0.9373,0.0
1.4544,-0.9373,0.0
1.4544,-0.9373,0.0
1.4544,-0.9373,0.0
1.4544,-0.9373,0.0
1.4544,-0.9373,0.0
1.4544,-0.9373,0.0
1.4815,-0.9487,0.0
1.4815,-0.9487,0.0
1.4815,-0.9487,0.0
1.4815,-0.9487,0.0
1.4815,-0.9487,0.0
1.4815,-0.9487,0.0
1.4815,-0.9487,0.0
1.4815,-0.9487,0.0
1.4815,-0.9487,0.0
1.5270,-0.9525,0.0
1.5270,-0.9525,0.0
1.5270,-0.9525,0.0
1.5270,-0.9525,0.0
1.5270,-0.9525,0.0
1.5270,-0.9525,0.0
1.5270,-0.9525,0.0
1.5270,-0.9525,0.0
1.5270,-0.9525,0.0
1.5744,-0.9656,0.0
1.5744,-0.9656,0.0
1.5744,-0.9656,0.0
1.5744,-0.9656,0.0
1.5744,-0.9656,0.0
1.5744,-0.9656,0.0
1.5744,-0.9656,0.0
1.5744,-0.9656,0.0
1.5744,-0.9656,0.0
1.5744,-0.9656,0.0
1.6216,-0.9855,0.0
1.6216,-0.9855,0.0
1.6216,-0.9855,0.0
1.6216,-0.9855,0.0
1.6216,-0.9855,0.0
1.6216,-0.9855,0.0
1.6216,-0.9855,0.0
1.6216,-0.9855,0.0
1.6216,-0.9855,0.0
1.6636,-0.9996,0.0
1.6636,-0.9996,0.0
1.6636,-0.9996,0.0
1.6636,-0.9996,0.0
1.6636,-0.9996,0.0
1.6636,-0.9996,0.0
1.6636,-0.9996,0.0
1.6636,-0.9996,0.0
1.6636,-0.9996,0.0
1.7106,-1.0070,0.0
1.7106,-1.0070,0.0
1.7106,-1.0070,0.0
1.7106,-1.0070,0.0
1.7106,-1.0070,0.0
1.7106,-1.0070,0.0
1.7106,-1.0070,0.0
1.7106,-1.0070,0.0
1.7106,-1.0070,0.0
1.7106,-1.0070,0.0
1.7165,-1.0098,0.0
1.7165,-1.0098,0.0
1.7165,-1.0098,0.0
1.7165,-1.0098,0.0
1.7165,-1.0098,0.0
1.7165,-1.0098,0.0
1.7165,-1.0098,0.0
1.7165,-1.0098,0.0
1.7165,-1.0098,0.0
1.7619,-1.0191,0.0
1.7619,-1.0191,0.0
1.7619,-1.0191,0.0
1.7619,-1.0191,0.0
1.7619,-1.0191,0.0
1.7619,-1.0191,0.0
1.7619,-1.0191,0.0
1.7619,-1.0191,0.0
1.7619,-1.0191,0.0
1.7619,-1.0191,0.0
1.8026,-1.0181,0.0
1.8026,-1.0181,0.0
1.8026,-1.0181,0.0
1.8026,-1.0181,0.0
1.8026,-1.0181,0.0
1.8026,-1.0181,0.0
1.8026,-1.0181,0.0
1.8026,-1.0181,0.0
1.8026,-1.0181,0.0
1.7872,-1.0199,0.0
1.7872,-1.0199,0.0
1.7872,-1.0199,0.0
1.7872,-1.0199,0.0
1.7872,-1.0199,0.0
1.7872,-1.0199,0.0
1.7872,-1.0199,0.0
1.7872,-1.0199,0.0
1.7872,-1.0199,0.0
1.8507,-1.0371,0.0
1.8507,-1.0371,0.0
1.8507,-1.0371,0.0
1.8507,-1.0371,0.0
1.8507,-1.0371,0.0
1.8507,-1.0371,0.0
1.8507,-1.0371,0.0
1.8507,-1.0371,0.0
1.8507,-1.0371,0.0
1.8507,-1.0371,0.0
1.8799,-1.0580,0.0
1.8799,-1.0580,0.0
1.8799,-1.0580,0.0
1.8799,-1.0580,0.0
1.8799,-1.0580,0.0
1.8799,-1.0580,0.0
1.8799,-1.0580,0.0
1.8799,-1.0580,0.0
1.8799,-1.0580,0.0
1.8848,-1.0704,0.0
1.8848,-1.0704,0.0
1.8848,-1.0704,0.0
1.8848,-1.0704,0.0
1.8848,-1.0704,0.0
1.8848,-1.0704,0.0
1.8848,-1.0704,0.0
1.8848,-1.0704,0.0
1.8848,-1.0704,0.0
1.8848,-1.0704,0.0
1.8824,-1.0834,0.0
1.8824,-1.0834,0.0
1.8824,-1.0834,0.0
1.8824,-1.0834,0.0
1.8824,-1.0834,0.0
1.8824,-1.0834,0.0
1.8824,-1.0834,0.0
1.8824,-1.0834,0.0
1.8824,-1.0834,0.0
1.8771,-1.0941,0.0
1.8771,-1.0941,0.0
1.8771,-1.0941,0.0
1.8771,-1.0941,0.0
1.8771,-1.0941,0.0
1.8771,-1.0941,0.0
1.8771,-1.0941,0.0
1.8771,-1.0941,0.0
1.8771,-1.0941,0.0
1.8777,-1.0960,0.0
1.8777,-1.0960,0.0
1.8777,-1.0960,0.0
1.8777,-1.0960,0.0
1.8777,-1.0960,0.0
1.8777,-1.0960,0.0
1.8777,-1.0960,0.0
1.8777,-1.0960,0.0
1.8777,-1.0960,0.0
1.8777,-1.0960,0.0
1.9062,-1.1071,0.0
1.9062,-1.1071,0.0
1.9062,-1.1071,0.0
1.9062,-1.1071,0.0
1.9062,-1.1071,0.0
1.9062,-1.1071,0.0
1.9062,-1.1071,0.0
1.9062,-1.1071,0.0
1.9062,-1.1071,0.0
1.9426,-1.1121,0.0
1.9426,-1.1121,0.0
1.9426,-1.1121,0.0
1.9426,-1.1121,0.0
1.9426,-1.1121,0.0
1.9426,-1.1121,0.0
1.9426,-1.1121,0.0
1.9426,-1.1121,0.0
1.9426,-1.1121,0.0
1.9760,-1.1191,0.0
1.9760,-1.1191,0.0
1.9760,-1.1191,0.0
1.9760,-1.1191,0.0
1.9760,-1.1191,0.0
1.9760,-1.1191,0.0
1.9760,-1.1191,0.0
1.9760,-1.1191,0.0
1.9760,-1.1191,0.0
2.0014,-1.1209,0.0
2.0014,-1.1209,0.0
2.0014,-1.1209,0.0
2.0014,-1.1209,0.0
2.0014,-1.1209,0.0
2.0014,-1.1209,0.0
2.0014,-1.1209,0.0
2.0014,-1.1209,0.0
2.0014,-1.1209,0.0
2.0014,-1.1209,0.0
2.0338,-1.1046,0.0
2.0338,-1.1046,0.0
2.0338,-1.1046,0.0
2.0338,-1.1046,0.0
2.0338,-1.1046,0.0
2.0338,-1.1046,0.0
2.0338,-1.1046,0.0
2.0338,-1.1046,0.0
2.0338,-1.1046,0.0
2.0338,-1.1046,0.0
2.0598,-1.1001,0.0
2.0598,-1.1001,0.0
2.0598,-1.1001,0.0
2.0598,-1.1001,0.0
2.0598,-1.1001,0.0
2.0598,-1.1001,0.0
2.0598,-1.1001,0.0
2.0598,-1.1001,0.0
2.0598,-1.1001,0.0
2.1012,-1.1121,0.0
2.1012,-1.1121,0.0
2.1012,-1.1121,0.0
2.1012,-1.1121,0.0
2.1012,-1.1121,0.0
2.1012,-1.1121,0.0
2.1012,-1.1121,0.0
2.1012,-1.1121,0.0
2.1012,-1.1121,0.0
2.1260,-1.1148,0.0
2.1260,-1.1148,0.0
2.1260,-1.1148,0.0
2.1260,-1.1148,0.0
2.1260,-1.1148,0.0
2.1260,-1.1148,0.0
2.1260,-1.1148,0.0
2.1260,-1.1148,0.0
2.1260,-1.1148,0.0
2.1260,-1.1148,0.0
2.1260,-1.1148,0.0
2.1260,-1.1148,0.0
2.2030,-1.1375,0.0
2.2030,-1.1375,0.0
2.2030,-1.1375,0.0
2.2030,-1.1375,0.0
2.2030,-1.1375,0.0
2.2030,-1.1375,0.0
2.2030,-1.1375,0.0
2.2030,-1.1375,0.0
2.2030,-1.1375,0.0
2.2030,-1.1375,0.0
2.2354,-1.1524,0.0
2.2354,-1.1524,0.0
2.2354,-1.1524,0.0
2.2354,-1.1524,0.0
2.2354,-1.1524,0.0
2.2354,-1.1524,0.0
2.2354,-1.1524,0.0
2.2354,-1.1524,0.0
2.2354,-1.1524,0.0
2.2418,-1.1737,0.0
2.2418,-1.1737,0.0
2.2418,-1.1737,0.0
2.2418,-1.1737,0.0
2.2418,-1.1737,0.0
2.2418,-1.1737,0.0
2.2418,-1.1737,0.0
2.2418,-1.1737,0.0
2.2418,-1.1737,0.0
2.2418,-1.1737,0.0
2.2418,-1.1737,0.0
2.2418,-1.1737,0.0
2.2418,-1.1737,0.0
2.2418,-1.1737,0.0
2.2418,-1.1737,0.0
2.2418,-1.1737,0.0
2.2418,-1.1737,0.0
2.2418,-1.1737,0.0
2.2418,-1.1737,0.0
2.2418,-1.1737,0.0
2.2418,-1.1737,0.0
2.3261,-1.2621,0.0
2.3261,-1.2621,0.0
2.3261,-1.2621,0.0
2.3261,-1.2621,0.0
2.3261,-1.2621,0.0
2.3261,-1.2621,0.0
2.3261,-1.2621,0.0
2.3261,-1.2621,0.0
2.3261,-1.2621,0.0
2.3513,-1.2944,0.0
2.3513,-1.2944,0.0
2.3513,-1.2944,0.0
2.3513,-1.2944,0.0
2.3513,-1.2944,0.0
2.3513,-1.2944,0.0
2.3513,-1.2944,0.0
2.3513,-1.2944,0.0
2.3513,-1.2944,0.0
2.3486,-1.3336,0.0
2.3486,-1.3336,0.0
2.3486,-1.3336,0.0
2.3486,-1.3336,0.0
2.3486,-1.3336,0.0
2.3486,-1.3336,0.0
2.3486,-1.3336,0.0
2.3486,-1.3336,0.0
2.3486,-1.3336,0.0
2.3486,-1.3336,0.0
2.3406,-1.3525,0.0
2.3406,-1.3525,0.0
2.3406,-1.3525,0.0
2.3406,-1.3525,0.0
2.3406,-1.3525,0.0
2.3406,-1.3525,0.0
2.3406,-1.3525,0.0
2.3406,-1.3525,0.0
2.3406,-1.3525,0.0
2.3579,-1.3703,0.0
2.3579,-1.3703,0.0
2.3579,-1.3703,0.0
2.3579,-1.3703,0.0
2.3579,-1.3703,0.0
2.3579,-1.3703,0.0
2.3579,-1.3703,0.0
2.3579,-1.3703,0.0
2.3579,-1.3703,0.0
2.3579,-1.3703,0.0
2.3706,-1.3560,0.0
2.3706,-1.3560,0.0
2.3706,-1.3560,0.0
2.3706,-1.3560,0.0
2.3706,-1.3560,0.0
2.3706,-1.3560,0.0
2.3706,-1.3560,0.0
2.3706,-1.3560,0.0
2.3842,-1.3560,0.0
2.3842,-1.3560,0.0
2.3842,-1.3560,0.0
2.3842,-1.3560,0.0
2.3842,-1.3560,0.0
2.3842,-1.3560,0.0
2.3842,-1.3560,0.0
2.3842,-1.3560,0.0
2.3842,-1.3560,0.0
2.3842,-1.3560,0.0
2.3842,-1.3560,0.0
2.3842,-1.3560,0.0
2.3842,-1.3560,0.0
2.3900,-1.3751,0.0
2.3900,-1.3751,0.0
2.3900,-1.3751,0.0
2.3900,-1.3751,0.0
2.3900,-1.3751,0.0
2.3900,-1.3751,0.0
2.3900,-1.3751,0.0
2.3900,-1.3751,0.0
2.3900,-1.3751,0.0
2.3990,-1.3673,0.0
2.3990,-1.3673,0.0
2.3990,-1.3673,0.0
2.3990,-1.3673,0.0
2.3990,-1.3673,0.0
2.3990,-1.3673,0.0
2.3990,-1.3673,0.0
2.3990,-1.3673,0.0
2.3990,-1.3673,0.0
2.3990,-1.3673,0.0
2.3990,-1.3673,0.0
2.4147,-1.3959,0.0
2.4147,-1.3959,0.0
2.4147,-1.3959,0.0
2.4147,-1.3959,0.0
2.4147,-1.3959,0.0
2.4147,-1.3959,0.0
2.4147,-1.3959,0.0
2.4147,-1.3959,0.0
2.4147,-1.3959,0.0
2.4147,-1.3959,0.0
2.4294,-1.4003,0.0
2.4294,-1.4003,0.0
2.4294,-1.4003,0.0
2.4294,-1.4003,0.0
2.4294,-1.4003,0.0
2.4294,-1.4003,0.0
2.4294,-1.4003,0.0
2.4294,-1.4003,0.0
2.4294,-1.4003,0.0
2.4454,-1.3980,0.0
2.4454,-1.3980,0.0
2.4454,-1.3980,0.0
2.4454,-1.3980,0.0
2.4454,-1.3980,0.0
2.4454,-1.3980,0.0
2.4454,-1.3980,0.0
2.4454,-1.3980,0.0
2.4454,-1.3980,0.0
2.4454,-1.3980,0.0
2.4430,-1.4065,0.0
2.4430,-1.4065,0.0
2.4430,-1.4065,0.0
2.4430,-1.4065,0.0
2.4430,-1.4065,0.0
2.4430,-1.4065,0.0
2.4430,-1.4065,0.0
2.4430,-1.4065,0.0
2.4430,-1.4065,0.0
2.4256,-1.4564,0.0
2.4256,-1.4564,0.0
2.4256,-1.4564,0.0
2.4256,-1.4564,0.0
2.4256,-1.4564,0.0
2.4256,-1.4564,0.0
2.4256,-1.4564,0.0
2.4256,-1.4564,0.0
2.4256,-1.4564,0.0
2.4256,-1.4564,0.0
2.4145,-1.5033,0.0
2.4145,-1.5033,0.0
2.4145,-1.5033,0.0
2.4145,-1.5033,0.0
2.4145,-1.5033,0.0
2.4145,-1.5033,0.0
2.4145,-1.5033,0.0
2.4145,-1.5033,0.0
2.4145,-1.5033,0.0
2.3988,-1.5463,0.0
2.3988,-1.5463,0.0
2.3988,-1.5463,0.0
2.3988,-1.5463,0.0
2.3988,-1.5463,0.0
2.3988,-1.5463,0.0
2.3988,-1.5463,0.0
2.3988,-1.5463,0.0
2.3988,-1.5463,0.0
2.3988,-1.5463,0.0
2.3558,-1.7091,0.0
2.3558,-1.7091,0.0
2.3558,-1.7091,0.0
2.3558,-1.7091,0.0
2.3558,-1.7091,0.0
2.3558,-1.7091,0.0
2.3558,-1.7091,0.0
2.3558,-1.7091,0.0
2.3558,-1.7091,0.0
2.3264,-1.8061,0.0
2.3264,-1.8061,0.0
2.3264,-1.8061,0.0
2.3264,-1.8061,0.0
2.3264,-1.8061,0.0
2.3264,-1.8061,0.0
2.3264,-1.8061,0.0
2.3264,-1.8061,0.0
2.3264,-1.8061,0.0
2.3126,-1.8044,0.0
2.3126,-1.8044,0.0
2.3126,-1.8044,0.0
2.3126,-1.8044,0.0
2.3126,-1.8044,0.0
2.3126,-1.8044,0.0
2.3126,-1.8044,0.0
2.3126,-1.8044,0.0
2.3126,-1.8044,0.0
2.2999,-1.7918,0.0
2.2999,-1.7918,0.0
2.2999,-1.7918,0.0
2.2999,-1.7918,0.0
2.2999,-1.7918,0.0
2.2999,-1.7918,0.0
2.2999,-1.7918,0.0
2.2999,-1.7918,0.0
2.2999,-1.7918,0.0
2.2999,-1.7918,0.0
2.2951,-1.7950,0.0
2.2951,-1.7950,0.0
2.2951,-1.7950,0.0
2.2951,-1.7950,0.0
2.2951,-1.7950,0.0
2.2951,-1.7950,0.0
2.2951,-1.7950,0.0
2.2951,-1.7950,0.0
2.2951,-1.7950,0.0
2.2951,-1.7950,0.0
2.2951,-1.7950,0.0
2.2951,-1.7950,0.0
2.2951,-1.7950,0.0
2.3153,-1.8462,0.0
2.3153,-1.8462,0.0
2.3153,-1.8462,0.0
2.3153,-1.8462,0.0
2.3153,-1.8462,0.0
2.3153,-1.8462,0.0
2.3153,-1.8462,0.0
2.3153,-1.8462,0.0
2.3153,-1.8462,0.0
2.3153,-1.8462,0.0
2.3153,-1.8462,0.0
2.3153,-1.8462,0.0
2.3153,-1.8462,0.0
2.3153,-1.8462,0.0
2.3153,-1.8462,0.0
2.3153,-1.8462,0.0
2.3153,-1.8462,0.0
2.3153,-1.8462,0.0
2.3153,-1.8462,0.0
2.3153,-1.8462,0.0
2.4487,-2.1390,0.0
2.4487,-2.1390,0.0
2.4487,-2.1390,0.0
2.4487,-2.1390,0.0
2.4487,-2.1390,0.0
2.4487,-2.1390,0.0
2.4487,-2.1390,0.0
2.4487,-2.1390,0.0
2.4487,-2.1390,0.0
2.4757,-2.1715,0.0
2.4757,-2.1715,0.0
2.4757,-2.1715,0.0
2.4757,-2.1715,0.0
2.4757,-2.1715,0.0
2.4757,-2.1715,0.0
2.4757,-2.1715,0.0
2.4757,-2.1715,0.0
2.4757,-2.1715,0.0
2.5066,-2.2097,0.0
2.5066,-2.2097,0.0
2.5066,-2.2097,0.0
2.5066,-2.2097,0.0
2.5066,-2.2097,0.0
2.5066,-2.2097,0.0
2.5066,-2.2097,0.0
2.5066,-2.2097,0.0
2.5066,-2.2097,0.0
2.5237,-2.2310,0.0
2.5237,-2.2310,0.0
2.5237,-2.2310,0.0
2.5237,-2.2310,0.0
2.5237,-2.2310,0.0
2.5237,-2.2310,0.0
2.5237,-2.2310,0.0
2.5237,-2.2310,0.0
2.5237,-2.2310,0.0
2.5237,-2.2310,0.0
2.5564,-2.2540,0.0
2.5564,-2.2540,0.0
2.5564,-2.2540,0.0
2.5564,-2.2540,0.0
2.5564,-2.2540,0.0
2.5564,-2.2540,0.0
2.5564,-2.2540,0.0
2.5564,-2.2540,0.0
2.5564,-2.2540,0.0
2.5564,-2.2540,0.0
2.5564,-2.2540,0.0
2.5564,-2.2540,0.0
2.5564,-2.2540,0.0
2.5564,-2.2540,0.0
2.5702,-2.3089,0.0
2.5702,-2.3089,0.0
2.5702,-2.3089,0.0
2.5702,-2.3089,0.0
2.5702,-2.3089,0.0
2.5702,-2.3089,0.0
2.5702,-2.3089,0.0
2.5702,-2.3089,0.0
2.5702,-2.3089,0.0
2.5322,-2.3357,0.0
2.5322,-2.3357,0.0
2.5322,-2.3357,0.0
2.5322,-2.3357,0.0
2.5322,-2.3357,0.0
2.5322,-2.3357,0.0
2.5322,-2.3357,0.0
2.5322,-2.3357,0.0
2.5322,-2.3357,0.0
2.5143,-2.3733,0.0
2.5143,-2.3733,0.0
2.5143,-2.3733,0.0
2.5143,-2.3733,0.0
2.5143,-2.3733,0.0
2.5143,-2.3733,0.0
2.5143,-2.3733,0.0
2.5143,-2.3733,0.0
2.5143,-2.3733,0.0
2.5143,-2.3733,0.0
2.4826,-2.4738,0.0
2.4826,-2.4738,0.0
2.4826,-2.4738,0.0
2.4826,-2.4738,0.0
2.4826,-2.4738,0.0
2.4826,-2.4738,0.0
2.4826,-2.4738,0.0
2.4826,-2.4738,0.0
2.4826,-2.4738,0.0
2.4799,-2.5701,0.0
2.4799,-2.5701,0.0
2.4799,-2.5701,0.0
2.4799,-2.5701,0.0
2.4799,-2.5701,0.0
2.4799,-2.5701,0.0
2.4799,-2.5701,0.0
2.4799,-2.5701,0.0
2.4799,-2.5701,0.0
2.4799,-2.5701,0.0
2.4799,-2.5701,0.0
2.4799,-2.5701,0.0
2.4799,-2.5701,0.0
2.4415,-2.6664,0.0
2.4415,-2.6664,0.0
2.4415,-2.6664,0.0
2.4415,-2.6664,0.0
2.4415,-2.6664,0.0
2.4415,-2.6664,0.0
2.4415,-2.6664,0.0
2.4415,-2.6664,0.0
2.4415,-2.6664,0.0
2.4415,-2.6664,0.0
2.3811,-2.6916,0.0
2.3811,-2.6916,0.0
2.3811,-2.6916,0.0
2.3811,-2.6916,0.0
2.3811,-2.6916,0.0
2.3811,-2.6916,0.0
2.3811,-2.6916,0.0
2.3811,-2.6916,0.0
2.3811,-2.6916,0.0
2.3472,-2.6927,0.0
2.3472,-2.6927,0.0
2.3472,-2.6927,0.0
2.3472,-2.6927,0.0
2.3472,-2.6927,0.0
2.3472,-2.6927,0.0
2.3472,-2.6927,0.0
2.3472,-2.6927,0.0
2.3472,-2.6927,0.0
2.3472,-2.6927,0.0
2.3024,-2.6894,0.0
2.3024,-2.6894,0.0
2.3024,-2.6894,0.0
2.3024,-2.6894,0.0
2.3024,-2.6894,0.0
2.3024,-2.6894,0.0
2.3024,-2.6894,0.0
2.3024,-2.6894,0.0
2.3024,-2.6894,0.0
2.3024,-2.6894,0.0
2.3024,-2.6894,0.0
2.3024,-2.6894,0.0
2.3024,-2.6894,0.0
2.3024,-2.6894,0.0
2.3024,-2.6894,0.0
2.3024,-2.6894,0.0
2.3024,-2.6894,0.0
2.3024,-2.6894,0.0
2.3024,-2.6894,0.0
2.3024,-2.6894,0.0
2.3024,-2.6894,0.0
2.1142,-2.8592,0.0
2.1142,-2.8592,0.0
2.1142,-2.8592,0.0
2.1142,-2.8592,0.0
2.1142,-2.8592,0.0
2.1142,-2.8592,0.0
2.1142,-2.8592,0.0
2.1142,-2.8592,0.0
2.0633,-2.8492,0.0
2.0633,-2.8492,0.0
2.0633,-2.8492,0.0
2.0633,-2.8492,0.0
2.0633,-2.8492,0.0
2.0633,-2.8492,0.0
2.0633,-2.8492,0.0
2.0633,-2.8492,0.0
2.0633,-2.8492,0.0
2.0359,-2.8318,0.0
2.0359,-2.8318,0.0
2.0359,-2.8318,0.0
2.0359,-2.8318,0.0
2.0359,-2.8318,0.0
2.0359,-2.8318,0.0
2.0359,-2.8318,0.0
2.0359,-2.8318,0.0
2.0359,-2.8318,0.0
2.0359,-2.8318,0.0
2.0359,-2.8318,0.0
2.0359,-2.8318,0.0
2.0359,-2.8318,0.0
2.0272,-2.8270,0.0
2.0272,-2.8270,0.0
2.0272,-2.8270,0.0
2.0272,-2.8270,0.0
2.0272,-2.8270,0.0
2.0272,-2.8270,0.0
2.0272,-2.8270,0.0
2.0272,-2.8270,0.0
2.0272,-2.8270,0.0
2.0028,-2.8069,0.0
2.0028,-2.8069,0.0
2.0028,-2.8069,0.0
2.0028,-2.8069,0.0
2.0028,-2.8069,0.0
2.0028,-2.8069,0.0
2.0028,-2.8069,0.0
2.0028,-2.8069,0.0
2.0028,-2.8069,0.0
2.0028,-2.8069,0.0
2.0028,-2.8069,0.0
2.0332,-2.8281,0.0
2.0332,-2.8281,0.0
2.0332,-2.8281,0.0
2.0332,-2.8281,0.0
2.0332,-2.8281,0.0
2.0332,-2.8281,0.0
2.0332,-2.8281,0.0
2.0332,-2.8281,0.0
2.0332,-2.8281,0.0
2.0543,-2.8175,0.0
2.0543,-2.8175,0.0
2.0543,-2.8175,0.0
2.0543,-2.8175,0.0
2.0543,-2.8175,0.0
2.0543,-2.8175,0.0
2.0543,-2.8175,0.0
2.0543,-2.8175,0.0
2.0543,-2.8175,0.0
2.0543,-2.8175,0.0
2.0543,-2.8175,0.0
2.0543,-2.8175,0.0
2.0543,-2.8175,0.0
2.0543,-2.8175,0.0
2.0555,-2.8434,0.0
2.0555,-2.8434,0.0
2.0555,-2.8434,0.0
2.0555,-2.8434,0.0
2.0555,-2.8434,0.0
2.0555,-2.8434,0.0
2.0555,-2.8434,0.0
2.0555,-2.8434,0.0
2.0555,-2.8434,0.0
2.0610,-2.8458,0.0
2.0610,-2.8458,0.0
2.0610,-2.8458,0.0
2.0610,-2.8458,0.0
2.0610,-2.8458,0.0
2.0610,-2.8458,0.0
2.0610,-2.8458,0.0
2.0610,-2.8458,0.0
2.0610,-2.8458,0.0
2.0611,-2.8372,0.0
2.0611,-2.8372,0.0
2.0611,-2.8372,0.0
2.0611,-2.8372,0.0
2.0611,-2.8372,0.0
2.0611,-2.8372,0.0
2.0611,-2.8372,0.0
2.0611,-2.8372,0.0
2.0611,-2.8372,0.0
2.0424,-2.8395,0.0
2.0424,-2.8395,0.0
2.0424,-2.8395,0.0
2.0424,-2.8395,0.0
2.0424,-2.8395,0.0
2.0424,-2.8395,0.0
2.0424,-2.8395,0.0
2.0424,-2.8395,0.0
2.0424,-2.8395,0.0
2.0424,-2.8395,0.0
2.0511,-2.8442,0.0
2.0511,-2.8442,0.0
2.0511,-2.8442,0.0
2.0511,-2.8442,0.0
2.0511,-2.8442,0.0
2.0511,-2.8442,0.0
2.0511,-2.8442,0.0
2.0511,-2.8442,0.0
2.0511,-2.8442,0.0
2.0668,-2.8571,0.0
2.0668,-2.8571,0.0
2.0668,-2.8571,0.0
2.0668,-2.8571,0.0
2.0668,-2.8571,0.0
2.0668,-2.8571,0.0
2.0668,-2.8571,0.0
2.0668,-2.8571,0.0
2.0668,-2.8571,0.0
2.0668,-2.8571,0.0
2.0404,-2.8590,0.0
2.0404,-2.8590,0.0
2.0404,-2.8590,0.0
2.0404,-2.8590,0.0
2.0404,-2.8590,0.0
2.0404,-2.8590,0.0
2.0404,-2.8590,0.0
2.0404,-2.8590,0.0
2.0404,-2.8590,0.0
2.0404,-2.8590,0.0
2.0543,-2.8200,0.0
2.0543,-2.8200,0.0
2.0543,-2.8200,0.0
2.0543,-2.8200,0.0
2.0543,-2.8200,0.0
2.0543,-2.8200,0.0
2.0543,-2.8200,0.0
2.0543,-2.8200,0.0
2.0543,-2.8200,0.0
2.0543,-2.8200,0.0
2.0543,-2.8200,0.0
2.0543,-2.8200,0.0
2.0543,-2.8200,0.0
2.0377,-2.7811,0.0
2.0377,-2.7811,0.0
2.0377,-2.7811,0.0
2.0377,-2.7811,0.0
2.0377,-2.7811,0.0
2.0377,-2.7811,0.0
2.0377,-2.7811,0.0
2.0377,-2.7811,0.0
2.0377,-2.7811,0.0
2.0143,-2.7807,0.0
2.0143,-2.7807,0.0
2.0143,-2.7807,0.0
2.0143,-2.7807,0.0
2.0143,-2.7807,0.0
2.0143,-2.7807,0.0
2.0143,-2.7807,0.0
2.0143,-2.7807,0.0
2.0143,-2.7807,0.0
2.0143,-2.7807,0.0
2.0335,-2.7637,0.0
2.0335,-2.7637,0.0
2.0335,-2.7637,0.0
2.0335,-2.7637,0.0
2.0335,-2.7637,0.0
2.0335,-2.7637,0.0
2.0335,-2.7637,0.0
2.0335,-2.7637,0.0
2.0335,-2.7637,0.0
2.0163,-2.7683,0.0
2.0163,-2.7683,0.0
2.0163,-2.7683,0.0
2.0163,-2.7683,0.0
2.0163,-2.7683,0.0
2.0163,-2.7683,0.0
2.0163,-2.7683,0.0
2.0163,-2.7683,0.0
2.0163,-2.7683,0.0
2.0163,-2.7683,0.0
2.0132,-2.7465,0.0
2.0132,-2.7465,0.0
2.0132,-2.7465,0.0
2.0132,-2.7465,0.0
2.0132,-2.7465,0.0
2.0132,-2.7465,0.0
2.0132,-2.7465,0.0
2.0132,-2.7465,0.0
2.0132,-2.7465,0.0
2.0148,-2.7332,0.0
2.0148,-2.7332,0.0
2.0148,-2.7332,0.0
2.0148,-2.7332,0.0
2.0148,-2.7332,0.0
2.0148,-2.7332,0.0
2.0148,-2.7332,0.0
2.0148,-2.7332,0.0
2.0148,-2.7332,0.0
1.9989,-2.7380,0.0
1.9989,-2.7380,0.0
1.9989,-2.7380,0.0
1.9989,-2.7380,0.0
1.9989,-2.7380,0.0
1.9989,-2.7380,0.0
1.9989,-2.7380,0.0
1.9989,-2.7380,0.0
1.9989,-2.7380,0.0
2.0119,-2.7120,0.0
2.0119,-2.7120,0.0
2.0119,-2.7120,0.0
2.0119,-2.7120,0.0
2.0119,-2.7120,0.0
2.0119,-2.7120,0.0
2.0119,-2.7120,0.0
2.0119,-2.7120,0.0
2.0119,-2.7120,0.0
2.0119,-2.7120,0.0
2.0040,-2.6900,0.0
2.0040,-2.6900,0.0
2.0040,-2.6900,0.0
2.0040,-2.6900,0.0
2.0040,-2.6900,0.0
2.0040,-2.6900,0.0
2.0040,-2.6900,0.0
2.0040,-2.6900,0.0
2.0040,-2.6900,0.0
2.0040,-2.6900,0.0
1.9768,-2.6610,0.0
1.9768,-2.6610,0.0
1.9768,-2.6610,0.0
1.9768,-2.6610,0.0
1.9768,-2.6610,0.0
1.9768,-2.6610,0.0
1.9768,-2.6610,0.0
1.9768,-2.6610,0.0
1.9768,-2.6610,0.0
1.9768,-2.6610,0.0
1.9692,-2.6254,0.0
1.9692,-2.6254,0.0
1.9692,-2.6254,0.0
1.9692,-2.6254,0.0
1.9692,-2.6254,0.0
1.9692,-2.6254,0.0
1.9692,-2.6254,0.0
1.9692,-2.6254,0.0
1.9692,-2.6254,0.0
1.9692,-2.6254,0.0
1.9692,-2.6254,0.0
1.9692,-2.6254,0.0
1.9692,-2.6254,0.0
1.9692,-2.6254,0.0
1.9692,-2.6254,0.0
1.9692,-2.6254,0.0
1.9692,-2.6254,0.0
1.9692,-2.6254,0.0
1.9692,-2.6254,0.0
1.9927,-2.6584,0.0
1.9927,-2.6584,0.0
1.9927,-2.6584,0.0
1.9927,-2.6584,0.0
1.9927,-2.6584,0.0
1.9927,-2.6584,0.0
1.9927,-2.6584,0.0
1.9927,-2.6584,0.0
1.9927,-2.6584,0.0
1.9501,-2.6181,0.0
1.9501,-2.6181,0.0
1.9501,-2.6181,0.0
1.9501,-2.6181,0.0
1.9501,-2.6181,0.0
1.9501,-2.6181,0.0
1.9501,-2.6181,0.0
1.9501,-2.6181,0.0
1.9501,-2.6181,0.0
1.9399,-2.5831,0.0
1.9399,-2.5831,0.0
1.9399,-2.5831,0.0
1.9399,-2.5831,0.0
1.9399,-2.5831,0.0
1.9399,-2.5831,0.0
1.9399,-2.5831,0.0
1.9399,-2.5831,0.0
1.9399,-2.5831,0.0
1.9399,-2.5831,0.0
1.9085,-2.5588,0.0
1.9085,-2.5588,0.0
1.9085,-2.5588,0.0
1.9085,-2.5588,0.0
1.9085,-2.5588,0.0
1.9085,-2.5588,0.0
1.9085,-2.5588,0.0
1.9085,-2.5588,0.0
1.9085,-2.5588,0.0
1.9067,-2.4847,0.0
1.9067,-2.4847,0.0
1.9067,-2.4847,0.0
1.9067,-2.4847,0.0
1.9067,-2.4847,0.0
1.9067,-2.4847,0.0
1.9067,-2.4847,0.0
1.9067,-2.4847,0.0
1.9067,-2.4847,0.0
1.9067,-2.4847,0.0
1.8940,-2.2615,0.0
1.8940,-2.2615,0.0
1.8940,-2.2615,0.0
1.8940,-2.2615,0.0
1.8940,-2.2615,0.0
1.8940,-2.2615,0.0
1.8940,-2.2615,0.0
1.8940,-2.2615,0.0
1.8940,-2.2615,0.0
1.8783,-2.1788,0.0
1.8783,-2.1788,0.0
1.8783,-2.1788,0.0
1.8783,-2.1788,0.0
1.8783,-2.1788,0.0
1.8783,-2.1788,0.0
1.8783,-2.1788,0.0
1.8783,-2.1788,0.0
1.8783,-2.1788,0.0
1.8493,-2.1203,0.0
1.8493,-2.1203,0.0
1.8493,-2.1203,0.0
1.8493,-2.1203,0.0
1.8493,-2.1203,0.0
1.8493,-2.1203,0.0
1.8493,-2.1203,0.0
1.8493,-2.1203,0.0
1.8493,-2.1203,0.0
1.7539,-2.0670,0.0
1.7539,-2.0670,0.0
1.7539,-2.0670,0.0
1.7539,-2.0670,0.0
1.7539,-2.0670,0.0
1.7539,-2.0670,0.0
1.7539,-2.0670,0.0
1.7539,-2.0670,0.0
1.7539,-2.0670,0.0
1.7539,-2.0670,0.0
1.7237,-2.0258,0.0
1.7237,-2.0258,0.0
1.7237,-2.0258,0.0
1.7237,-2.0258,0.0
1.7237,-2.0258,0.0
1.7237,-2.0258,0.0
1.7237,-2.0258,0.0
1.7237,-2.0258,0.0
1.7237,-2.0258,0.0
1.6923,-1.9819,0.0
1.6923,-1.9819,0.0
1.6923,-1.9819,0.0
1.6923,-1.9819,0.0
1.6923,-1.9819,0.0
1.6923,-1.9819,0.0
1.6923,-1.9819,0.0
1.6923,-1.9819,0.0
1.6923,-1.9819,0.0
1.6923,-1.9819,0.0
1.6347,-1.8174,0.0
1.6347,-1.8174,0.0
1.6347,-1.8174,0.0
1.6347,-1.8174,0.0
1.6347,-1.8174,0.0
1.6347,-1.8174,0.0
1.6347,-1.8174,0.0
1.6347,-1.8174,0.0
1.6347,-1.8174,0.0
1.6405,-1.7551,0.0
1.6405,-1.7551,0.0
1.6405,-1.7551,0.0
1.6405,-1.7551,0.0
1.6405,-1.7551,0.0
1.6405,-1.7551,0.0
1.6405,-1.7551,0.0
1.6405,-1.7551,0.0
1.6405,-1.7551,0.0
1.6073,-1.7599,0.0
1.6073,-1.7599,0.0
1.6073,-1.7599,0.0
1.6073,-1.7599,0.0
1.6073,-1.7599,0.0
1.6073,-1.7599,0.0
1.6073,-1.7599,0.0
1.6073,-1.7599,0.0
1.6073,-1.7599,0.0
1.5931,-1.7805,0.0
1.5931,-1.7805,0.0
1.5931,-1.7805,0.0
1.5931,-1.7805,0.0
1.5931,-1.7805,0.0
1.5931,-1.7805,0.0
1.5931,-1.7805,0.0
1.5931,-1.7805,0.0
1.5931,-1.7805,0.0
1.5931,-1.7805,0.0
1.5757,-1.7695,0.0
1.5757,-1.7695,0.0
1.5757,-1.7695,0.0
1.5757,-1.7695,0.0
1.5757,-1.7695,0.0
1.5757,-1.7695,0.0
1.5757,-1.7695,0.0
1.5757,-1.7695,0.0
1.5757,-1.7695,0.0
1.5517,-1.7533,0.0
1.5517,-1.7533,0.0
1.5517,-1.7533,0.0
1.5517,-1.7533,0.0
1.5517,-1.7533,0.0
1.5517,-1.7533,0.0
1.5517,-1.7533,0.0
1.5517,-1.7533,0.0
1.5517,-1.7533,0.0
1.5517,-1.7533,0.0
1.5323,-1.7083,0.0
1.5323,-1.7083,0.0
1.5323,-1.7083,0.0
1.5323,-1.7083,0.0
1.5323,-1.7083,0.0
1.5323,-1.7083,0.0
1.5323,-1.7083,0.0
1.5323,-1.7083,0.0
1.5323,-1.7083,0.0
1.5153,-1.6887,0.0
1.5153,-1.6887,0.0
1.5153,-1.6887,0.0
1.5153,-1.6887,0.0
1.5153,-1.6887,0.0
1.5153,-1.6887,0.0
1.5153,-1.6887,0.0
1.5153,-1.6887,0.0
1.5153,-1.6887,0.0
1.5153,-1.6887,0.0
1.5038,-1.6884,0.0
1.5038,-1.6884,0.0
1.5038,-1.6884,0.0
1.5038,-1.6884,0.0
1.5038,-1.6884,0.0
1.5038,-1.6884,0.0
1.5038,-1.6884,0.0
1.5038,-1.6884,0.0
1.5038,-1.6884,0.0
1.4760,-1.6881,0.0
1.4760,-1.6881,0.0
1.4760,-1.6881,0.0
1.4760,-1.6881,0.0
1.4760,-1.6881,0.0
1.4760,-1.6881,0.0
1.4760,-1.6881,0.0
1.4760,-1.6881,0.0
1.4760,-1.6881,0.0
1.4598,-1.6817,0.0
1.4598,-1.6817,0.0
1.4598,-1.6817,0.0
1.4598,-1.6817,0.0
1.4598,-1.6817,0.0
1.4598,-1.6817,0.0
1.4598,-1.6817,0.0
1.4598,-1.6817,0.0
1.4598,-1.6817,0.0
1.4598,-1.6817,0.0
1.4359,-1.6776,0.0
1.4359,-1.6776,0.0
1.4359,-1.6776,0.0
1.4359,-1.6776,0.0
1.4359,-1.6776,0.0
1.4359,-1.6776,0.0
1.4359,-1.6776,0.0
1.4359,-1.6776,0.0
1.4359,-1.6776,0.0
1.4172,-1.6698,0.0
1.4172,-1.6698,0.0
1.4172,-1.6698,0.0
1.4172,-1.6698,0.0
1.4172,-1.6698,0.0
1.4172,-1.6698,0.0
1.4172,-1.6698,0.0
1.4172,-1.6698,0.0
1.4172,-1.6698,0.0
1.4023,-1.6833,0.0
1.4023,-1.6833,0.0
1.4023,-1.6833,0.0
1.4023,-1.6833,0.0
1.4023,-1.6833,0.0
1.4023,-1.6833,0.0
1.4023,-1.6833,0.0
1.4023,-1.6833,0.0
1.4023,-1.6833,0.0
1.4023,-1.6833,0.0
1.3929,-1.6724,0.0
1.3929,-1.6724,0.0
1.3929,-1.6724,0.0
1.3929,-1.6724,0.0
1.3929,-1.6724,0.0
1.3929,-1.6724,0.0
1.3929,-1.6724,0.0
1.3929,-1.6724,0.0
1.3929,-1.6724,0.0
1.3840,-1.6646,0.0
1.3840,-1.6646,0.0
1.3840,-1.6646,0.0
1.3840,-1.6646,0.0
1.3840,-1.6646,0.0
1.3840,-1.6646,0.0
1.3840,-1.6646,0.0
1.3840,-1.6646,0.0
1.3840,-1.6646,0.0
1.3732,-1.6343,0.0
1.3732,-1.6343,0.0
1.3732,-1.6343,0.0
1.3732,-1.6343,0.0
1.3732,-1.6343,0.0
1.3732,-1.6343,0.0
1.3732,-1.6343,0.0
1.3732,-1.6343,0.0
1.3732,-1.6343,0.0
1.3732,-1.6343,0.0
1.3739,-1.6219,0.0
1.3739,-1.6219,0.0
1.3739,-1.6219,0.0
1.3739,-1.6219,0.0
1.3739,-1.6219,0.0
1.3739,-1.6219,0.0
1.3739,-1.6219,0.0
1.3739,-1.6219,0.0
1.3739,-1.6219,0.0
1.3787,-1.6290,0.0
1.3787,-1.6290,0.0
1.3787,-1.6290,0.0
1.3787,-1.6290,0.0
1.3787,-1.6290,0.0
1.3787,-1.6290,0.0
1.3787,-1.6290,0.0
1.3787,-1.6290,0.0
1.3787,-1.6290,0.0
1.3787,-1.6290,0.0
1.3236,-1.6183,0.0
1.3236,-1.6183,0.0
1.3236,-1.6183,0.0
1.3236,-1.6183,0.0
1.3236,-1.6183,0.0
1.3236,-1.6183,0.0
1.3236,-1.6183,0.0
1.3236,-1.6183,0.0
1.3236,-1.6183,0.0
1.2551,-1.5959,0.0
1.2551,-1.5959,0.0
1.2551,-1.5959,0.0
1.2551,-1.5959,0.0
1.2551,-1.5959,0.0
1.2551,-1.5959,0.0
1.2551,-1.5959,0.0
1.2551,-1.5959,0.0
1.2551,-1.5959,0.0
1.2551,-1.5959,0.0
1.2109,-1.5502,0.0
1.2109,-1.5502,0.0
1.2109,-1.5502,0.0
1.2109,-1.5502,0.0
1.2109,-1.5502,0.0
1.2109,-1.5502,0.0
1.2109,-1.5502,0.0
1.2109,-1.5502,0.0
1.2109,-1.5502,0.0
1.1836,-1.5292,0.0
1.1836,-1.5292,0.0
1.1836,-1.5292,0.0
1.1836,-1.5292,0.0
1.1836,-1.5292,0.0
1.1836,-1.5292,0.0
1.1836,-1.5292,0.0
1.1836,-1.5292,0.0
1.1836,-1.5292,0.0
1.1286,-1.5094,0.0
1.1286,-1.5094,0.0
1.1286,-1.5094,0.0
1.1286,-1.5094,0.0
1.1286,-1.5094,0.0
1.1286,-1.5094,0.0
1.1286,-1.5094,0.0
1.1286,-1.5094,0.0
1.1286,-1.5094,0.0
1.0942,-1.4795,0.0
1.0942,-1.4795,0.0
1.0942,-1.4795,0.0
1.0942,-1.4795,0.0
1.0942,-1.4795,0.0
1.0942,-1.4795,0.0
1.0942,-1.4795,0.0
1.0942,-1.4795,0.0
1.0942,-1.4795,0.0
1.0942,-1.4795,0.0
1.0756,-1.4698,0.0
1.0756,-1.4698,0.0
1.0756,-1.4698,0.0
1.0756,-1.4698,0.0
1.0756,-1.4698,0.0
1.0756,-1.4698,0.0
1.0756,-1.4698,0.0
1.0756,-1.4698,0.0
1.0756,-1.4698,0.0
1.0409,-1.4836,0.0
1.0409,-1.4836,0.0
1.0409,-1.4836,0.0
1.0409,-1.4836,0.0
1.0409,-1.4836,0.0
1.0409,-1.4836,0.0
1.0409,-1.4836,0.0
1.0409,-1.4836,0.0
1.0409,-1.4836,0.0
0.9950,-1.4781,0.0
0.9950,-1.4781,0.0
0.9950,-1.4781,0.0
0.9950,-1.4781,0.0
0.9950,-1.4781,0.0
0.9950,-1.4781,0.0
0.9950,-1.4781,0.0
0.9950,-1.4781,0.0
0.9950,-1.4781,0.0
0.9950,-1.4781,0.0
0.9950,-1.4781,0.0
0.9950,-1.4781,0.0
0.9950,-1.4781,0.0
0.9950,-1.4781,0.0
0.9753,-1.4782,0.0
0.9753,-1.4782,0.0
0.9753,-1.4782,0.0
0.9753,-1.4782,0.0
0.9753,-1.4782,0.0
0.9753,-1.4782,0.0
0.9753,-1.4782,0.0
0.9753,-1.4782,0.0
0.9753,-1.4782,0.0
0.9753,-1.4782,0.0
0.9827,-1.4494,0.0
0.9827,-1.4494,0.0
0.9827,-1.4494,0.0
0.9827,-1.4494,0.0
0.9827,-1.4494,0.0
0.9827,-1.4494,0.0
0.9827,-1.4494,0.0
0.9827,-1.4494,0.0
0.9827,-1.4494,0.0
0.9827,-1.4494,0.0
0.9827,-1.4494,0.0
0.9827,-1.4494,0.0
0.9827,-1.4494,0.0
0.9827,-1.4494,0.0
0.9827,-1.4494,0.0
0.9827,-1.4494,0.0
0.9827,-1.4494,0.0
0.9827,-1.4494,0.0
0.9827,-1.4494,0.0
1.0039,-1.4510,0.0
1.0039,-1.4510,0.0
1.0039,-1.4510,0.0
1.0039,-1.4510,0.0
1.0039,-1.4510,0.0
1.0039,-1.4510,0.0
1.0039,-1.4510,0.0
1.0039,-1.4510,0.0
1.0039,-1.4510,0.0
0.9614,-1.4426,0.0
0.9614,-1.4426,0.0
0.9614,-1.4426,0.0
0.9614,-1.4426,0.0
0.9614,-1.4426,0.0
0.9614,-1.4426,0.0
0.9614,-1.4426,0.0
0.9614,-1.4426,0.0
0.9614,-1.4426,0.0
0.9452,-1.4502,0.0
0.9452,-1.4502,0.0
0.9452,-1.4502,0.0
0.9452,-1.4502,0.0
0.9452,-1.4502,0.0
0.9452,-1.4502,0.0
0.9452,-1.4502,0.0
0.9452,-1.4502,0.0
0.9452,-1.4502,0.0
0.9452,-1.4502,0.0
0.9285,-1.4435,0.0
0.9285,-1.4435,0.0
0.9285,-1.4435,0.0
0.9285,-1.4435,0.0
0.9285,-1.4435,0.0
0.9285,-1.4435,0.0
0.9285,-1.4435,0.0
0.9285,-1.4435,0.0
0.9285,-1.4435,0.0
0.9113,-1.4161,0.0
0.9113,-1.4161,0.0
0.9113,-1.4161,0.0
0.9113,-1.4161,0.0
0.9113,-1.4161,0.0
0.9113,-1.4161,0.0
0.9113,-1.4161,0.0
0.9113,-1.4161,0.0
0.9113,-1.4161,0.0
0.9113,-1.4161,0.0
0.8881,-1.4090,0.0
0.8881,-1.4090,0.0
0.8881,-1.4090,0.0
0.8881,-1.4090,0.0
0.8881,-1.4090,0.0
0.8881,-1.4090,0.0
0.8881,-1.4090,0.0
0.8881,-1.4090,0.0
0.8881,-1.4090,0.0
0.9036,-1.3911,0.0
0.9036,-1.3911,0.0
0.9036,-1.3911,0.0
0.9036,-1.3911,0.0
0.9036,-1.3911,0.0
0.9036,-1.3911,0.0
0.9036,-1.3911,0.0
0.9036,-1.3911,0.0
0.9036,-1.3911,0.0
0.9024,-1.4180,0.0
0.9024,-1.4180,0.0
0.9024,-1.4180,0.0
0.9024,-1.4180,0.0
0.9024,-1.4180,0.0
0.9024,-1.4180,0.0
0.9024,-1.4180,0.0
0.9024,-1.4180,0.0
0.9024,-1.4180,0.0
0.9024,-1.4180,0.0
0.9052,-1.4235,0.0
0.9052,-1.4235,0.0
0.9052,-1.4235,0.0
0.9052,-1.4235,0.0
0.9052,-1.4235,0.0
0.9052,-1.4235,0.0
0.9052,-1.4235,0.0
0.9052,-1.4235,0.0
0.9052,-1.4235,0.0
0.9114,-1.4369,0.0
0.9114,-1.4369,0.0
0.9114,-1.4369,0.0
0.9114,-1.4369,0.0
0.9114,-1.4369,0.0
0.9114,-1.4369,0.0
0.9114,-1.4369,0.0
0.9114,-1.4369,0.0
0.9114,-1.4369,0.0
0.8881,-1.4564,0.0
0.8881,-1.4564,0.0
0.8881,-1.4564,0.0
0.8881,-1.4564,0.0
0.8881,-1.4564,0.0
0.8881,-1.4564,0.0
0.8881,-1.4564,0.0
0.8881,-1.4564,0.0
0.8881,-1.4564,0.0
0.8881,-1.4564,0.0
0.8822,-1.4474,0.0
0.8822,-1.4474,0.0
0.8822,-1.4474,0.0
0.8822,-1.4474,0.0
0.8822,-1.4474,0.0
0.8822,-1.4474,0.0
0.8822,-1.4474,0.0
0.8822,-1.4474,0.0
0.8822,-1.4474,0.0
0.8738,-1.4616,0.0
0.8738,-1.4616,0.0
0.8738,-1.4616,0.0
0.8738,-1.4616,0.0
0.8738,-1.4616,0.0
0.8738,-1.4616,0.0
0.8738,-1.4616,0.0
0.8738,-1.4616,0.0
0.8738,-1.4616,0.0
0.8926,-1.4727,0.0
0.8926,-1.4727,0.0
0.8926,-1.4727,0.0
0.8926,-1.4727,0.0
0.8926,-1.4727,0.0
0.8926,-1.4727,0.0
0.8926,-1.4727,0.0
0.8926,-1.4727,0.0
0.8926,-1.4727,0.0
0.8926,-1.4727,0.0
0.8590,-1.4826,0.0
0.8590,-1.4826,0.0
0.8590,-1.4826,0.0
0.8590,-1.4826,0.0
0.8590,-1.4826,0.0
0.8590,-1.4826,0.0
0.8590,-1.4826,0.0
0.8590,-1.4826,0.0
0.8590,-1.4826,0.0
0.8614,-1.4773,0.0
0.8614,-1.4773,0.0
0.8614,-1.4773,0.0
0.8614,-1.4773,0.0
0.8614,-1.4773,0.0
0.8614,-1.4773,0.0
0.8614,-1.4773,0.0
0.8614,-1.4773,0.0
0.8614,-1.4773,0.0
0.8614,-1.4773,0.0
0.8573,-1.4614,0.0
0.8573,-1.4614,0.0
0.8573,-1.4614,0.0
0.8573,-1.4614,0.0
0.8573,-1.4614,0.0
0.8573,-1.4614,0.0
0.8573,-1.4614,0.0
0.8573,-1.4614,0.0
0.8573,-1.4614,0.0
0.8245,-1.4600,0.0
0.8245,-1.4600,0.0
0.8245,-1.4600,0.0
0.8245,-1.4600,0.0
0.8245,-1.4600,0.0
0.8245,-1.4600,0.0
0.8245,-1.4600,0.0
0.8245,-1.4600,0.0
0.8245,-1.4600,0.0
0.7946,-1.4762,0.0
0.7946,-1.4762,0.0
0.7946,-1.4762,0.0
0.7946,-1.4762,0.0
0.7946,-1.4762,0.0
0.7946,-1.4762,0.0
0.7946,-1.4762,0.0
0.7946,-1.4762,0.0
0.7946,-1.4762,0.0
0.7946,-1.4762,0.0
0.7946,-1.4762,0.0
0.7946,-1.4762,0.0
0.7946,-1.4762,0.0
0.7946,-1.4762,0.0
0.7517,-1.4838,0.0
0.7517,-1.4838,0.0
0.7517,-1.4838,0.0
0.7517,-1.4838,0.0
0.7517,-1.4838,0.0
0.7517,-1.4838,0.0
0.7517,-1.4838,0.0
0.7517,-1.4838,0.0
0.7517,-1.4838,0.0
0.7591,-1.4824,0.0
0.7591,-1.4824,0.0
0.7591,-1.4824,0.0
0.7591,-1.4824,0.0
0.7591,-1.4824,0.0
0.7591,-1.4824,0.0
0.7591,-1.4824,0.0
0.7591,-1.4824,0.0
0.7591,-1.4824,0.0
0.7591,-1.4824,0.0
0.7591,-1.4824,0.0
0.6920,-1.5047,0.0
0.6920,-1.5047,0.0
0.6920,-1.5047,0.0
0.6920,-1.5047,0.0
0.6920,-1.5047,0.0
0.6920,-1.5047,0.0
0.6920,-1.5047,0.0
0.6920,-1.5047,0.0
0.6920,-1.5047,0.0
0.6890,-1.5058,0.0
0.6890,-1.5058,0.0
0.6890,-1.5058,0.0
0.6890,-1.5058,0.0
0.6890,-1.5058,0.0
0.6890,-1.5058,0.0
0.6890,-1.5058,0.0
0.6890,-1.5058,0.0
0.6890,-1.5058,0.0
0.6890,-1.5058,0.0
0.6890,-1.5058,0.0
0.6890,-1.5058,0.0
0.6670,-1.5050,0.0
0.6670,-1.5050,0.0
0.6670,-1.5050,0.0
0.6670,-1.5050,0.0
0.6670,-1.5050,0.0
0.6670,-1.5050,0.0
0.6670,-1.5050,0.0
0.6670,-1.5050,0.0
0.6670,-1.5050,0.0
0.6670,-1.5050,0.0
0.7164,-1.5018,0.0
0.7164,-1.5018,0.0
0.7164,-1.5018,0.0
0.7164,-1.5018,0.0
0.7164,-1.5018,0.0
0.7164,-1.5018,0.0
0.7164,-1.5018,0.0
0.7164,-1.5018,0.0
0.7164,-1.5018,0.0
0.7419,-1.5096,0.0
0.7419,-1.5096,0.0
0.7419,-1.5096,0.0
0.7419,-1.5096,0.0
0.7419,-1.5096,0.0
0.7419,-1.5096,0.0
0.7419,-1.5096,0.0
0.7419,-1.5096,0.0
0.7419,-1.5096,0.0
0.7419,-1.5096,0.0
0.7174,-1.5225,0.0
0.7174,-1.5225,0.0
0.7174,-1.5225,0.0
0.7174,-1.5225,0.0
0.7174,-1.5225,0.0
0.7174,-1.5225,0.0
0.7174,-1.5225,0.0
0.7174,-1.5225,0.0
0.7174,-1.5225,0.0
0.7039,-1.5185,0.0
0.7039,-1.5185,0.0
0.7039,-1.5185,0.0
0.7039,-1.5185,0.0
0.7039,-1.5185,0.0
0.7039,-1.5185,0.0
0.7039,-1.5185,0.0
0.7039,-1.5185,0.0
0.7039,-1.5185,0.0
0.7039,-1.5185,0.0
0.7039,-1.5185,0.0
0.6767,-1.5467,0.0
0.6767,-1.5467,0.0
