0.0619,0.0661,0.0
0.0619,0.0661,0.0
0.0626,0.0669,0.0
0.0634,0.0677,0.0
0.0634,0.0677,0.0
0.0641,0.0685,0.0
0.0649,0.0693,0.0
0.0649,0.0693,0.0
0.0656,0.0701,0.0
0.0664,0.0709,0.0
0.0664,0.0709,0.0
0.0672,0.0717,0.0
0.0672,0.0717,0.0
0.0679,0.0724,0.0
0.0687,0.0733,0.0
0.0687,0.0733,0.0
0.0695,0.0741,0.0
0.0650,-0.0015,0.0
0.0650,-0.0015,0.0
0.0657,-0.0017,0.0
0.0664,-0.0020,0.0
0.0664,-0.0020,0.0
0.0670,-0.0022,0.0
0.0677,-0.0025,0.0
0.0677,-0.0025,0.0
0.0684,-0.0028,0.0
0.0691,-0.0030,0.0
0.0691,-0.0030,0.0
0.0698,-0.0033,0.0
0.0705,-0.0035,0.0
0.0705,-0.0035,0.0
0.0711,-0.0038,0.0
0.0718,-0.0040,0.0
0.0718,-0.0040,0.0
0.0725,-0.0043,0.0
0.0725,-0.0043,0.0
0.1283,0.0240,0.0
0.1298,0.0242,0.0
0.1298,0.0242,0.0
0.1313,0.0243,0.0
0.1326,0.0244,0.0
0.1326,0.0244,0.0
0.1341,0.0246,0.0
0.1356,0.0247,0.0
0.1356,0.0247,0.0
0.1370,0.0249,0.0
0.1384,0.0250,0.0
0.1384,0.0250,0.0
0.1399,0.0251,0.0
0.1413,0.0253,0.0
0.1413,0.0253,0.0
0.1414,-0.0212,0.0
0.1428,-0.0217,0.0
0.1428,-0.0217,0.0
0.1442,-0.0222,0.0
0.1457,-0.0227,0.0
0.1457,-0.0227,0.0
0.1471,-0.0232,0.0
0.1471,-0.0232,0.0
0.1485,-0.0237,0.0
0.1499,-0.0242,0.0
0.1499,-0.0242,0.0
0.1514,-0.0247,0.0
0.1528,-0.0252,0.0
0.1528,-0.0252,0.0
0.1542,-0.0257,0.0
0.1557,-0.0262,0.0
0.1557,-0.0262,0.0
0.1260,-0.0597,0.0
0.1270,-0.0607,0.0
0.1270,-0.0607,0.0
0.1280,-0.0617,0.0
0.1290,-0.0626,0.0
0.1290,-0.0626,0.0
0.1300,-0.0636,0.0
0.1300,-0.0636,0.0
0.1310,-0.0646,0.0
0.1320,-0.0655,0.0
0.1320,-0.0655,0.0
0.1330,-0.0665,0.0
0.1340,-0.0675,0.0
0.1340,-0.0675,0.0
0.1349,-0.0684,0.0
0.1360,-0.0694,0.0
0.1360,-0.0694,0.0
0.1370,-0.0704,0.0
0.1223,-0.0764,0.0
0.1223,-0.0764,0.0
0.1231,-0.0775,0.0
0.1239,-0.0786,0.0
0.1239,-0.0786,0.0
0.1246,-0.0796,0.0
0.1254,-0.0806,0.0
0.1254,-0.0806,0.0
0.1262,-0.0817,0.0
0.1262,-0.0817,0.0
0.1269,-0.0827,0.0
0.1277,-0.0837,0.0
0.1277,-0.0837,0.0
0.1285,-0.0848,0.0
0.1293,-0.0858,0.0
0.1293,-0.0858,0.0
0.1301,-0.0869,0.0
0.1308,-0.0879,0.0
0.1308,-0.0879,0.0
0.1613,-0.0524,0.0
0.1613,-0.0524,0.0
0.1625,-0.0529,0.0
0.1637,-0.0535,0.0
0.1637,-0.0535,0.0
0.1649,-0.0540,0.0
0.1661,-0.0545,0.0
0.1661,-0.0545,0.0
0.1673,-0.0550,0.0
0.1685,-0.0555,0.0
0.1685,-0.0555,0.0
0.1697,-0.0561,0.0
0.1709,-0.0566,0.0
0.1709,-0.0566,0.0
0.1720,-0.0571,0.0
0.1720,-0.0571,0.0
0.1732,-0.0576,0.0
0.1745,-0.0582,0.0
0.1745,-0.0582,0.0
0.2474,-0.0550,0.0
0.2497,-0.0555,0.0
0.2497,-0.0555,0.0
0.2520,-0.0560,0.0
0.2541,-0.0564,0.0
0.2541,-0.0564,0.0
0.2563,-0.0569,0.0
0.2563,-0.0569,0.0
0.2586,-0.0574,0.0
0.2607,-0.0579,0.0
0.2607,-0.0579,0.0
0.2630,-0.0583,0.0
0.2652,-0.0588,0.0
0.2652,-0.0588,0.0
0.2674,-0.0593,0.0
0.2696,-0.0598,0.0
0.2696,-0.0598,0.0
0.2719,-0.0602,0.0
0.3289,-0.0746,0.0
0.3289,-0.0746,0.0
0.3320,-0.0753,0.0
0.3320,-0.0753,0.0
0.3350,-0.0760,0.0
0.3379,-0.0766,0.0
0.3379,-0.0766,0.0
0.3410,-0.0773,0.0
0.3440,-0.0780,0.0
0.3440,-0.0780,0.0
0.3469,-0.0786,0.0
0.3499,-0.0793,0.0
0.3499,-0.0793,0.0
0.3530,-0.0800,0.0
0.3559,-0.0806,0.0
0.3559,-0.0806,0.0
0.3589,-0.0813,0.0
0.3589,-0.0813,0.0
0.3620,-0.0820,0.0
0.4028,-0.0538,0.0
0.4028,-0.0538,0.0
0.4064,-0.0541,0.0
0.4100,-0.0543,0.0
0.4100,-0.0543,0.0
0.4134,-0.0546,0.0
0.4170,-0.0548,0.0
0.4170,-0.0548,0.0
0.4206,-0.0551,0.0
0.4206,-0.0551,0.0
0.4240,-0.0554,0.0
0.4276,-0.0556,0.0
0.4276,-0.0556,0.0
0.4312,-0.0559,0.0
0.4346,-0.0561,0.0
0.4346,-0.0561,0.0
0.4382,-0.0564,0.0
0.4418,-0.0567,0.0
0.4418,-0.0567,0.0
0.4773,-0.0787,0.0
0.4813,-0.0793,0.0
0.4813,-0.0793,0.0
0.4854,-0.0799,0.0
0.4854,-0.0799,0.0
0.4892,-0.0804,0.0
0.4933,-0.0810,0.0
0.4933,-0.0810,0.0
0.4974,-0.0816,0.0
0.5012,-0.0822,0.0
0.5012,-0.0822,0.0
0.5053,-0.0827,0.0
0.5093,-0.0833,0.0
0.5093,-0.0833,0.0
0.5132,-0.0839,0.0
0.5132,-0.0839,0.0
0.5172,-0.0845,0.0
0.5213,-0.0850,0.0
0.5213,-0.0850,0.0
0.4793,-0.1366,0.0
0.4827,-0.1379,0.0
0.4827,-0.1379,0.0
0.4861,-0.1393,0.0
0.4893,-0.1405,0.0
0.4893,-0.1405,0.0
0.4927,-0.1418,0.0
0.4927,-0.1418,0.0
0.4961,-0.1432,0.0
0.4993,-0.1444,0.0
0.4993,-0.1444,0.0
0.5027,-0.1457,0.0
0.5061,-0.1470,0.0
0.5061,-0.1470,0.0
0.5093,-0.1483,0.0
0.5127,-0.1496,0.0
0.5127,-0.1496,0.0
0.5161,-0.1509,0.0
0.4945,-0.2147,0.0
0.4945,-0.2147,0.0
0.4976,-0.2169,0.0
0.4976,-0.2169,0.0
0.5006,-0.2192,0.0
0.5035,-0.2213,0.0
0.5035,-0.2213,0.0
0.5065,-0.2235,0.0
0.5096,-0.2257,0.0
0.5096,-0.2257,0.0
0.5125,-0.2278,0.0
0.5155,-0.2300,0.0
0.5155,-0.2300,0.0
0.5185,-0.2323,0.0
0.5214,-0.2344,0.0
0.5214,-0.2344,0.0
0.5244,-0.2366,0.0
0.5244,-0.2366,0.0
0.5275,-0.2388,0.0
0.5375,-0.2236,0.0
0.5375,-0.2236,0.0
0.5406,-0.2256,0.0
0.5438,-0.2275,0.0
0.5438,-0.2275,0.0
0.5468,-0.2294,0.0
0.5499,-0.2314,0.0
0.5499,-0.2314,0.0
0.5531,-0.2333,0.0
0.5531,-0.2333,0.0
0.5560,-0.2352,0.0
0.5592,-0.2372,0.0
0.5592,-0.2372,0.0
0.5623,-0.2392,0.0
0.5653,-0.2410,0.0
0.5653,-0.2410,0.0
0.5684,-0.2430,0.0
0.5716,-0.2450,0.0
0.5716,-0.2450,0.0
0.5900,-0.1405,0.0
0.5934,-0.1409,0.0
0.5934,-0.1409,0.0
0.5968,-0.1413,0.0
0.5968,-0.1413,0.0
0.6000,-0.1418,0.0
0.6033,-0.1422,0.0
0.6033,-0.1422,0.0
0.6067,-0.1426,0.0
0.6099,-0.1430,0.0
0.6099,-0.1430,0.0
0.6132,-0.1435,0.0
0.6166,-0.1439,0.0
0.6166,-0.1439,0.0
0.6198,-0.1443,0.0
0.6198,-0.1443,0.0
0.6232,-0.1448,0.0
0.6265,-0.1452,0.0
0.6265,-0.1452,0.0
0.6297,-0.1456,0.0
0.6331,-0.1460,0.0
0.6331,-0.1460,0.0
0.6715,-0.1942,0.0
0.6751,-0.1952,0.0
0.6751,-0.1952,0.0
0.6790,-0.1964,0.0
0.6829,-0.1975,0.0
0.6829,-0.1975,0.0
0.6865,-0.1986,0.0
0.6865,-0.1986,0.0
0.6904,-0.1997,0.0
0.6943,-0.2008,0.0
0.6943,-0.2008,0.0
0.6979,-0.2019,0.0
0.7018,-0.2030,0.0
0.7018,-0.2030,0.0
0.7057,-0.2041,0.0
0.7094,-0.2052,0.0
0.7094,-0.2052,0.0
0.7132,-0.2063,0.0
0.7132,-0.2063,0.0
0.7607,-0.2486,0.0
0.7650,-0.2502,0.0
0.7650,-0.2502,0.0
0.7695,-0.2519,0.0
0.7740,-0.2536,0.0
0.7740,-0.2536,0.0
0.7783,-0.2553,0.0
0.7828,-0.2570,0.0
0.7828,-0.2570,0.0
0.7873,-0.2587,0.0
0.7916,-0.2603,0.0
0.7916,-0.2603,0.0
0.7961,-0.2621,0.0
0.7961,-0.2621,0.0
0.8006,-0.2638,0.0
0.8048,-0.2654,0.0
0.8048,-0.2654,0.0
0.8093,-0.2671,0.0
0.8304,-0.3353,0.0
0.8304,-0.3353,0.0
0.8349,-0.3378,0.0
0.8396,-0.3405,0.0
0.8396,-0.3405,0.0
0.8444,-0.3432,0.0
0.8489,-0.3457,0.0
0.8489,-0.3457,0.0
0.8536,-0.3484,0.0
0.8536,-0.3484,0.0
0.8584,-0.3511,0.0
0.8628,-0.3536,0.0
0.8628,-0.3536,0.0
0.8676,-0.3563,0.0
0.8724,-0.3590,0.0
0.8724,-0.3590,0.0
0.8768,-0.3615,0.0
0.8816,-0.3642,0.0
0.8816,-0.3642,0.0
0.8863,-0.3669,0.0
0.8863,-0.3669,0.0
0.8840,-0.3702,0.0
0.8886,-0.3729,0.0
0.8886,-0.3729,0.0
0.8933,-0.3756,0.0
0.8977,-0.3781,0.0
0.8977,-0.3781,0.0
0.9023,-0.3808,0.0
0.9070,-0.3835,0.0
0.9070,-0.3835,0.0
0.9114,-0.3861,0.0
0.9160,-0.3888,0.0
0.9160,-0.3888,0.0
0.9207,-0.3915,0.0
0.9207,-0.3915,0.0
0.9251,-0.3940,0.0
0.9297,-0.3967,0.0
0.9297,-0.3967,0.0
0.9344,-0.3994,0.0
1.0034,-0.3835,0.0
1.0034,-0.3835,0.0
1.0090,-0.3859,0.0
1.0146,-0.3883,0.0
1.0146,-0.3883,0.0
1.0198,-0.3906,0.0
1.0198,-0.3906,0.0
1.0254,-0.3931,0.0
1.0310,-0.3955,0.0
1.0310,-0.3955,0.0
1.0362,-0.3978,0.0
1.0418,-0.4002,0.0
1.0418,-0.4002,0.0
1.0474,-0.4027,0.0
1.0527,-0.4049,0.0
1.0527,-0.4049,0.0
1.0582,-0.4074,0.0
1.0582,-0.4074,0.0
1.0638,-0.4098,0.0
1.0849,-0.4098,0.0
1.0849,-0.4098,0.0
1.0907,-0.4122,0.0
1.0965,-0.4146,0.0
1.0965,-0.4146,0.0
1.1020,-0.4169,0.0
1.1078,-0.4193,0.0
1.1078,-0.4193,0.0
1.1136,-0.4217,0.0
1.1191,-0.4239,0.0
1.1191,-0.4239,0.0
1.1249,-0.4263,0.0
1.1249,-0.4263,0.0
1.1307,-0.4287,0.0
1.1362,-0.4310,0.0
1.1362,-0.4310,0.0
1.1420,-0.4334,0.0
1.1478,-0.4358,0.0
1.1478,-0.4358,0.0
1.1533,-0.4380,0.0
1.1591,-0.4404,0.0
1.1591,-0.4404,0.0
1.2144,-0.5073,0.0
1.2205,-0.5104,0.0
1.2205,-0.5104,0.0
1.2270,-0.5137,0.0
1.2270,-0.5137,0.0
1.2336,-0.5171,0.0
1.2397,-0.5202,0.0
1.2397,-0.5202,0.0
1.2462,-0.5235,0.0
1.2527,-0.5269,0.0
1.2527,-0.5269,0.0
1.2589,-0.5300,0.0
1.2654,-0.5333,0.0
1.2654,-0.5333,0.0
1.2719,-0.5366,0.0
1.2719,-0.5366,0.0
1.2781,-0.5398,0.0
1.2846,-0.5431,0.0
1.2846,-0.5431,0.0
1.2758,-0.5610,0.0
1.2817,-0.5643,0.0
1.2817,-0.5643,0.0
1.2881,-0.5679,0.0
1.2944,-0.5714,0.0
1.2944,-0.5714,0.0
1.3003,-0.5747,0.0
1.3066,-0.5783,0.0
1.3066,-0.5783,0.0
1.3129,-0.5818,0.0
1.3129,-0.5818,0.0
1.3188,-0.5851,0.0
1.3251,-0.5887,0.0
1.3251,-0.5887,0.0
1.3314,-0.5922,0.0
1.3374,-0.5955,0.0
1.3374,-0.5955,0.0
1.3437,-0.5991,0.0
1.3418,-0.4827,0.0
1.3418,-0.4827,0.0
1.3477,-0.4844,0.0
1.3477,-0.4844,0.0
1.3539,-0.4862,0.0
1.3600,-0.4880,0.0
1.3600,-0.4880,0.0
1.3659,-0.4897,0.0
1.3721,-0.4915,0.0
1.3721,-0.4915,0.0
1.3782,-0.4934,0.0
1.4018,-0.4567,0.0
1.4018,-0.4567,0.0
1.4082,-0.4580,0.0
1.4146,-0.4593,0.0
1.4146,-0.4593,0.0
1.4207,-0.4605,0.0
1.4207,-0.4605,0.0
1.4272,-0.4617,0.0
1.4336,-0.4630,0.0
1.4336,-0.4630,0.0
1.4397,-0.4642,0.0
1.4461,-0.4655,0.0
1.4461,-0.4655,0.0
1.4525,-0.4667,0.0
1.4586,-0.4679,0.0
1.4586,-0.4679,0.0
1.4650,-0.4692,0.0
1.4650,-0.4692,0.0
1.4715,-0.4705,0.0
1.4775,-0.4717,0.0
1.4775,-0.4717,0.0
1.4840,-0.4729,0.0
1.4904,-0.4742,0.0
1.4904,-0.4742,0.0
1.4965,-0.4754,0.0
1.5029,-0.4767,0.0
1.5029,-0.4767,0.0
1.5094,-0.4779,0.0
1.5171,-0.4290,0.0
1.5171,-0.4290,0.0
1.5236,-0.4295,0.0
1.5236,-0.4295,0.0
1.5300,-0.4301,0.0
1.5361,-0.4306,0.0
1.5361,-0.4306,0.0
1.5426,-0.4311,0.0
1.5491,-0.4317,0.0
1.5491,-0.4317,0.0
1.5551,-0.4322,0.0
1.5616,-0.4327,0.0
1.5616,-0.4327,0.0
1.5681,-0.4333,0.0
1.5742,-0.4338,0.0
1.5742,-0.4338,0.0
1.5806,-0.4344,0.0
1.5806,-0.4344,0.0
1.5871,-0.4349,0.0
1.5899,-0.4498,0.0
1.5899,-0.4498,0.0
1.5963,-0.4506,0.0
1.6027,-0.4513,0.0
1.6027,-0.4513,0.0
1.6088,-0.4520,0.0
1.6152,-0.4528,0.0
1.6152,-0.4528,0.0
1.6216,-0.4535,0.0
1.6216,-0.4535,0.0
1.6276,-0.4542,0.0
1.6341,-0.4550,0.0
1.6341,-0.4550,0.0
1.6405,-0.4557,0.0
1.6465,-0.4565,0.0
1.6465,-0.4565,0.0
1.6529,-0.4572,0.0
1.6594,-0.4580,0.0
1.6594,-0.4580,0.0
1.6110,-0.4677,0.0
1.6110,-0.4677,0.0
1.6166,-0.4686,0.0
1.6222,-0.4695,0.0
1.6222,-0.4695,0.0
1.6275,-0.4703,0.0
1.6332,-0.4712,0.0
1.6332,-0.4712,0.0
1.6388,-0.4721,0.0
1.6441,-0.4729,0.0
1.6441,-0.4729,0.0
1.6498,-0.4738,0.0
1.6554,-0.4747,0.0
1.6554,-0.4747,0.0
1.6607,-0.4755,0.0
1.6607,-0.4755,0.0
1.6664,-0.4764,0.0
1.6720,-0.4773,0.0
1.6720,-0.4773,0.0
1.6623,-0.4762,0.0
1.6677,-0.4771,0.0
1.6677,-0.4771,0.0
1.6732,-0.4779,0.0
1.6783,-0.4787,0.0
1.6783,-0.4787,0.0
1.6837,-0.4796,0.0
1.6837,-0.4796,0.0
1.6891,-0.4804,0.0
1.6942,-0.4813,0.0
1.6942,-0.4813,0.0
1.6996,-0.4821,0.0
1.7051,-0.4830,0.0
1.7051,-0.4830,0.0
1.7102,-0.4838,0.0
1.7156,-0.4846,0.0
1.7156,-0.4846,0.0
1.7210,-0.4855,0.0
1.7503,-0.4473,0.0
1.7503,-0.4473,0.0
1.7561,-0.4476,0.0
1.7561,-0.4476,0.0
1.7619,-0.4479,0.0
1.7673,-0.4482,0.0
1.7673,-0.4482,0.0
1.7731,-0.4485,0.0
1.7789,-0.4488,0.0
1.7789,-0.4488,0.0
1.7843,-0.4491,0.0
1.7901,-0.4494,0.0
1.7901,-0.4494,0.0
1.7958,-0.4497,0.0
1.8013,-0.4499,0.0
1.8013,-0.4499,0.0
1.8070,-0.4502,0.0
1.8070,-0.4502,0.0
1.8128,-0.4505,0.0
1.8432,-0.4331,0.0
1.8432,-0.4331,0.0
1.8493,-0.4331,0.0
1.8554,-0.4332,0.0
1.8554,-0.4332,0.0
1.8612,-0.4332,0.0
1.8673,-0.4333,0.0
1.8673,-0.4333,0.0
1.8734,-0.4333,0.0
1.8734,-0.4333,0.0
1.8792,-0.4334,0.0
1.8853,-0.4334,0.0
1.8853,-0.4334,0.0
1.8915,-0.4335,0.0
1.8972,-0.4335,0.0
1.8972,-0.4335,0.0
1.9033,-0.4335,0.0
1.9095,-0.4336,0.0
1.9095,-0.4336,0.0
1.8950,-0.4158,0.0
1.9009,-0.4155,0.0
1.9009,-0.4155,0.0
1.9067,-0.4153,0.0
1.9067,-0.4153,0.0
1.9122,-0.4151,0.0
1.9180,-0.4149,0.0
1.9180,-0.4149,0.0
1.9239,-0.4147,0.0
1.9294,-0.4145,0.0
1.9294,-0.4145,0.0
1.9352,-0.4143,0.0
1.9411,-0.4141,0.0
1.9411,-0.4141,0.0
1.9466,-0.4139,0.0
1.9466,-0.4139,0.0
1.9524,-0.4137,0.0
1.9582,-0.4135,0.0
1.9582,-0.4135,0.0
1.9721,-0.3797,0.0
1.9781,-0.3790,0.0
1.9781,-0.3790,0.0
1.9840,-0.3783,0.0
1.9896,-0.3776,0.0
1.9896,-0.3776,0.0
1.9956,-0.3769,0.0
2.0015,-0.3762,0.0
2.0015,-0.3762,0.0
2.0072,-0.3756,0.0
2.0072,-0.3756,0.0
2.0131,-0.3749,0.0
2.0191,-0.3742,0.0
2.0191,-0.3742,0.0
2.0247,-0.3735,0.0
2.0306,-0.3729,0.0
2.0306,-0.3729,0.0
2.0366,-0.3722,0.0
2.0241,-0.3700,0.0
2.0241,-0.3700,0.0
2.0298,-0.3693,0.0
2.0298,-0.3693,0.0
2.0355,-0.3686,0.0
2.0408,-0.3679,0.0
2.0408,-0.3679,0.0
2.0465,-0.3672,0.0
2.0522,-0.3665,0.0
2.0522,-0.3665,0.0
2.0576,-0.3658,0.0
2.0633,-0.3651,0.0
2.0633,-0.3651,0.0
2.0690,-0.3644,0.0
2.0743,-0.3637,0.0
2.0743,-0.3637,0.0
2.0800,-0.3630,0.0
2.0800,-0.3630,0.0
2.0857,-0.3623,0.0
2.0720,-0.3781,0.0
2.0720,-0.3781,0.0
2.0775,-0.3776,0.0
2.0829,-0.3772,0.0
2.0829,-0.3772,0.0
2.0880,-0.3767,0.0
2.0934,-0.3762,0.0
2.0934,-0.3762,0.0
2.0988,-0.3758,0.0
2.1039,-0.3753,0.0
2.1039,-0.3753,0.0
2.1094,-0.3748,0.0
2.1094,-0.3748,0.0
2.1148,-0.3744,0.0
2.1199,-0.3739,0.0
2.1199,-0.3739,0.0
2.1253,-0.3734,0.0
2.1308,-0.3729,0.0
2.1308,-0.3729,0.0
2.0824,-0.4003,0.0
2.0870,-0.4002,0.0
2.0870,-0.4002,0.0
2.0917,-0.4001,0.0
2.0917,-0.4001,0.0
2.0961,-0.4000,0.0
2.1007,-0.4000,0.0
2.1007,-0.4000,0.0
2.1054,-0.3999,0.0
2.1098,-0.3998,0.0
2.1098,-0.3998,0.0
2.1144,-0.3997,0.0
2.1191,-0.3997,0.0
2.1191,-0.3997,0.0
2.1235,-0.3996,0.0
2.1235,-0.3996,0.0
2.1281,-0.3995,0.0
2.1328,-0.3994,0.0
2.1328,-0.3994,0.0
2.1152,-0.3948,0.0
2.1195,-0.3946,0.0
2.1195,-0.3946,0.0
2.1239,-0.3945,0.0
2.1279,-0.3943,0.0
2.1279,-0.3943,0.0
2.1323,-0.3942,0.0
2.1366,-0.3941,0.0
2.1366,-0.3941,0.0
2.1407,-0.3939,0.0
2.1407,-0.3939,0.0
2.1451,-0.3938,0.0
2.1494,-0.3936,0.0
2.1494,-0.3936,0.0
2.1535,-0.3935,0.0
2.1578,-0.3933,0.0
2.1578,-0.3933,0.0
2.1622,-0.3932,0.0
2.1782,-0.3658,0.0
2.1782,-0.3658,0.0
2.1827,-0.3653,0.0
2.1827,-0.3653,0.0
2.1872,-0.3648,0.0
2.1915,-0.3643,0.0
2.1915,-0.3643,0.0
2.1960,-0.3637,0.0
2.2005,-0.3632,0.0
2.2005,-0.3632,0.0
2.2048,-0.3627,0.0
2.2093,-0.3621,0.0
2.2093,-0.3621,0.0
2.2138,-0.3616,0.0
2.2180,-0.3611,0.0
2.2180,-0.3611,0.0
2.2225,-0.3605,0.0
2.2271,-0.3600,0.0
2.2271,-0.3600,0.0
2.2172,-0.3226,0.0
2.2172,-0.3226,0.0
2.2215,-0.3215,0.0
2.2258,-0.3204,0.0
2.2258,-0.3204,0.0
2.2298,-0.3194,0.0
2.2341,-0.3183,0.0
2.2341,-0.3183,0.0
2.2385,-0.3173,0.0
2.2425,-0.3163,0.0
2.2425,-0.3163,0.0
2.2468,-0.3152,0.0
2.2468,-0.3152,0.0
2.2511,-0.3141,0.0
2.2552,-0.3131,0.0
2.2552,-0.3131,0.0
2.2595,-0.3120,0.0
2.2638,-0.3109,0.0
2.2638,-0.3109,0.0
2.2751,-0.2896,0.0
2.2795,-0.2882,0.0
2.2795,-0.2882,0.0
2.2839,-0.2869,0.0
2.2880,-0.2856,0.0
2.2880,-0.2856,0.0
2.2925,-0.2842,0.0
2.2925,-0.2842,0.0
2.2969,-0.2828,0.0
2.3010,-0.2815,0.0
2.3010,-0.2815,0.0
2.3054,-0.2802,0.0
2.3099,-0.2788,0.0
2.3099,-0.2788,0.0
2.3140,-0.2775,0.0
2.3184,-0.2761,0.0
2.3184,-0.2761,0.0
2.3228,-0.2748,0.0
2.3270,-0.2735,0.0
2.3270,-0.2735,0.0
2.3314,-0.2721,0.0
2.3314,-0.2721,0.0
2.3677,-0.2499,0.0
2.3723,-0.2484,0.0
2.3723,-0.2484,0.0
2.3771,-0.2467,0.0
2.3820,-0.2450,0.0
2.3820,-0.2450,0.0
2.3866,-0.2434,0.0
2.3915,-0.2418,0.0
2.3915,-0.2418,0.0
2.3964,-0.2401,0.0
2.4009,-0.2385,0.0
2.4009,-0.2385,0.0
2.4058,-0.2368,0.0
2.4058,-0.2368,0.0
2.4107,-0.2352,0.0
2.4153,-0.2336,0.0
2.4153,-0.2336,0.0
2.4202,-0.2319,0.0
2.4209,-0.2527,0.0
2.4209,-0.2527,0.0
2.4254,-0.2515,0.0
2.4302,-0.2501,0.0
2.4302,-0.2501,0.0
2.4351,-0.2488,0.0
2.4351,-0.2488,0.0
2.4396,-0.2475,0.0
2.4444,-0.2462,0.0
2.4444,-0.2462,0.0
2.4492,-0.2448,0.0
2.4538,-0.2435,0.0
2.4538,-0.2435,0.0
2.4586,-0.2422,0.0
2.4634,-0.2409,0.0
2.4634,-0.2409,0.0
2.4679,-0.2396,0.0
2.4679,-0.2396,0.0
2.4727,-0.2382,0.0
2.4775,-0.2369,0.0
2.4775,-0.2369,0.0
2.5313,-0.2623,0.0
2.5368,-0.2613,0.0
2.5368,-0.2613,0.0
2.5423,-0.2603,0.0
2.5475,-0.2594,0.0
2.5475,-0.2594,0.0
2.5531,-0.2585,0.0
2.5586,-0.2575,0.0
2.5586,-0.2575,0.0
2.5638,-0.2566,0.0
2.5638,-0.2566,0.0
2.5693,-0.2556,0.0
2.5748,-0.2547,0.0
2.5748,-0.2547,0.0
2.5800,-0.2538,0.0
2.5856,-0.2528,0.0
2.5856,-0.2528,0.0
2.5911,-0.2518,0.0
2.5958,-0.2982,0.0
2.5958,-0.2982,0.0
2.6013,-0.2979,0.0
2.6013,-0.2979,0.0
2.6069,-0.2977,0.0
2.6121,-0.2974,0.0
2.6121,-0.2974,0.0
2.6176,-0.2971,0.0
2.6231,-0.2968,0.0
2.6231,-0.2968,0.0
2.6283,-0.2966,0.0
2.6338,-0.2963,0.0
2.6338,-0.2963,0.0
2.6393,-0.2960,0.0
2.6445,-0.2957,0.0
2.6445,-0.2957,0.0
2.6500,-0.2955,0.0
2.6500,-0.2955,0.0
2.6555,-0.2952,0.0
2.6292,-0.3177,0.0
2.6292,-0.3177,0.0
2.6343,-0.3178,0.0
2.6393,-0.3178,0.0
2.6393,-0.3178,0.0
2.6441,-0.3179,0.0
2.6491,-0.3179,0.0
2.6491,-0.3179,0.0
2.6542,-0.3179,0.0
2.6590,-0.3180,0.0
2.6590,-0.3180,0.0
2.6640,-0.3180,0.0
2.6640,-0.3180,0.0
2.6691,-0.3181,0.0
2.6739,-0.3181,0.0
2.6739,-0.3181,0.0
2.6789,-0.3182,0.0
2.6840,-0.3182,0.0
2.6840,-0.3182,0.0
2.6411,-0.2907,0.0
2.6455,-0.2904,0.0
2.6455,-0.2904,0.0
2.6498,-0.2900,0.0
2.6498,-0.2900,0.0
2.6540,-0.2897,0.0
2.6583,-0.2894,0.0
2.6583,-0.2894,0.0
2.6627,-0.2890,0.0
2.6668,-0.2887,0.0
2.6668,-0.2887,0.0
2.6712,-0.2883,0.0
2.6543,-0.3061,0.0
2.6543,-0.3061,0.0
2.6581,-0.3060,0.0
2.6622,-0.3059,0.0
2.6622,-0.3059,0.0
2.6662,-0.3059,0.0
2.6662,-0.3059,0.0
2.6700,-0.3058,0.0
2.6741,-0.3057,0.0
2.6741,-0.3057,0.0
2.6782,-0.3056,0.0
2.6820,-0.3055,0.0
2.6820,-0.3055,0.0
2.6861,-0.3054,0.0
2.6901,-0.3053,0.0
2.6901,-0.3053,0.0
2.6940,-0.3053,0.0
2.6940,-0.3053,0.0
2.6980,-0.3052,0.0
2.7021,-0.3051,0.0
2.7021,-0.3051,0.0
2.6883,-0.3038,0.0
2.6921,-0.3037,0.0
2.6921,-0.3037,0.0
2.6959,-0.3036,0.0
2.6995,-0.3035,0.0
2.6995,-0.3035,0.0
2.7033,-0.3034,0.0
2.7033,-0.3034,0.0
2.7071,-0.3033,0.0
2.7107,-0.3032,0.0
2.7107,-0.3032,0.0
2.7145,-0.3031,0.0
2.7183,-0.3030,0.0
2.7183,-0.3030,0.0
2.7219,-0.3029,0.0
2.7257,-0.3028,0.0
2.7257,-0.3028,0.0
2.7295,-0.3027,0.0
2.7132,-0.2850,0.0
2.7132,-0.2850,0.0
2.7167,-0.2847,0.0
2.7167,-0.2847,0.0
2.7202,-0.2843,0.0
2.7235,-0.2840,0.0
2.7235,-0.2840,0.0
2.7271,-0.2836,0.0
2.7306,-0.2832,0.0
2.7306,-0.2832,0.0
2.7339,-0.2829,0.0
2.7374,-0.2826,0.0
2.7374,-0.2826,0.0
2.7409,-0.2822,0.0
2.7443,-0.2819,0.0
2.7443,-0.2819,0.0
2.7478,-0.2815,0.0
2.7478,-0.2815,0.0
2.7513,-0.2811,0.0
2.7424,-0.3352,0.0
2.7424,-0.3352,0.0
2.7457,-0.3357,0.0
2.7490,-0.3361,0.0
2.7490,-0.3361,0.0
2.7522,-0.3365,0.0
2.7555,-0.3369,0.0
2.7555,-0.3369,0.0
2.7589,-0.3374,0.0
2.7620,-0.3378,0.0
2.7620,-0.3378,0.0
2.7654,-0.3382,0.0
2.7654,-0.3382,0.0
2.7687,-0.3386,0.0
2.7719,-0.3390,0.0
2.7719,-0.3390,0.0
2.7752,-0.3395,0.0
2.7785,-0.3399,0.0
2.7785,-0.3399,0.0
2.7885,-0.4106,0.0
2.7919,-0.4121,0.0
2.7919,-0.4121,0.0
2.7953,-0.4136,0.0
2.7953,-0.4136,0.0
2.7986,-0.4149,0.0
2.8020,-0.4164,0.0
2.8020,-0.4164,0.0
2.8055,-0.4178,0.0
2.8087,-0.4192,0.0
2.8087,-0.4192,0.0
2.8121,-0.4207,0.0
2.8156,-0.4221,0.0
2.8156,-0.4221,0.0
2.8188,-0.4235,0.0
2.8188,-0.4235,0.0
2.8223,-0.4250,0.0
2.8257,-0.4264,0.0
2.8257,-0.4264,0.0
2.9233,-0.6232,0.0
2.9281,-0.6275,0.0
2.9281,-0.6275,0.0
2.9329,-0.6319,0.0
2.9375,-0.6359,0.0
2.9375,-0.6359,0.0
2.9423,-0.6402,0.0
2.9471,-0.6445,0.0
2.9471,-0.6445,0.0
2.9517,-0.6486,0.0
2.9517,-0.6486,0.0
2.9565,-0.6529,0.0
2.9613,-0.6572,0.0
2.9613,-0.6572,0.0
2.9658,-0.6613,0.0
2.9707,-0.6656,0.0
2.9707,-0.6656,0.0
2.9755,-0.6699,0.0
2.9014,-0.6363,0.0
2.9014,-0.6363,0.0
2.9051,-0.6401,0.0
2.9051,-0.6401,0.0
2.9087,-0.6438,0.0
2.9122,-0.6474,0.0
2.9122,-0.6474,0.0
2.9159,-0.6511,0.0
2.9195,-0.6549,0.0
2.9195,-0.6549,0.0
2.9230,-0.6585,0.0
2.9267,-0.6622,0.0
2.9267,-0.6622,0.0
2.9303,-0.6660,0.0
2.9338,-0.6695,0.0
2.9338,-0.6695,0.0
2.9374,-0.6733,0.0
2.9374,-0.6733,0.0
2.9411,-0.6771,0.0
2.9446,-0.6806,0.0
2.9446,-0.6806,0.0
2.9482,-0.6844,0.0
2.9542,-0.6663,0.0
2.9542,-0.6663,0.0
2.9576,-0.6695,0.0
2.9613,-0.6730,0.0
2.9613,-0.6730,0.0
2.9650,-0.6764,0.0
2.9685,-0.6796,0.0
2.9685,-0.6796,0.0
2.9722,-0.6831,0.0
2.9722,-0.6831,0.0
2.9759,-0.6865,0.0
2.9794,-0.6898,0.0
2.9794,-0.6898,0.0
2.9831,-0.6932,0.0
2.9868,-0.6967,0.0
2.9868,-0.6967,0.0
2.9903,-0.6999,0.0
2.9940,-0.7033,0.0
2.9940,-0.7033,0.0
2.9977,-0.7068,0.0
3.2236,-0.7419,0.0
3.2236,-0.7419,0.0
3.2306,-0.7458,0.0
3.2306,-0.7458,0.0
3.2375,-0.7497,0.0
3.2440,-0.7533,0.0
3.2440,-0.7533,0.0
3.2510,-0.7573,0.0
3.2579,-0.7612,0.0
3.2579,-0.7612,0.0
3.2645,-0.7648,0.0
3.2714,-0.7687,0.0
3.2714,-0.7687,0.0
3.2784,-0.7727,0.0
3.2849,-0.7763,0.0
3.2849,-0.7763,0.0
3.2919,-0.7802,0.0
3.2919,-0.7802,0.0
3.2988,-0.7841,0.0
3.3145,-0.7422,0.0
3.3145,-0.7422,0.0
3.3216,-0.7454,0.0
3.3286,-0.7487,0.0
3.3286,-0.7487,0.0
3.3353,-0.7517,0.0
3.3424,-0.7550,0.0
3.3424,-0.7550,0.0
3.3495,-0.7582,0.0
3.3561,-0.7613,0.0
3.3561,-0.7613,0.0
3.3632,-0.7645,0.0
3.3632,-0.7645,0.0
3.3703,-0.7678,0.0
3.3769,-0.7708,0.0
3.3769,-0.7708,0.0
3.3840,-0.7741,0.0
3.3911,-0.7773,0.0
3.3911,-0.7773,0.0
3.3807,-0.7316,0.0
3.3875,-0.7341,0.0
3.3875,-0.7341,0.0
3.3944,-0.7367,0.0
3.3944,-0.7367,0.0
3.4008,-0.7390,0.0
3.4076,-0.7416,0.0
3.4076,-0.7416,0.0
3.4145,-0.7441,0.0
3.4209,-0.7465,0.0
3.4209,-0.7465,0.0
3.4277,-0.7491,0.0
3.4346,-0.7516,0.0
3.4346,-0.7516,0.0
3.4314,-0.7527,0.0
3.4314,-0.7527,0.0
3.4381,-0.7553,0.0
3.4448,-0.7578,0.0
3.4448,-0.7578,0.0
3.4511,-0.7602,0.0
3.4578,-0.7627,0.0
3.4578,-0.7627,0.0
3.4645,-0.7652,0.0
3.4708,-0.7676,0.0
3.4708,-0.7676,0.0
3.4775,-0.7701,0.0
3.4842,-0.7726,0.0
3.4842,-0.7726,0.0
3.4905,-0.7750,0.0
3.4905,-0.7750,0.0
3.4972,-0.7775,0.0
3.5039,-0.7801,0.0
3.5039,-0.7801,0.0
3.4571,-0.8309,0.0
3.4630,-0.8341,0.0
3.4630,-0.8341,0.0
3.4689,-0.8374,0.0
3.4745,-0.8404,0.0
3.4745,-0.8404,0.0
3.4804,-0.8436,0.0
3.4804,-0.8436,0.0
3.4864,-0.8469,0.0
3.4919,-0.8499,0.0
3.4919,-0.8499,0.0
3.4979,-0.8531,0.0
3.5038,-0.8563,0.0
3.5038,-0.8563,0.0
3.5094,-0.8594,0.0
3.5153,-0.8626,0.0
3.5153,-0.8626,0.0
3.5212,-0.8658,0.0
3.5945,-0.9616,0.0
3.5945,-0.9616,0.0
3.6014,-0.9661,0.0
3.6014,-0.9661,0.0
3.6083,-0.9707,0.0
3.6148,-0.9750,0.0
3.6148,-0.9750,0.0
3.6217,-0.9796,0.0
3.6286,-0.9842,0.0
3.6286,-0.9842,0.0
3.6351,-0.9885,0.0
3.6420,-0.9930,0.0
3.6420,-0.9930,0.0
3.6592,-1.0707,0.0
3.6658,-1.0760,0.0
3.6658,-1.0760,0.0
3.6729,-1.0817,0.0
3.6729,-1.0817,0.0
3.6799,-1.0873,0.0
3.6866,-1.0926,0.0
3.6866,-1.0926,0.0
3.6936,-1.0983,0.0
3.7007,-1.1039,0.0
3.7007,-1.1039,0.0
3.7073,-1.1092,0.0
3.7144,-1.1149,0.0
3.7144,-1.1149,0.0
3.7215,-1.1205,0.0
3.7215,-1.1205,0.0
3.7281,-1.1258,0.0
3.7352,-1.1315,0.0
3.7352,-1.1315,0.0
3.6431,-1.1609,0.0
3.6484,-1.1666,0.0
3.6484,-1.1666,0.0
3.6540,-1.1726,0.0
3.6596,-1.1786,0.0
3.6596,-1.1786,0.0
3.6648,-1.1842,0.0
3.6704,-1.1902,0.0
3.6704,-1.1902,0.0
3.6760,-1.1962,0.0
3.6760,-1.1962,0.0
3.6813,-1.2019,0.0
3.6869,-1.2079,0.0
3.6869,-1.2079,0.0
3.6925,-1.2139,0.0
3.6978,-1.2195,0.0
3.6978,-1.2195,0.0
3.7034,-1.2255,0.0
3.7089,-1.2315,0.0
3.7089,-1.2315,0.0
3.7142,-1.2372,0.0
3.7142,-1.2372,0.0
3.7198,-1.2432,0.0
3.7254,-1.2492,0.0
3.7254,-1.2492,0.0
3.7307,-1.2548,0.0
3.7363,-1.2608,0.0
3.7363,-1.2608,0.0
3.7419,-1.2668,0.0
3.7471,-1.2725,0.0
3.7471,-1.2725,0.0
3.7009,-1.3817,0.0
3.7009,-1.3817,0.0
3.7057,-1.3892,0.0
3.7103,-1.3962,0.0
3.7103,-1.3962,0.0
3.7151,-1.4038,0.0
3.7200,-1.4113,0.0
3.7200,-1.4113,0.0
3.7245,-1.4183,0.0
3.7294,-1.4258,0.0
3.7294,-1.4258,0.0
3.7342,-1.4333,0.0
3.7388,-1.4404,0.0
3.7388,-1.4404,0.0
3.7436,-1.4479,0.0
3.7436,-1.4479,0.0
3.7484,-1.4554,0.0
3.6366,-1.4282,0.0
3.6366,-1.4282,0.0
3.6398,-1.4352,0.0
3.6429,-1.4423,0.0
3.6429,-1.4423,0.0
3.6459,-1.4489,0.0
3.6491,-1.4559,0.0
3.6491,-1.4559,0.0
3.6522,-1.4629,0.0
3.6552,-1.4695,0.0
3.6552,-1.4695,0.0
3.6584,-1.4765,0.0
3.6584,-1.4765,0.0
3.6149,-1.4152,0.0
3.6172,-1.4209,0.0
3.6172,-1.4209,0.0
3.6197,-1.4269,0.0
3.6222,-1.4330,0.0
3.6222,-1.4330,0.0
3.6245,-1.4386,0.0
3.6270,-1.4447,0.0
3.6270,-1.4447,0.0
3.6295,-1.4507,0.0
3.6318,-1.4564,0.0
3.6318,-1.4564,0.0
3.6343,-1.4624,0.0
3.6343,-1.4624,0.0
3.6368,-1.4684,0.0
3.6392,-1.4741,0.0
3.6392,-1.4741,0.0
3.6416,-1.4801,0.0
3.6441,-1.4861,0.0
3.6441,-1.4861,0.0
3.6227,-1.4225,0.0
3.6248,-1.4275,0.0
3.6248,-1.4275,0.0
3.6270,-1.4325,0.0
3.6270,-1.4325,0.0
3.6290,-1.4373,0.0
3.6311,-1.4423,0.0
3.6311,-1.4423,0.0
3.6333,-1.4473,0.0
3.6353,-1.4520,0.0
3.6353,-1.4520,0.0
3.6374,-1.4571,0.0
3.6396,-1.4621,0.0
3.6396,-1.4621,0.0
3.6416,-1.4668,0.0
3.6416,-1.4668,0.0
3.6437,-1.4719,0.0
3.6459,-1.4769,0.0
3.6459,-1.4769,0.0
3.6479,-1.4816,0.0
3.6500,-1.4866,0.0
3.6500,-1.4866,0.0
3.6490,-1.4260,0.0
3.6509,-1.4299,0.0
3.6509,-1.4299,0.0
3.6530,-1.4339,0.0
3.6551,-1.4380,0.0
3.6551,-1.4380,0.0
3.6571,-1.4419,0.0
3.6571,-1.4419,0.0
3.6592,-1.4459,0.0
3.6613,-1.4500,0.0
3.6613,-1.4500,0.0
3.6633,-1.4538,0.0
3.6654,-1.4579,0.0
3.6654,-1.4579,0.0
3.6675,-1.4620,0.0
3.6694,-1.4658,0.0
3.6694,-1.4658,0.0
3.6715,-1.4699,0.0
3.6715,-1.4699,0.0
3.6481,-1.4211,0.0
3.6497,-1.4242,0.0
3.6497,-1.4242,0.0
3.6515,-1.4276,0.0
3.6532,-1.4309,0.0
3.6532,-1.4309,0.0
3.6548,-1.4340,0.0
3.6565,-1.4373,0.0
3.6565,-1.4373,0.0
3.6583,-1.4406,0.0
3.6599,-1.4437,0.0
3.6599,-1.4437,0.0
3.6616,-1.4470,0.0
3.6616,-1.4470,0.0
3.6633,-1.4504,0.0
3.6650,-1.4535,0.0
3.6650,-1.4535,0.0
3.6667,-1.4568,0.0
3.6499,-1.4348,0.0
3.6499,-1.4348,0.0
3.6512,-1.4376,0.0
3.6527,-1.4405,0.0
3.6527,-1.4405,0.0
3.6542,-1.4435,0.0
3.6555,-1.4463,0.0
3.6555,-1.4463,0.0
3.6570,-1.4492,0.0
3.6570,-1.4492,0.0
3.6584,-1.4522,0.0
3.6598,-1.4549,0.0
3.6598,-1.4549,0.0
3.6613,-1.4579,0.0
3.6627,-1.4608,0.0
3.6627,-1.4608,0.0
3.6641,-1.4636,0.0
3.6656,-1.4666,0.0
3.6656,-1.4666,0.0
3.6573,-1.4529,0.0
3.6573,-1.4529,0.0
3.6585,-1.4554,0.0
3.6598,-1.4581,0.0
3.6598,-1.4581,0.0
3.6612,-1.4608,0.0
3.6624,-1.4634,0.0
3.6624,-1.4634,0.0
3.6637,-1.4661,0.0
3.6650,-1.4688,0.0
3.6650,-1.4688,0.0
3.6178,-1.3963,0.0
3.6184,-1.3980,0.0
3.6184,-1.3980,0.0
3.6190,-1.3996,0.0
3.6190,-1.3996,0.0
3.6196,-1.4011,0.0
3.6202,-1.4027,0.0
3.6202,-1.4027,0.0
3.6208,-1.4044,0.0
3.6214,-1.4059,0.0
3.6214,-1.4059,0.0
3.6220,-1.4075,0.0
3.5602,-1.3827,0.0
3.5602,-1.3827,0.0
3.5599,-1.3839,0.0
3.5599,-1.3839,0.0
3.5596,-1.3851,0.0
3.5593,-1.3863,0.0
3.5593,-1.3863,0.0
3.5591,-1.3875,0.0
3.5588,-1.3888,0.0
3.5588,-1.3888,0.0
3.5585,-1.3900,0.0
3.5582,-1.3912,0.0
3.5582,-1.3912,0.0
3.5579,-1.3924,0.0
3.5579,-1.3924,0.0
3.5577,-1.3937,0.0
3.5574,-1.3948,0.0
3.5574,-1.3948,0.0
3.5571,-1.3961,0.0
3.5452,-1.3798,0.0
3.5452,-1.3798,0.0
3.5448,-1.3808,0.0
3.5443,-1.3818,0.0
3.5443,-1.3818,0.0
3.5439,-1.3827,0.0
3.5434,-1.3837,0.0
3.5434,-1.3837,0.0
3.5430,-1.3847,0.0
3.5430,-1.3847,0.0
3.5425,-1.3856,0.0
3.5421,-1.3866,0.0
3.5421,-1.3866,0.0
3.5416,-1.3876,0.0
3.5412,-1.3885,0.0
3.5412,-1.3885,0.0
3.5407,-1.3895,0.0
3.5403,-1.3904,0.0
3.5403,-1.3904,0.0
3.5224,-1.3880,0.0
3.5217,-1.3889,0.0
3.5217,-1.3889,0.0
3.5210,-1.3898,0.0
3.5210,-1.3898,0.0
3.5202,-1.3907,0.0
3.5196,-1.3916,0.0
3.5196,-1.3916,0.0
3.5189,-1.3925,0.0
3.5181,-1.3935,0.0
3.5181,-1.3935,0.0
3.5175,-1.3944,0.0
3.5167,-1.3953,0.0
3.5167,-1.3953,0.0
3.5160,-1.3962,0.0
3.5160,-1.3962,0.0
3.5153,-1.3971,0.0
3.5146,-1.3980,0.0
3.5146,-1.3980,0.0
3.5083,-1.3957,0.0
3.5075,-1.3965,0.0
3.5075,-1.3965,0.0
3.5067,-1.3974,0.0
3.5059,-1.3983,0.0
3.5059,-1.3983,0.0
3.5051,-1.3991,0.0
3.5043,-1.4000,0.0
3.5043,-1.4000,0.0
3.5035,-1.4009,0.0
3.5035,-1.4009,0.0
3.5028,-1.4017,0.0
3.5020,-1.4026,0.0
3.5020,-1.4026,0.0
3.5012,-1.4035,0.0
3.5004,-1.4043,0.0
3.5004,-1.4043,0.0
3.4996,-1.4052,0.0
3.4745,-1.3695,0.0
3.4745,-1.3695,0.0
3.4734,-1.3698,0.0
3.4734,-1.3698,0.0
3.4722,-1.3701,0.0
3.4711,-1.3705,0.0
3.4711,-1.3705,0.0
3.4700,-1.3708,0.0
3.4688,-1.3711,0.0
3.4688,-1.3711,0.0
3.4676,-1.3715,0.0
3.4254,-1.3756,0.0
3.4254,-1.3756,0.0
3.4236,-1.3760,0.0
3.4218,-1.3764,0.0
3.4218,-1.3764,0.0
3.4202,-1.3767,0.0
3.4202,-1.3767,0.0
3.4184,-1.3771,0.0
3.4166,-1.3775,0.0
3.4166,-1.3775,0.0
3.4149,-1.3779,0.0
3.4131,-1.3783,0.0
3.4131,-1.3783,0.0
3.4114,-1.3787,0.0
3.4097,-1.3790,0.0
3.4097,-1.3790,0.0
3.4079,-1.3794,0.0
3.4079,-1.3794,0.0
3.4061,-1.3798,0.0
3.4045,-1.3802,0.0
3.4045,-1.3802,0.0
3.4027,-1.3806,0.0
3.4009,-1.3810,0.0
3.4009,-1.3810,0.0
3.3992,-1.3814,0.0
3.3974,-1.3818,0.0
3.3974,-1.3818,0.0
3.3957,-1.3821,0.0
3.4172,-1.3694,0.0
3.4172,-1.3694,0.0
3.4157,-1.3695,0.0
3.4157,-1.3695,0.0
3.4143,-1.3697,0.0
3.4129,-1.3699,0.0
3.4129,-1.3699,0.0
3.4115,-1.3701,0.0
3.4101,-1.3703,0.0
3.4101,-1.3703,0.0
3.4087,-1.3705,0.0
3.4073,-1.3707,0.0
3.4073,-1.3707,0.0
3.4059,-1.3709,0.0
3.4045,-1.3711,0.0
3.4045,-1.3711,0.0
3.4031,-1.3713,0.0
3.4031,-1.3713,0.0
3.4016,-1.3715,0.0
3.3313,-1.3712,0.0
3.3313,-1.3712,0.0
3.3289,-1.3714,0.0
3.3264,-1.3716,0.0
3.3264,-1.3716,0.0
3.3241,-1.3718,0.0
3.3217,-1.3720,0.0
3.3217,-1.3720,0.0
3.3192,-1.3722,0.0
3.3192,-1.3722,0.0
3.3169,-1.3723,0.0
3.3144,-1.3725,0.0
3.3144,-1.3725,0.0
3.3120,-1.3727,0.0
3.3096,-1.3729,0.0
3.3096,-1.3729,0.0
3.3072,-1.3731,0.0
3.3047,-1.3733,0.0
3.3047,-1.3733,0.0
3.2371,-1.3456,0.0
3.2337,-1.3454,0.0
3.2337,-1.3454,0.0
3.2303,-1.3452,0.0
3.2303,-1.3452,0.0
3.2271,-1.3450,0.0
3.2236,-1.3447,0.0
3.2236,-1.3447,0.0
3.2202,-1.3445,0.0
3.2170,-1.3443,0.0
3.2170,-1.3443,0.0
3.2136,-1.3441,0.0
3.2101,-1.3439,0.0
3.2101,-1.3439,0.0
3.2069,-1.3437,0.0
3.2069,-1.3437,0.0
3.2035,-1.3434,0.0
3.2001,-1.3432,0.0
3.2001,-1.3432,0.0
2.9875,-1.2067,0.0
2.9810,-1.2044,0.0
2.9810,-1.2044,0.0
2.9745,-1.2022,0.0
2.9683,-1.2001,0.0
2.9683,-1.2001,0.0
2.9618,-1.1978,0.0
2.9618,-1.1978,0.0
2.9553,-1.1956,0.0
2.9491,-1.1935,0.0
2.9491,-1.1935,0.0
2.9426,-1.1912,0.0
2.9361,-1.1890,0.0
2.9361,-1.1890,0.0
2.9300,-1.1869,0.0
2.9234,-1.1846,0.0
2.9234,-1.1846,0.0
2.9169,-1.1824,0.0
2.8313,-1.2395,0.0
2.8313,-1.2395,0.0
2.8236,-1.2382,0.0
2.8236,-1.2382,0.0
2.8159,-1.2368,0.0
2.8087,-1.2355,0.0
2.8087,-1.2355,0.0
2.8010,-1.2341,0.0
2.7933,-1.2327,0.0
2.7933,-1.2327,0.0
2.7861,-1.2315,0.0
2.7784,-1.2301,0.0
2.7784,-1.2301,0.0
2.7707,-1.2287,0.0
2.7635,-1.2274,0.0
2.7635,-1.2274,0.0
2.7558,-1.2260,0.0
2.7558,-1.2260,0.0
2.7481,-1.2247,0.0
2.7274,-1.2394,0.0
2.7274,-1.2394,0.0
2.7195,-1.2383,0.0
2.7116,-1.2371,0.0
2.7116,-1.2371,0.0
2.7042,-1.2361,0.0
2.6963,-1.2349,0.0
2.6963,-1.2349,0.0
2.6884,-1.2338,0.0
2.6884,-1.2338,0.0
2.6810,-1.2327,0.0
2.6731,-1.2316,0.0
2.6731,-1.2316,0.0
2.6653,-1.2304,0.0
2.6578,-1.2294,0.0
2.6578,-1.2294,0.0
2.6499,-1.2282,0.0
2.6421,-1.2271,0.0
2.6421,-1.2271,0.0
2.5225,-1.1541,0.0
2.5130,-1.1519,0.0
2.5130,-1.1519,0.0
2.5035,-1.1498,0.0
2.5035,-1.1498,0.0
2.4946,-1.1477,0.0
2.4850,-1.1455,0.0
2.4850,-1.1455,0.0
2.4755,-1.1433,0.0
2.4666,-1.1413,0.0
2.4666,-1.1413,0.0
2.4571,-1.1391,0.0
2.4475,-1.1369,0.0
2.4475,-1.1369,0.0
2.4386,-1.1349,0.0
2.4386,-1.1349,0.0
2.4291,-1.1327,0.0
2.4196,-1.1305,0.0
2.4196,-1.1305,0.0
2.5071,-1.2014,0.0
2.4990,-1.2003,0.0
2.4990,-1.2003,0.0
2.4909,-1.1992,0.0
2.4833,-1.1981,0.0
2.4833,-1.1981,0.0
2.4751,-1.1970,0.0
2.4670,-1.1959,0.0
2.4670,-1.1959,0.0
2.4594,-1.1948,0.0
2.4594,-1.1948,0.0
2.4513,-1.1937,0.0
2.4432,-1.1926,0.0
2.4432,-1.1926,0.0
2.4355,-1.1915,0.0
2.4274,-1.1904,0.0
2.4274,-1.1904,0.0
2.4193,-1.1893,0.0
2.4569,-1.2160,0.0
2.4569,-1.2160,0.0
2.4494,-1.2153,0.0
2.4494,-1.2153,0.0
2.4420,-1.2146,0.0
2.4350,-1.2139,0.0
2.4350,-1.2139,0.0
2.4275,-1.2132,0.0
2.4201,-1.2125,0.0
2.4201,-1.2125,0.0
2.4130,-1.2118,0.0
2.4056,-1.2111,0.0
2.4056,-1.2111,0.0
2.3981,-1.2103,0.0
2.3911,-1.2097,0.0
2.3911,-1.2097,0.0
2.3836,-1.2089,0.0
2.3836,-1.2089,0.0
2.3762,-1.2082,0.0
2.3823,-1.2065,0.0
2.3823,-1.2065,0.0
2.3751,-1.2058,0.0
2.3678,-1.2051,0.0
2.3678,-1.2051,0.0
2.3610,-1.2044,0.0
2.3537,-1.2036,0.0
2.3537,-1.2036,0.0
2.3464,-1.2029,0.0
2.3464,-1.2029,0.0
2.3396,-1.2022,0.0
2.3323,-1.2015,0.0
2.3323,-1.2015,0.0
2.3250,-1.2007,0.0
2.3182,-1.2001,0.0
2.3182,-1.2001,0.0
2.3109,-1.1993,0.0
2.3037,-1.1986,0.0
2.3037,-1.1986,0.0
2.3538,-1.2347,0.0
2.3474,-1.2345,0.0
2.3474,-1.2345,0.0
2.3409,-1.2343,0.0
2.3409,-1.2343,0.0
2.3349,-1.2341,0.0
2.3284,-1.2339,0.0
2.3284,-1.2339,0.0
2.3220,-1.2337,0.0
2.3159,-1.2335,0.0
2.3159,-1.2335,0.0
2.3095,-1.2333,0.0
2.3030,-1.2331,0.0
2.3030,-1.2331,0.0
2.2970,-1.2329,0.0
2.2970,-1.2329,0.0
2.2905,-1.2327,0.0
2.2841,-1.2325,0.0
2.2841,-1.2325,0.0
2.3182,-1.2584,0.0
2.3123,-1.2585,0.0
2.3123,-1.2585,0.0
2.3064,-1.2587,0.0
2.3009,-1.2589,0.0
2.3009,-1.2589,0.0
2.2951,-1.2591,0.0
2.2951,-1.2591,0.0
2.2892,-1.2592,0.0
2.2837,-1.2594,0.0
2.2837,-1.2594,0.0
2.2778,-1.2596,0.0
2.2720,-1.2598,0.0
2.2720,-1.2598,0.0
2.2665,-1.2599,0.0
2.2606,-1.2601,0.0
2.2606,-1.2601,0.0
2.2547,-1.2603,0.0
2.2986,-1.2865,0.0
2.2986,-1.2865,0.0
2.2935,-1.2871,0.0
2.2935,-1.2871,0.0
2.2883,-1.2876,0.0
2.2835,-1.2881,0.0
2.2835,-1.2881,0.0
2.2783,-1.2887,0.0
2.2732,-1.2893,0.0
2.2732,-1.2893,0.0
2.2683,-1.2898,0.0
2.2632,-1.2903,0.0
2.2632,-1.2903,0.0
2.2580,-1.2909,0.0
2.2532,-1.2914,0.0
2.2532,-1.2914,0.0
2.2480,-1.2919,0.0
2.2480,-1.2919,0.0
2.2429,-1.2925,0.0
2.2701,-1.2898,0.0
2.2701,-1.2898,0.0
2.2654,-1.2903,0.0
2.2608,-1.2909,0.0
2.2608,-1.2909,0.0
2.2563,-1.2913,0.0
2.2517,-1.2918,0.0
2.2517,-1.2918,0.0
2.2470,-1.2923,0.0
2.2426,-1.2928,0.0
2.2426,-1.2928,0.0
2.2379,-1.2933,0.0
2.2379,-1.2933,0.0
2.2332,-1.2938,0.0
2.2288,-1.2943,0.0
2.2288,-1.2943,0.0
2.2241,-1.2948,0.0
2.2194,-1.2953,0.0
2.2194,-1.2953,0.0
2.2292,-1.2731,0.0
2.2247,-1.2733,0.0
2.2247,-1.2733,0.0
2.2203,-1.2735,0.0
2.2203,-1.2735,0.0
2.2160,-1.2736,0.0
2.2116,-1.2738,0.0
2.2116,-1.2738,0.0
2.2071,-1.2740,0.0
2.2029,-1.2741,0.0
2.2029,-1.2741,0.0
2.1984,-1.2743,0.0
2.1939,-1.2745,0.0
2.1939,-1.2745,0.0
2.1897,-1.2747,0.0
2.1897,-1.2747,0.0
2.1852,-1.2748,0.0
2.1807,-1.2750,0.0
2.1807,-1.2750,0.0
2.1937,-1.3077,0.0
2.1895,-1.3083,0.0
2.1895,-1.3083,0.0
2.1853,-1.3090,0.0
2.1813,-1.3096,0.0
2.1813,-1.3096,0.0
2.1770,-1.3102,0.0
2.1728,-1.3109,0.0
2.1728,-1.3109,0.0
2.1688,-1.3115,0.0
2.1688,-1.3115,0.0
2.1646,-1.3121,0.0
2.1604,-1.3128,0.0
2.1604,-1.3128,0.0
2.1564,-1.3134,0.0
2.1522,-1.3140,0.0
2.1522,-1.3140,0.0
2.1479,-1.3147,0.0
2.0747,-1.3487,0.0
2.0747,-1.3487,0.0
2.0695,-1.3499,0.0
2.0695,-1.3499,0.0
2.0643,-1.3510,0.0
2.0593,-1.3521,0.0
2.0593,-1.3521,0.0
2.0541,-1.3532,0.0
2.0489,-1.3543,0.0
2.0489,-1.3543,0.0
2.0439,-1.3554,0.0
2.0387,-1.3566,0.0
2.0387,-1.3566,0.0
2.0335,-1.3577,0.0
2.0285,-1.3588,0.0
2.0285,-1.3588,0.0
2.0233,-1.3599,0.0
2.0233,-1.3599,0.0
2.0180,-1.3610,0.0
1.9919,-1.3833,0.0
1.9919,-1.3833,0.0
1.9864,-1.3848,0.0
1.9808,-1.3862,0.0
1.9808,-1.3862,0.0
1.9756,-1.3876,0.0
1.9701,-1.3890,0.0
1.9701,-1.3890,0.0
1.9645,-1.3905,0.0
1.9593,-1.3918,0.0
1.9593,-1.3918,0.0
1.9538,-1.3933,0.0
1.9538,-1.3933,0.0
1.9482,-1.3947,0.0
1.9430,-1.3961,0.0
1.9430,-1.3961,0.0
1.9374,-1.3975,0.0
1.9319,-1.3990,0.0
1.9319,-1.3990,0.0
1.9273,-1.3974,0.0
1.9217,-1.3988,0.0
1.9217,-1.3988,0.0
1.9162,-1.4002,0.0
1.9162,-1.4002,0.0
1.9110,-1.4015,0.0
1.9054,-1.4029,0.0
1.9054,-1.4029,0.0
1.8999,-1.4043,0.0
1.8947,-1.4056,0.0
1.8947,-1.4056,0.0
1.8891,-1.4070,0.0
1.8836,-1.4084,0.0
1.8836,-1.4084,0.0
1.8784,-1.4097,0.0
1.8729,-1.4112,0.0
1.8729,-1.4112,0.0
1.8673,-1.4126,0.0
1.8673,-1.4126,0.0
1.8788,-1.4599,0.0
1.8735,-1.4620,0.0
1.8735,-1.4620,0.0
1.8682,-1.4640,0.0
1.8632,-1.4660,0.0
1.8632,-1.4660,0.0
1.8579,-1.4680,0.0
1.8526,-1.4701,0.0
1.8526,-1.4701,0.0
1.8477,-1.4721,0.0
1.8477,-1.4721,0.0
1.8424,-1.4741,0.0
1.8736,-1.4753,0.0
1.8736,-1.4753,0.0
1.8691,-1.4773,0.0
1.8643,-1.4793,0.0
1.8643,-1.4793,0.0
1.8596,-1.4814,0.0
1.8551,-1.4833,0.0
1.8551,-1.4833,0.0
1.8503,-1.4854,0.0
1.8503,-1.4854,0.0
1.8456,-1.4874,0.0
1.8662,-1.4357,0.0
1.8662,-1.4357,0.0
1.8618,-1.4370,0.0
1.8574,-1.4382,0.0
1.8574,-1.4382,0.0
1.8533,-1.4394,0.0
1.8489,-1.4407,0.0
1.8489,-1.4407,0.0
1.8445,-1.4420,0.0
1.8403,-1.4432,0.0
1.8403,-1.4432,0.0
1.8360,-1.4444,0.0
1.8360,-1.4444,0.0
1.8316,-1.4457,0.0
1.8274,-1.4469,0.0
1.8274,-1.4469,0.0
1.8230,-1.4482,0.0
1.8186,-1.4494,0.0
1.8186,-1.4494,0.0
1.8712,-1.4252,0.0
1.8677,-1.4261,0.0
1.8677,-1.4261,0.0
1.8641,-1.4270,0.0
1.8608,-1.4278,0.0
1.8608,-1.4278,0.0
1.8573,-1.4287,0.0
1.8537,-1.4296,0.0
1.8537,-1.4296,0.0
1.8504,-1.4305,0.0
1.8504,-1.4305,0.0
1.8468,-1.4314,0.0
1.8433,-1.4322,0.0
1.8433,-1.4322,0.0
1.8399,-1.4331,0.0
1.8364,-1.4340,0.0
1.8364,-1.4340,0.0
1.8328,-1.4349,0.0
1.8326,-1.4651,0.0
1.8326,-1.4651,0.0
1.8291,-1.4665,0.0
1.8291,-1.4665,0.0
1.8256,-1.4678,0.0
1.8223,-1.4690,0.0
1.8223,-1.4690,0.0
1.8188,-1.4704,0.0
1.8153,-1.4717,0.0
1.8153,-1.4717,0.0
1.8120,-1.4730,0.0
1.8085,-1.4743,0.0
1.8085,-1.4743,0.0
1.8050,-1.4756,0.0
1.8017,-1.4769,0.0
1.8017,-1.4769,0.0
1.7982,-1.4782,0.0
1.7982,-1.4782,0.0
1.7947,-1.4795,0.0
1.7855,-1.4703,0.0
1.7855,-1.4703,0.0
1.7819,-1.4714,0.0
1.7783,-1.4726,0.0
1.7783,-1.4726,0.0
1.7750,-1.4737,0.0
1.7714,-1.4749,0.0
1.7714,-1.4749,0.0
1.7678,-1.4761,0.0
1.7678,-1.4761,0.0
1.7644,-1.4772,0.0
1.7608,-1.4783,0.0
1.7608,-1.4783,0.0
1.7572,-1.4795,0.0
1.7538,-1.4806,0.0
1.7538,-1.4806,0.0
1.7502,-1.4818,0.0
1.7467,-1.4830,0.0
1.7467,-1.4830,0.0
1.7594,-1.4625,0.0
1.7560,-1.4634,0.0
1.7560,-1.4634,0.0
1.7527,-1.4642,0.0
1.7527,-1.4642,0.0
1.7496,-1.4650,0.0
1.7462,-1.4659,0.0
1.7462,-1.4659,0.0
1.7429,-1.4667,0.0
1.7397,-1.4675,0.0
1.7397,-1.4675,0.0
1.7364,-1.4684,0.0
1.7330,-1.4692,0.0
1.7330,-1.4692,0.0
1.7299,-1.4700,0.0
1.7265,-1.4709,0.0
1.7265,-1.4709,0.0
1.7232,-1.4717,0.0
1.7232,-1.4717,0.0
1.7774,-1.4818,0.0
1.7749,-1.4827,0.0
1.7749,-1.4827,0.0
1.7724,-1.4837,0.0
1.7700,-1.4847,0.0
1.7700,-1.4847,0.0
1.7676,-1.4857,0.0
1.7651,-1.4866,0.0
1.7651,-1.4866,0.0
1.7627,-1.4876,0.0
1.7627,-1.4876,0.0
1.7602,-1.4886,0.0
1.7577,-1.4896,0.0
1.7577,-1.4896,0.0
1.7554,-1.4905,0.0
1.7529,-1.4915,0.0
1.7529,-1.4915,0.0
1.7504,-1.4925,0.0
1.7856,-1.5142,0.0
1.7856,-1.5142,0.0
1.7836,-1.5155,0.0
1.7836,-1.5155,0.0
1.7817,-1.5168,0.0
1.7799,-1.5180,0.0
1.7799,-1.5180,0.0
1.7780,-1.5193,0.0
1.7760,-1.5206,0.0
1.7760,-1.5206,0.0
1.7742,-1.5218,0.0
1.7723,-1.5231,0.0
1.7723,-1.5231,0.0
1.7704,-1.5244,0.0
1.7685,-1.5256,0.0
1.7685,-1.5256,0.0
1.7666,-1.5269,0.0
1.7666,-1.5269,0.0
1.7647,-1.5282,0.0
1.7778,-1.5283,0.0
1.7778,-1.5283,0.0
1.7761,-1.5295,0.0
1.7744,-1.5308,0.0
1.7744,-1.5308,0.0
1.7728,-1.5320,0.0
1.7711,-1.5333,0.0
1.7711,-1.5333,0.0
1.7694,-1.5346,0.0
1.7678,-1.5358,0.0
1.7678,-1.5358,0.0
1.7661,-1.5371,0.0
1.7661,-1.5371,0.0
1.7644,-1.5384,0.0
1.7628,-1.5396,0.0
1.7628,-1.5396,0.0
1.7611,-1.5409,0.0
1.7594,-1.5421,0.0
1.7594,-1.5421,0.0
1.7801,-1.5525,0.0
1.7787,-1.5539,0.0
1.7787,-1.5539,0.0
1.7774,-1.5554,0.0
1.7774,-1.5554,0.0
1.7761,-1.5567,0.0
1.7747,-1.5581,0.0
1.7747,-1.5581,0.0
1.7733,-1.5595,0.0
1.7720,-1.5609,0.0
1.7720,-1.5609,0.0
1.7707,-1.5623,0.0
1.7693,-1.5637,0.0
1.7693,-1.5637,0.0
1.7680,-1.5650,0.0
1.7666,-1.5664,0.0
1.7666,-1.5664,0.0
1.7652,-1.5679,0.0
1.7652,-1.5679,0.0
1.7640,-1.5415,0.0
1.7626,-1.5425,0.0
1.7626,-1.5425,0.0
1.7612,-1.5435,0.0
1.7600,-1.5445,0.0
1.7600,-1.5445,0.0
1.7586,-1.5455,0.0
1.7572,-1.5465,0.0
1.7572,-1.5465,0.0
1.7559,-1.5475,0.0
1.7559,-1.5475,0.0
1.7545,-1.5485,0.0
1.7532,-1.5495,0.0
1.7532,-1.5495,0.0
1.7519,-1.5504,0.0
1.7505,-1.5514,0.0
1.7505,-1.5514,0.0
1.7491,-1.5524,0.0
1.7311,-1.5921,0.0
1.7311,-1.5921,0.0
1.7295,-1.5937,0.0
1.7279,-1.5953,0.0
1.7279,-1.5953,0.0
1.7264,-1.5968,0.0
1.7264,-1.5968,0.0
1.7248,-1.5984,0.0
1.7231,-1.5999,0.0
1.7231,-1.5999,0.0
1.7216,-1.6014,0.0
1.7200,-1.6030,0.0
1.7200,-1.6030,0.0
1.6990,-1.6372,0.0
1.6972,-1.6392,0.0
1.6972,-1.6392,0.0
1.6953,-1.6412,0.0
1.6953,-1.6412,0.0
1.6934,-1.6433,0.0
1.6916,-1.6452,0.0
1.6916,-1.6452,0.0
1.6897,-1.6473,0.0
1.6877,-1.6494,0.0
1.6877,-1.6494,0.0
1.6859,-1.6513,0.0
1.6840,-1.6534,0.0
1.6840,-1.6534,0.0
1.6821,-1.6555,0.0
1.6803,-1.6574,0.0
1.6803,-1.6574,0.0
1.6784,-1.6595,0.0
1.6784,-1.6595,0.0
1.6765,-1.6615,0.0
1.6728,-1.6868,0.0
1.6728,-1.6868,0.0
1.6709,-1.6893,0.0
1.6690,-1.6917,0.0
1.6690,-1.6917,0.0
1.6671,-1.6939,0.0
1.6652,-1.6964,0.0
1.6652,-1.6964,0.0
1.6633,-1.6988,0.0
1.6633,-1.6988,0.0
1.6614,-1.7010,0.0
1.6595,-1.7035,0.0
1.6595,-1.7035,0.0
1.6576,-1.7059,0.0
1.6558,-1.7081,0.0
1.6558,-1.7081,0.0
1.6538,-1.7106,0.0
1.6519,-1.7130,0.0
1.6519,-1.7130,0.0
1.6501,-1.7152,0.0
1.6481,-1.7177,0.0
1.6481,-1.7177,0.0
1.6528,-1.7086,0.0
1.6528,-1.7086,0.0
1.6511,-1.7107,0.0
1.6493,-1.7129,0.0
1.6493,-1.7129,0.0
1.6474,-1.7152,0.0
1.6457,-1.7173,0.0
1.6457,-1.7173,0.0
1.6439,-1.7195,0.0
1.6420,-1.7218,0.0
1.6420,-1.7218,0.0
1.6403,-1.7239,0.0
1.6384,-1.7261,0.0
1.6384,-1.7261,0.0
1.6366,-1.7284,0.0
1.6366,-1.7284,0.0
1.6349,-1.7305,0.0
1.6330,-1.7327,0.0
1.6330,-1.7327,0.0
1.7030,-1.6653,0.0
1.7022,-1.6664,0.0
1.7022,-1.6664,0.0
1.7015,-1.6676,0.0
1.7007,-1.6688,0.0
1.7007,-1.6688,0.0
1.6999,-1.6700,0.0
1.6999,-1.6700,0.0
1.6992,-1.6712,0.0
1.6984,-1.6724,0.0
1.6984,-1.6724,0.0
1.6976,-1.6736,0.0
1.6969,-1.6748,0.0
1.6969,-1.6748,0.0
1.6961,-1.6760,0.0
1.6954,-1.6771,0.0
1.6954,-1.6771,0.0
1.6946,-1.6784,0.0
1.6946,-1.6784,0.0
1.6830,-1.6968,0.0
1.6822,-1.6982,0.0
1.6822,-1.6982,0.0
1.6812,-1.6997,0.0
1.6803,-1.7011,0.0
1.6803,-1.7011,0.0
1.6794,-1.7025,0.0
1.6785,-1.7040,0.0
1.6785,-1.7040,0.0
1.6775,-1.7054,0.0
1.6853,-1.7461,0.0
1.6853,-1.7461,0.0
