21.5032,-38.2540,0.0
21.5032,-38.2540,0.0
21.5032,-38.2540,0.0
21.5032,-38.2540,0.0
21.5032,-38.2540,0.0
21.5032,-38.2540,0.0
21.5032,-38.2540,0.0
21.5032,-38.2540,0.0
21.5218,-38.2762,0.0
21.5218,-38.2762,0.0
21.5218,-38.2762,0.0
21.5218,-38.2762,0.0
21.5218,-38.2762,0.0
21.5218,-38.2762,0.0
21.5218,-38.2762,0.0
21.5218,-38.2762,0.0
21.5218,-38.2762,0.0
21.5851,-38.2182,0.0
21.5851,-38.2182,0.0
21.5851,-38.2182,0.0
21.5851,-38.2182,0.0
21.5851,-38.2182,0.0
21.5851,-38.2182,0.0
21.5851,-38.2182,0.0
21.5851,-38.2182,0.0
21.5851,-38.2182,0.0
21.5851,-38.2182,0.0
20.9160,-38.0698,0.0
20.9160,-38.0698,0.0
20.9160,-38.0698,0.0
20.9160,-38.0698,0.0
20.9160,-38.0698,0.0
20.9160,-38.0698,0.0
20.9160,-38.0698,0.0
20.9160,-38.0698,0.0
20.9160,-38.0698,0.0
20.3141,-38.1104,0.0
20.3141,-38.1104,0.0
20.3141,-38.1104,0.0
20.3141,-38.1104,0.0
20.3141,-38.1104,0.0
20.3141,-38.1104,0.0
20.3141,-38.1104,0.0
20.3141,-38.1104,0.0
20.3141,-38.1104,0.0
20.3141,-38.1104,0.0
18.8756,-38.8119,0.0
18.8756,-38.8119,0.0
18.8756,-38.8119,0.0
18.8756,-38.8119,0.0
18.8756,-38.8119,0.0
18.8756,-38.8119,0.0
18.8756,-38.8119,0.0
18.8756,-38.8119,0.0
18.8756,-38.8119,0.0
17.8414,-39.0389,0.0
17.8414,-39.0389,0.0
17.8414,-39.0389,0.0
17.8414,-39.0389,0.0
17.8414,-39.0389,0.0
17.8414,-39.0389,0.0
17.8414,-39.0389,0.0
17.8414,-39.0389,0.0
17.8414,-39.0389,0.0
16.8554,-39.1076,0.0
16.8554,-39.1076,0.0
16.8554,-39.1076,0.0
16.8554,-39.1076,0.0
16.8554,-39.1076,0.0
16.8554,-39.1076,0.0
16.8554,-39.1076,0.0
16.8554,-39.1076,0.0
16.8554,-39.1076,0.0
16.8554,-39.1076,0.0
15.8131,-39.2760,0.0
15.8131,-39.2760,0.0
15.8131,-39.2760,0.0
15.8131,-39.2760,0.0
15.8131,-39.2760,0.0
15.8131,-39.2760,0.0
15.8131,-39.2760,0.0
15.8131,-39.2760,0.0
15.8131,-39.2760,0.0
15.8131,-39.2760,0.0
15.8131,-39.2760,0.0
15.8131,-39.2760,0.0
15.8131,-39.2760,0.0
15.8131,-39.2760,0.0
15.8131,-39.2760,0.0
15.8131,-39.2760,0.0
15.8131,-39.2760,0.0
15.8131,-39.2760,0.0
15.8131,-39.2760,0.0
15.1930,-39.4209,0.0
15.1930,-39.4209,0.0
15.1930,-39.4209,0.0
15.1930,-39.4209,0.0
15.1930,-39.4209,0.0
15.1930,-39.4209,0.0
15.1930,-39.4209,0.0
15.1930,-39.4209,0.0
15.1930,-39.4209,0.0
15.1930,-39.4209,0.0
15.1930,-39.4209,0.0
14.3580,-39.6941,0.0
14.3580,-39.6941,0.0
14.3580,-39.6941,0.0
14.3580,-39.6941,0.0
14.3580,-39.6941,0.0
14.3580,-39.6941,0.0
14.3580,-39.6941,0.0
12.8806,-40.1119,0.0
12.8806,-40.1119,0.0
12.8806,-40.1119,0.0
12.8806,-40.1119,0.0
12.8806,-40.1119,0.0
12.8806,-40.1119,0.0
12.8806,-40.1119,0.0
12.8806,-40.1119,0.0
12.8806,-40.1119,0.0
12.8806,-40.1119,0.0
11.6547,-40.4904,0.0
11.6547,-40.4904,0.0
11.6547,-40.4904,0.0
11.6547,-40.4904,0.0
11.6547,-40.4904,0.0
11.6547,-40.4904,0.0
11.6547,-40.4904,0.0
11.6547,-40.4904,0.0
11.6547,-40.4904,0.0
10.3238,-40.6840,0.0
10.3238,-40.6840,0.0
10.3238,-40.6840,0.0
10.3238,-40.6840,0.0
10.3238,-40.6840,0.0
10.3238,-40.6840,0.0
10.3238,-40.6840,0.0
10.3238,-40.6840,0.0
10.3238,-40.6840,0.0
10.3238,-40.6840,0.0
8.9805,-40.8045,0.0
8.9805,-40.8045,0.0
8.9805,-40.8045,0.0
8.9805,-40.8045,0.0
8.9805,-40.8045,0.0
8.9805,-40.8045,0.0
8.9805,-40.8045,0.0
8.9805,-40.8045,0.0
8.9805,-40.8045,0.0
7.5648,-41.0439,0.0
7.5648,-41.0439,0.0
7.5648,-41.0439,0.0
7.5648,-41.0439,0.0
7.5648,-41.0439,0.0
7.5648,-41.0439,0.0
7.5648,-41.0439,0.0
7.5648,-41.0439,0.0
7.5648,-41.0439,0.0
7.5648,-41.0439,0.0
5.4298,-41.6837,0.0
5.4298,-41.6837,0.0
5.4298,-41.6837,0.0
5.4298,-41.6837,0.0
5.4298,-41.6837,0.0
5.4298,-41.6837,0.0
5.4298,-41.6837,0.0
5.4298,-41.6837,0.0
5.4298,-41.6837,0.0
3.3074,-42.3611,0.0
3.3074,-42.3611,0.0
3.3074,-42.3611,0.0
3.3074,-42.3611,0.0
3.3074,-42.3611,0.0
3.3074,-42.3611,0.0
3.3074,-42.3611,0.0
3.3074,-42.3611,0.0
3.3074,-42.3611,0.0
1.3353,-42.9125,0.0
1.3353,-42.9125,0.0
1.3353,-42.9125,0.0
1.3353,-42.9125,0.0
1.3353,-42.9125,0.0
1.3353,-42.9125,0.0
1.3353,-42.9125,0.0
1.3353,-42.9125,0.0
1.3353,-42.9125,0.0
1.3353,-42.9125,0.0
1.3353,-42.9125,0.0
1.3353,-42.9125,0.0
1.3353,-42.9125,0.0
1.3353,-42.9125,0.0
1.3353,-42.9125,0.0
1.3353,-42.9125,0.0
1.3353,-42.9125,0.0
1.3353,-42.9125,0.0
1.3353,-42.9125,0.0
-0.7190,-43.5249,0.0
-0.7190,-43.5249,0.0
-0.7190,-43.5249,0.0
-0.7190,-43.5249,0.0
-0.7190,-43.5249,0.0
-0.7190,-43.5249,0.0
-0.7190,-43.5249,0.0
-0.7190,-43.5249,0.0
-0.7190,-43.5249,0.0
-0.7190,-43.5249,0.0
-2.4306,-44.0604,0.0
-2.4306,-44.0604,0.0
-2.4306,-44.0604,0.0
-2.4306,-44.0604,0.0
-2.4306,-44.0604,0.0
-2.4306,-44.0604,0.0
-2.4306,-44.0604,0.0
-2.4306,-44.0604,0.0
-2.4306,-44.0604,0.0
-2.4306,-44.0604,0.0
-2.4306,-44.0604,0.0
-2.5044,-44.0940,0.0
-2.5044,-44.0940,0.0
-2.5044,-44.0940,0.0
-2.5044,-44.0940,0.0
-2.5044,-44.0940,0.0
-2.5044,-44.0940,0.0
-2.5044,-44.0940,0.0
-2.5044,-44.0940,0.0
-2.5044,-44.0940,0.0
-2.4643,-44.0860,0.0
-2.4643,-44.0860,0.0
-2.4643,-44.0860,0.0
-2.4643,-44.0860,0.0
-2.4643,-44.0860,0.0
-2.4643,-44.0860,0.0
-2.4643,-44.0860,0.0
-2.4643,-44.0860,0.0
-2.4643,-44.0860,0.0
-2.4643,-44.0860,0.0
-2.4643,-44.0860,0.0
-2.4643,-44.0860,0.0
-2.4643,-44.0860,0.0
-2.4643,-44.0860,0.0
-2.4643,-44.0860,0.0
-2.4643,-44.0860,0.0
-2.4643,-44.0860,0.0
-2.4643,-44.0860,0.0
-2.4643,-44.0860,0.0
-2.4643,-44.0860,0.0
-2.4132,-44.0418,0.0
-2.4132,-44.0418,0.0
-2.4132,-44.0418,0.0
-2.4132,-44.0418,0.0
-2.4132,-44.0418,0.0
-2.4132,-44.0418,0.0
-2.4132,-44.0418,0.0
-2.4132,-44.0418,0.0
-2.4132,-44.0418,0.0
-2.4132,-44.0418,0.0
-2.3890,-44.0221,0.0
-2.3890,-44.0221,0.0
-2.3890,-44.0221,0.0
-2.3890,-44.0221,0.0
-2.3890,-44.0221,0.0
-2.3890,-44.0221,0.0
-2.3890,-44.0221,0.0
-2.3890,-44.0221,0.0
-2.3890,-44.0221,0.0
-2.3890,-44.0221,0.0
-2.3749,-44.0095,0.0
-2.3749,-44.0095,0.0
-2.3749,-44.0095,0.0
-2.3749,-44.0095,0.0
-2.3749,-44.0095,0.0
-2.3749,-44.0095,0.0
-2.3749,-44.0095,0.0
-2.3749,-44.0095,0.0
-2.3749,-44.0095,0.0
-2.3749,-44.0095,0.0
-2.3438,-43.9899,0.0
-2.3438,-43.9899,0.0
-2.3438,-43.9899,0.0
-2.3438,-43.9899,0.0
-2.3438,-43.9899,0.0
-2.3438,-43.9899,0.0
-2.3438,-43.9899,0.0
-2.3438,-43.9899,0.0
-2.3438,-43.9899,0.0
-2.3438,-43.9899,0.0
-2.3150,-43.9743,0.0
-2.3150,-43.9743,0.0
-2.3150,-43.9743,0.0
-2.3150,-43.9743,0.0
-2.3150,-43.9743,0.0
-2.3150,-43.9743,0.0
-2.3150,-43.9743,0.0
-2.3150,-43.9743,0.0
-2.3150,-43.9743,0.0
-2.3150,-43.9743,0.0
-2.2760,-43.9565,0.0
-2.2760,-43.9565,0.0
-2.2760,-43.9565,0.0
-2.2760,-43.9565,0.0
-2.2760,-43.9565,0.0
-2.2760,-43.9565,0.0
-2.2760,-43.9565,0.0
-2.2760,-43.9565,0.0
-2.2760,-43.9565,0.0
-2.2760,-43.9565,0.0
-2.2489,-43.9390,0.0
-2.2489,-43.9390,0.0
-2.2489,-43.9390,0.0
-2.2489,-43.9390,0.0
-2.2489,-43.9390,0.0
-2.2489,-43.9390,0.0
-2.2489,-43.9390,0.0
-2.2489,-43.9390,0.0
-2.2489,-43.9390,0.0
-2.2489,-43.9390,0.0
-2.2150,-43.9220,0.0
-2.2150,-43.9220,0.0
-2.2150,-43.9220,0.0
-2.2150,-43.9220,0.0
-2.2150,-43.9220,0.0
-2.2150,-43.9220,0.0
-2.2150,-43.9220,0.0
-2.2150,-43.9220,0.0
-2.2150,-43.9220,0.0
-2.2150,-43.9220,0.0
-2.1678,-43.8986,0.0
-2.1678,-43.8986,0.0
-2.1678,-43.8986,0.0
-2.1678,-43.8986,0.0
-2.1678,-43.8986,0.0
-2.1678,-43.8986,0.0
-2.1678,-43.8986,0.0
-2.1678,-43.8986,0.0
-2.1678,-43.8986,0.0
-2.1678,-43.8986,0.0
-2.1707,-43.9225,0.0
-2.1707,-43.9225,0.0
-2.1707,-43.9225,0.0
-2.1707,-43.9225,0.0
-2.1707,-43.9225,0.0
-2.1707,-43.9225,0.0
-2.1707,-43.9225,0.0
-2.1707,-43.9225,0.0
-2.1707,-43.9225,0.0
-2.1707,-43.9225,0.0
-2.1324,-43.9064,0.0
-2.1324,-43.9064,0.0
-2.1324,-43.9064,0.0
-2.1324,-43.9064,0.0
-2.1324,-43.9064,0.0
-2.1324,-43.9064,0.0
-2.1324,-43.9064,0.0
-2.1324,-43.9064,0.0
-2.1324,-43.9064,0.0
-2.1324,-43.9064,0.0
-2.1574,-43.9229,0.0
-2.1574,-43.9229,0.0
-2.1574,-43.9229,0.0
-2.1574,-43.9229,0.0
-2.1574,-43.9229,0.0
-2.1574,-43.9229,0.0
-2.1574,-43.9229,0.0
-2.1574,-43.9229,0.0
-2.1574,-43.9229,0.0
-2.1574,-43.9229,0.0
-2.1574,-43.9229,0.0
-2.1574,-43.9229,0.0
-2.1574,-43.9229,0.0
-2.1574,-43.9229,0.0
-2.1574,-43.9229,0.0
-2.1574,-43.9229,0.0
-2.1574,-43.9229,0.0
-2.1574,-43.9229,0.0
-2.1574,-43.9229,0.0
-2.1574,-43.9229,0.0
-2.1102,-43.9123,0.0
-2.1102,-43.9123,0.0
-2.1102,-43.9123,0.0
-2.1102,-43.9123,0.0
-2.1102,-43.9123,0.0
-2.1102,-43.9123,0.0
-2.1102,-43.9123,0.0
-2.1102,-43.9123,0.0
-2.1102,-43.9123,0.0
-2.1102,-43.9123,0.0
-2.0990,-43.8613,0.0
-2.0990,-43.8613,0.0
-2.0990,-43.8613,0.0
-2.0990,-43.8613,0.0
-2.0990,-43.8613,0.0
-2.0990,-43.8613,0.0
-2.0990,-43.8613,0.0
-2.0990,-43.8613,0.0
-2.0990,-43.8613,0.0
-2.0990,-43.8613,0.0
-2.0661,-43.8626,0.0
-2.0661,-43.8626,0.0
-2.0661,-43.8626,0.0
-2.0661,-43.8626,0.0
-2.0661,-43.8626,0.0
-2.0661,-43.8626,0.0
-2.0661,-43.8626,0.0
-2.0661,-43.8626,0.0
-2.0661,-43.8626,0.0
-2.0661,-43.8626,0.0
-2.0661,-43.8626,0.0
-2.0661,-43.8626,0.0
-2.0661,-43.8626,0.0
-2.0018,-43.8289,0.0
-2.0018,-43.8289,0.0
-2.0018,-43.8289,0.0
-2.0018,-43.8289,0.0
-2.0018,-43.8289,0.0
-2.0018,-43.8289,0.0
-2.0018,-43.8289,0.0
-2.0018,-43.8289,0.0
-2.0018,-43.8289,0.0
-2.0018,-43.8289,0.0
-1.9404,-43.8065,0.0
-1.9404,-43.8065,0.0
-1.9404,-43.8065,0.0
-1.9404,-43.8065,0.0
-1.9404,-43.8065,0.0
-1.9404,-43.8065,0.0
-1.9404,-43.8065,0.0
-1.9404,-43.8065,0.0
-1.9404,-43.8065,0.0
-1.9404,-43.8065,0.0
-1.9404,-43.8065,0.0
-1.8331,-43.7760,0.0
-1.8331,-43.7760,0.0
-1.8331,-43.7760,0.0
-1.8331,-43.7760,0.0
-1.8331,-43.7760,0.0
-1.8331,-43.7760,0.0
-1.8331,-43.7760,0.0
-1.8331,-43.7760,0.0
-1.8331,-43.7760,0.0
-1.8331,-43.7760,0.0
-1.7450,-43.7531,0.0
-1.7450,-43.7531,0.0
-1.7450,-43.7531,0.0
-1.7450,-43.7531,0.0
-1.7450,-43.7531,0.0
-1.7450,-43.7531,0.0
-1.7450,-43.7531,0.0
-1.7450,-43.7531,0.0
-1.7450,-43.7531,0.0
-1.7080,-43.7367,0.0
-1.7080,-43.7367,0.0
-1.7080,-43.7367,0.0
-1.7080,-43.7367,0.0
-1.7080,-43.7367,0.0
-1.7080,-43.7367,0.0
-1.7080,-43.7367,0.0
-1.7080,-43.7367,0.0
-1.7080,-43.7367,0.0
-1.7080,-43.7367,0.0
-1.6475,-43.7223,0.0
-1.6475,-43.7223,0.0
-1.6475,-43.7223,0.0
-1.6475,-43.7223,0.0
-1.6475,-43.7223,0.0
-1.6475,-43.7223,0.0
-1.6475,-43.7223,0.0
-1.6475,-43.7223,0.0
-1.6475,-43.7223,0.0
-1.6475,-43.7223,0.0
-1.6266,-43.7209,0.0
-1.6266,-43.7209,0.0
-1.6266,-43.7209,0.0
-1.6266,-43.7209,0.0
-1.6266,-43.7209,0.0
-1.6266,-43.7209,0.0
-1.6266,-43.7209,0.0
-1.6266,-43.7209,0.0
-1.6266,-43.7209,0.0
-1.6266,-43.7209,0.0
-1.5582,-43.6881,0.0
-1.5582,-43.6881,0.0
-1.5582,-43.6881,0.0
-1.5582,-43.6881,0.0
-1.5582,-43.6881,0.0
-1.5582,-43.6881,0.0
-1.5582,-43.6881,0.0
-1.5582,-43.6881,0.0
-1.5582,-43.6881,0.0
-1.5582,-43.6881,0.0
-1.5242,-43.6913,0.0
-1.5242,-43.6913,0.0
-1.5242,-43.6913,0.0
-1.5242,-43.6913,0.0
-1.5242,-43.6913,0.0
-1.5242,-43.6913,0.0
-1.5242,-43.6913,0.0
-1.5242,-43.6913,0.0
-1.5242,-43.6913,0.0
-1.5242,-43.6913,0.0
-1.5843,-43.6583,0.0
-1.5843,-43.6583,0.0
-1.5843,-43.6583,0.0
-1.5843,-43.6583,0.0
-1.5843,-43.6583,0.0
-1.5843,-43.6583,0.0
-1.5843,-43.6583,0.0
-1.5843,-43.6583,0.0
-1.5843,-43.6583,0.0
-1.5843,-43.6583,0.0
-1.5843,-43.6583,0.0
-1.5843,-43.6583,0.0
-1.5287,-43.6791,0.0
-1.5287,-43.6791,0.0
-1.5287,-43.6791,0.0
-1.5287,-43.6791,0.0
-1.5287,-43.6791,0.0
-1.5287,-43.6791,0.0
-1.5287,-43.6791,0.0
-1.5287,-43.6791,0.0
-1.5287,-43.6791,0.0
-1.5287,-43.6791,0.0
-1.4891,-43.7028,0.0
-1.4891,-43.7028,0.0
-1.4891,-43.7028,0.0
-1.4891,-43.7028,0.0
-1.4891,-43.7028,0.0
-1.4891,-43.7028,0.0
-1.4891,-43.7028,0.0
-1.4891,-43.7028,0.0
-1.4891,-43.7028,0.0
-1.4891,-43.7028,0.0
-1.4478,-43.7184,0.0
-1.4478,-43.7184,0.0
-1.4478,-43.7184,0.0
-1.4478,-43.7184,0.0
-1.4478,-43.7184,0.0
-1.4478,-43.7184,0.0
-1.4478,-43.7184,0.0
-1.4478,-43.7184,0.0
-1.4478,-43.7184,0.0
-1.4478,-43.7184,0.0
-1.4478,-43.7184,0.0
-1.4478,-43.7184,0.0
-1.4478,-43.7184,0.0
-1.4397,-43.6851,0.0
-1.4397,-43.6851,0.0
-1.4397,-43.6851,0.0
-1.4397,-43.6851,0.0
-1.4397,-43.6851,0.0
-1.4397,-43.6851,0.0
-1.4397,-43.6851,0.0
-1.4397,-43.6851,0.0
-1.4397,-43.6851,0.0
-1.4397,-43.6851,0.0
-1.4740,-43.6518,0.0
-1.4740,-43.6518,0.0
-1.4740,-43.6518,0.0
-1.4740,-43.6518,0.0
-1.4740,-43.6518,0.0
-1.4740,-43.6518,0.0
-1.4740,-43.6518,0.0
-1.4740,-43.6518,0.0
-1.4740,-43.6518,0.0
-1.4740,-43.6518,0.0
-1.4953,-43.6170,0.0
-1.4953,-43.6170,0.0
-1.4953,-43.6170,0.0
-1.4953,-43.6170,0.0
-1.4953,-43.6170,0.0
-1.4953,-43.6170,0.0
-1.4953,-43.6170,0.0
-1.4953,-43.6170,0.0
-1.4953,-43.6170,0.0
-1.4953,-43.6170,0.0
-1.4723,-43.5996,0.0
-1.4723,-43.5996,0.0
-1.4723,-43.5996,0.0
-1.4723,-43.5996,0.0
-1.4723,-43.5996,0.0
-1.4723,-43.5996,0.0
-1.4723,-43.5996,0.0
-1.4723,-43.5996,0.0
-1.4723,-43.5996,0.0
-1.4723,-43.5996,0.0
-1.4225,-43.5516,0.0
-1.4225,-43.5516,0.0
-1.4225,-43.5516,0.0
-1.4225,-43.5516,0.0
-1.4225,-43.5516,0.0
-1.4225,-43.5516,0.0
-1.4225,-43.5516,0.0
-1.4225,-43.5516,0.0
-1.4225,-43.5516,0.0
-1.4225,-43.5516,0.0
-1.3699,-43.5409,0.0
-1.3699,-43.5409,0.0
-1.3699,-43.5409,0.0
-1.3699,-43.5409,0.0
-1.3699,-43.5409,0.0
-1.3699,-43.5409,0.0
-1.3699,-43.5409,0.0
-1.3699,-43.5409,0.0
-1.3699,-43.5409,0.0
-1.3699,-43.5409,0.0
-1.3233,-43.5161,0.0
-1.3233,-43.5161,0.0
-1.3233,-43.5161,0.0
-1.3233,-43.5161,0.0
-1.3233,-43.5161,0.0
-1.3233,-43.5161,0.0
-1.3233,-43.5161,0.0
-1.3233,-43.5161,0.0
-1.3233,-43.5161,0.0
-1.3233,-43.5161,0.0
-1.2698,-43.4894,0.0
-1.2698,-43.4894,0.0
-1.2698,-43.4894,0.0
-1.2698,-43.4894,0.0
-1.2698,-43.4894,0.0
-1.2698,-43.4894,0.0
-1.2698,-43.4894,0.0
-1.2698,-43.4894,0.0
-1.2698,-43.4894,0.0
-1.2698,-43.4894,0.0
-1.2698,-43.4894,0.0
-1.2698,-43.4894,0.0
-1.2698,-43.4894,0.0
-1.3011,-43.4395,0.0
-1.3011,-43.4395,0.0
-1.3011,-43.4395,0.0
-1.3011,-43.4395,0.0
-1.3011,-43.4395,0.0
-1.3011,-43.4395,0.0
-1.3011,-43.4395,0.0
-1.3011,-43.4395,0.0
-1.3011,-43.4395,0.0
-1.2340,-43.4219,0.0
-1.2340,-43.4219,0.0
-1.2340,-43.4219,0.0
-1.2340,-43.4219,0.0
-1.2340,-43.4219,0.0
-1.2340,-43.4219,0.0
-1.2340,-43.4219,0.0
-1.2340,-43.4219,0.0
-1.2340,-43.4219,0.0
-1.2340,-43.4219,0.0
-1.2099,-43.4113,0.0
-1.2099,-43.4113,0.0
-1.2099,-43.4113,0.0
-1.2099,-43.4113,0.0
-1.2099,-43.4113,0.0
-1.2099,-43.4113,0.0
-1.2099,-43.4113,0.0
-1.2099,-43.4113,0.0
-1.2099,-43.4113,0.0
-1.2099,-43.4113,0.0
-1.2099,-43.4113,0.0
-1.0364,-43.3688,0.0
-1.0364,-43.3688,0.0
-1.0364,-43.3688,0.0
-1.0364,-43.3688,0.0
-1.0364,-43.3688,0.0
-1.0364,-43.3688,0.0
-1.0364,-43.3688,0.0
-1.0364,-43.3688,0.0
-1.0364,-43.3688,0.0
-0.8621,-43.3190,0.0
-0.8621,-43.3190,0.0
-0.8621,-43.3190,0.0
-0.8621,-43.3190,0.0
-0.8621,-43.3190,0.0
-0.8621,-43.3190,0.0
-0.8621,-43.3190,0.0
-0.8621,-43.3190,0.0
-0.8621,-43.3190,0.0
-0.8621,-43.3190,0.0
-0.8129,-43.3279,0.0
-0.8129,-43.3279,0.0
-0.8129,-43.3279,0.0
-0.8129,-43.3279,0.0
-0.8129,-43.3279,0.0
-0.8129,-43.3279,0.0
-0.8129,-43.3279,0.0
-0.8129,-43.3279,0.0
-0.8129,-43.3279,0.0
-0.8129,-43.3279,0.0
-0.8129,-43.3279,0.0
-0.8129,-43.3279,0.0
-0.8129,-43.3279,0.0
-0.8129,-43.3279,0.0
-0.8129,-43.3279,0.0
-0.8129,-43.3279,0.0
-0.8129,-43.3279,0.0
-0.8129,-43.3279,0.0
-0.8129,-43.3279,0.0
-0.8129,-43.3279,0.0
-0.8129,-43.3279,0.0
-0.6497,-43.3412,0.0
-0.6497,-43.3412,0.0
-0.6497,-43.3412,0.0
-0.6497,-43.3412,0.0
-0.6497,-43.3412,0.0
-0.6497,-43.3412,0.0
-0.6497,-43.3412,0.0
-0.6497,-43.3412,0.0
-0.6497,-43.3412,0.0
-0.6129,-43.3510,0.0
-0.6129,-43.3510,0.0
-0.6129,-43.3510,0.0
-0.6129,-43.3510,0.0
-0.6129,-43.3510,0.0
-0.6129,-43.3510,0.0
-0.6129,-43.3510,0.0
-0.6129,-43.3510,0.0
-0.6129,-43.3510,0.0
-0.6129,-43.3510,0.0
-0.5397,-43.3666,0.0
-0.5397,-43.3666,0.0
-0.5397,-43.3666,0.0
-0.5397,-43.3666,0.0
-0.5397,-43.3666,0.0
-0.5397,-43.3666,0.0
-0.5397,-43.3666,0.0
-0.5397,-43.3666,0.0
-0.5397,-43.3666,0.0
-0.5397,-43.3666,0.0
-0.5032,-43.3659,0.0
-0.5032,-43.3659,0.0
-0.5032,-43.3659,0.0
-0.5032,-43.3659,0.0
-0.5032,-43.3659,0.0
-0.5032,-43.3659,0.0
-0.5032,-43.3659,0.0
-0.5032,-43.3659,0.0
-0.5032,-43.3659,0.0
-0.5032,-43.3659,0.0
-0.4681,-43.3621,0.0
-0.4681,-43.3621,0.0
-0.4681,-43.3621,0.0
-0.4681,-43.3621,0.0
-0.4681,-43.3621,0.0
-0.4681,-43.3621,0.0
-0.4681,-43.3621,0.0
-0.4681,-43.3621,0.0
-0.4681,-43.3621,0.0
-0.4681,-43.3621,0.0
-0.4681,-43.3621,0.0
-0.4248,-43.3734,0.0
-0.4248,-43.3734,0.0
-0.4248,-43.3734,0.0
-0.4248,-43.3734,0.0
-0.4248,-43.3734,0.0
-0.4248,-43.3734,0.0
-0.4248,-43.3734,0.0
-0.4248,-43.3734,0.0
-0.4248,-43.3734,0.0
-0.3819,-43.3745,0.0
-0.3819,-43.3745,0.0
-0.3819,-43.3745,0.0
-0.3819,-43.3745,0.0
-0.3819,-43.3745,0.0
-0.3819,-43.3745,0.0
-0.3819,-43.3745,0.0
-0.3819,-43.3745,0.0
-0.3819,-43.3745,0.0
-0.3819,-43.3745,0.0
-0.3449,-43.3503,0.0
-0.3449,-43.3503,0.0
-0.3449,-43.3503,0.0
-0.3449,-43.3503,0.0
-0.3449,-43.3503,0.0
-0.3449,-43.3503,0.0
-0.3449,-43.3503,0.0
-0.3449,-43.3503,0.0
-0.3449,-43.3503,0.0
-0.3449,-43.3503,0.0
-0.3199,-43.3328,0.0
-0.3199,-43.3328,0.0
-0.3199,-43.3328,0.0
-0.3199,-43.3328,0.0
-0.3199,-43.3328,0.0
-0.3199,-43.3328,0.0
-0.3199,-43.3328,0.0
-0.3199,-43.3328,0.0
-0.3199,-43.3328,0.0
-0.3199,-43.3328,0.0
-0.3199,-43.3328,0.0
-0.3199,-43.3328,0.0
-0.3199,-43.3328,0.0
-0.2823,-43.3165,0.0
-0.2823,-43.3165,0.0
-0.2823,-43.3165,0.0
-0.2823,-43.3165,0.0
-0.2823,-43.3165,0.0
-0.2823,-43.3165,0.0
-0.2823,-43.3165,0.0
-0.2823,-43.3165,0.0
-0.2823,-43.3165,0.0
-0.2823,-43.3165,0.0
-0.1972,-43.2849,0.0
-0.1972,-43.2849,0.0
-0.1972,-43.2849,0.0
-0.1972,-43.2849,0.0
-0.1972,-43.2849,0.0
-0.1972,-43.2849,0.0
-0.1972,-43.2849,0.0
-0.1972,-43.2849,0.0
-0.1972,-43.2849,0.0
-0.1972,-43.2849,0.0
-0.1972,-43.2849,0.0
-0.2551,-43.3028,0.0
-0.2551,-43.3028,0.0
-0.2551,-43.3028,0.0
-0.2551,-43.3028,0.0
-0.2551,-43.3028,0.0
-0.2551,-43.3028,0.0
-0.2551,-43.3028,0.0
-0.2551,-43.3028,0.0
-0.2551,-43.3028,0.0
-0.1283,-43.2770,0.0
-0.1283,-43.2770,0.0
-0.1283,-43.2770,0.0
-0.1283,-43.2770,0.0
-0.1283,-43.2770,0.0
-0.1283,-43.2770,0.0
-0.1283,-43.2770,0.0
-0.1283,-43.2770,0.0
-0.1283,-43.2770,0.0
-0.1283,-43.2770,0.0
-0.0411,-43.2485,0.0
-0.0411,-43.2485,0.0
-0.0411,-43.2485,0.0
-0.0411,-43.2485,0.0
-0.0411,-43.2485,0.0
-0.0411,-43.2485,0.0
-0.0411,-43.2485,0.0
-0.0411,-43.2485,0.0
-0.0411,-43.2485,0.0
-0.0411,-43.2485,0.0
0.0670,-43.2154,0.0
0.0670,-43.2154,0.0
0.0670,-43.2154,0.0
0.0670,-43.2154,0.0
0.0670,-43.2154,0.0
0.0670,-43.2154,0.0
0.0670,-43.2154,0.0
0.0670,-43.2154,0.0
0.0670,-43.2154,0.0
0.0670,-43.2154,0.0
0.1614,-43.1850,0.0
0.1614,-43.1850,0.0
0.1614,-43.1850,0.0
0.1614,-43.1850,0.0
0.1614,-43.1850,0.0
0.1614,-43.1850,0.0
0.1614,-43.1850,0.0
0.1614,-43.1850,0.0
0.1614,-43.1850,0.0
0.1614,-43.1850,0.0
0.1977,-43.1747,0.0
0.1977,-43.1747,0.0
0.1977,-43.1747,0.0
0.1977,-43.1747,0.0
0.1977,-43.1747,0.0
0.1977,-43.1747,0.0
0.1977,-43.1747,0.0
0.1977,-43.1747,0.0
0.1977,-43.1747,0.0
0.1977,-43.1747,0.0
0.1977,-43.1747,0.0
0.8308,-43.0337,0.0
0.8308,-43.0337,0.0
0.8308,-43.0337,0.0
0.8308,-43.0337,0.0
0.8308,-43.0337,0.0
0.8308,-43.0337,0.0
0.8308,-43.0337,0.0
0.8308,-43.0337,0.0
0.8308,-43.0337,0.0
1.3452,-42.9117,0.0
1.3452,-42.9117,0.0
1.3452,-42.9117,0.0
1.3452,-42.9117,0.0
1.3452,-42.9117,0.0
1.3452,-42.9117,0.0
1.3452,-42.9117,0.0
1.3452,-42.9117,0.0
1.3452,-42.9117,0.0
1.3452,-42.9117,0.0
1.3452,-42.9117,0.0
1.7715,-42.8332,0.0
1.7715,-42.8332,0.0
1.7715,-42.8332,0.0
1.7715,-42.8332,0.0
1.7715,-42.8332,0.0
1.7715,-42.8332,0.0
1.7715,-42.8332,0.0
1.7715,-42.8332,0.0
1.7715,-42.8332,0.0
1.7715,-42.8332,0.0
2.1564,-42.8280,0.0
2.1564,-42.8280,0.0
2.1564,-42.8280,0.0
2.1564,-42.8280,0.0
2.1564,-42.8280,0.0
2.1564,-42.8280,0.0
2.1564,-42.8280,0.0
2.1564,-42.8280,0.0
2.1564,-42.8280,0.0
2.4442,-42.8357,0.0
2.4442,-42.8357,0.0
2.4442,-42.8357,0.0
2.4442,-42.8357,0.0
2.4442,-42.8357,0.0
2.4442,-42.8357,0.0
2.4442,-42.8357,0.0
2.4442,-42.8357,0.0
2.4442,-42.8357,0.0
2.4442,-42.8357,0.0
2.4442,-42.8357,0.0
2.4442,-42.8357,0.0
2.7406,-42.8753,0.0
2.7406,-42.8753,0.0
2.7406,-42.8753,0.0
2.7406,-42.8753,0.0
2.7406,-42.8753,0.0
2.7406,-42.8753,0.0
2.7406,-42.8753,0.0
2.7406,-42.8753,0.0
2.7406,-42.8753,0.0
2.7406,-42.8753,0.0
2.7406,-42.8753,0.0
3.0141,-42.9161,0.0
3.0141,-42.9161,0.0
3.0141,-42.9161,0.0
3.0141,-42.9161,0.0
3.0141,-42.9161,0.0
3.0141,-42.9161,0.0
3.0141,-42.9161,0.0
3.0141,-42.9161,0.0
3.0141,-42.9161,0.0
3.0773,-42.9073,0.0
3.0773,-42.9073,0.0
3.0773,-42.9073,0.0
3.0773,-42.9073,0.0
3.0773,-42.9073,0.0
3.0773,-42.9073,0.0
3.0773,-42.9073,0.0
3.0773,-42.9073,0.0
3.0773,-42.9073,0.0
3.0773,-42.9073,0.0
3.0773,-42.9073,0.0
3.0773,-42.9073,0.0
3.0773,-42.9073,0.0
3.2137,-42.8765,0.0
3.2137,-42.8765,0.0
3.2137,-42.8765,0.0
3.2137,-42.8765,0.0
3.2137,-42.8765,0.0
3.2137,-42.8765,0.0
3.2137,-42.8765,0.0
3.2137,-42.8765,0.0
3.2137,-42.8765,0.0
3.2137,-42.8765,0.0
3.2137,-42.8765,0.0
3.2137,-42.8765,0.0
3.2137,-42.8765,0.0
3.5388,-42.8313,0.0
3.5388,-42.8313,0.0
3.5388,-42.8313,0.0
3.5388,-42.8313,0.0
3.5388,-42.8313,0.0
3.5388,-42.8313,0.0
3.5388,-42.8313,0.0
3.5388,-42.8313,0.0
3.5388,-42.8313,0.0
3.5388,-42.8313,0.0
3.8672,-42.7722,0.0
3.8672,-42.7722,0.0
3.8672,-42.7722,0.0
3.8672,-42.7722,0.0
3.8672,-42.7722,0.0
3.8672,-42.7722,0.0
3.8672,-42.7722,0.0
3.8672,-42.7722,0.0
3.8672,-42.7722,0.0
4.2147,-42.7104,0.0
4.2147,-42.7104,0.0
4.2147,-42.7104,0.0
4.2147,-42.7104,0.0
4.2147,-42.7104,0.0
4.2147,-42.7104,0.0
4.2147,-42.7104,0.0
4.2147,-42.7104,0.0
4.2147,-42.7104,0.0
4.2147,-42.7104,0.0
4.2147,-42.7104,0.0
4.2147,-42.7104,0.0
4.2147,-42.7104,0.0
4.2147,-42.7104,0.0
4.2147,-42.7104,0.0
4.2147,-42.7104,0.0
4.2147,-42.7104,0.0
4.2147,-42.7104,0.0
4.2147,-42.7104,0.0
4.2147,-42.7104,0.0
4.2147,-42.7104,0.0
4.5541,-42.6388,0.0
4.5541,-42.6388,0.0
4.5541,-42.6388,0.0
4.5541,-42.6388,0.0
4.5541,-42.6388,0.0
4.5541,-42.6388,0.0
4.5541,-42.6388,0.0
4.5541,-42.6388,0.0
4.5541,-42.6388,0.0
4.5541,-42.6388,0.0
4.6378,-42.6205,0.0
4.6378,-42.6205,0.0
4.6378,-42.6205,0.0
4.6378,-42.6205,0.0
4.6378,-42.6205,0.0
4.6378,-42.6205,0.0
4.6378,-42.6205,0.0
4.6378,-42.6205,0.0
4.6378,-42.6205,0.0
4.7268,-42.6054,0.0
4.7268,-42.6054,0.0
4.7268,-42.6054,0.0
4.7268,-42.6054,0.0
4.7268,-42.6054,0.0
4.7268,-42.6054,0.0
4.7268,-42.6054,0.0
4.7268,-42.6054,0.0
4.7268,-42.6054,0.0
4.7268,-42.6054,0.0
4.7769,-42.5914,0.0
4.7769,-42.5914,0.0
4.7769,-42.5914,0.0
4.7769,-42.5914,0.0
4.7769,-42.5914,0.0
4.7769,-42.5914,0.0
4.7769,-42.5914,0.0
4.7769,-42.5914,0.0
4.7769,-42.5914,0.0
4.7769,-42.5914,0.0
4.8120,-42.6014,0.0
4.8120,-42.6014,0.0
4.8120,-42.6014,0.0
4.8120,-42.6014,0.0
4.8120,-42.6014,0.0
4.8120,-42.6014,0.0
4.8120,-42.6014,0.0
4.8120,-42.6014,0.0
4.8120,-42.6014,0.0
4.8120,-42.6014,0.0
4.8735,-42.5977,0.0
4.8735,-42.5977,0.0
4.8735,-42.5977,0.0
4.8735,-42.5977,0.0
4.8735,-42.5977,0.0
4.8735,-42.5977,0.0
4.8735,-42.5977,0.0
4.8735,-42.5977,0.0
4.8735,-42.5977,0.0
4.8735,-42.5977,0.0
4.9147,-42.6150,0.0
4.9147,-42.6150,0.0
4.9147,-42.6150,0.0
4.9147,-42.6150,0.0
4.9147,-42.6150,0.0
4.9147,-42.6150,0.0
4.9147,-42.6150,0.0
4.9147,-42.6150,0.0
4.9147,-42.6150,0.0
4.9147,-42.6150,0.0
4.9147,-42.6150,0.0
4.9679,-42.6285,0.0
4.9679,-42.6285,0.0
4.9679,-42.6285,0.0
4.9679,-42.6285,0.0
4.9679,-42.6285,0.0
4.9679,-42.6285,0.0
4.9679,-42.6285,0.0
4.9679,-42.6285,0.0
4.9679,-42.6285,0.0
4.9679,-42.6285,0.0
5.0450,-42.6381,0.0
5.0450,-42.6381,0.0
5.0450,-42.6381,0.0
5.0450,-42.6381,0.0
5.0450,-42.6381,0.0
5.0450,-42.6381,0.0
5.0450,-42.6381,0.0
5.0450,-42.6381,0.0
5.0450,-42.6381,0.0
5.1051,-42.6197,0.0
5.1051,-42.6197,0.0
5.1051,-42.6197,0.0
5.1051,-42.6197,0.0
5.1051,-42.6197,0.0
5.1051,-42.6197,0.0
5.1051,-42.6197,0.0
5.1051,-42.6197,0.0
5.1051,-42.6197,0.0
5.1051,-42.6197,0.0
5.1480,-42.6070,0.0
5.1480,-42.6070,0.0
5.1480,-42.6070,0.0
5.1480,-42.6070,0.0
5.1480,-42.6070,0.0
5.1480,-42.6070,0.0
5.1480,-42.6070,0.0
5.1480,-42.6070,0.0
5.1480,-42.6070,0.0
5.1776,-42.5913,0.0
5.1776,-42.5913,0.0
5.1776,-42.5913,0.0
5.1776,-42.5913,0.0
5.1776,-42.5913,0.0
5.1776,-42.5913,0.0
5.1776,-42.5913,0.0
5.1776,-42.5913,0.0
5.1776,-42.5913,0.0
5.1776,-42.5913,0.0
5.1986,-42.5808,0.0
5.1986,-42.5808,0.0
5.1986,-42.5808,0.0
5.1986,-42.5808,0.0
5.1986,-42.5808,0.0
5.1986,-42.5808,0.0
5.1986,-42.5808,0.0
5.1986,-42.5808,0.0
5.1986,-42.5808,0.0
5.2401,-42.5763,0.0
5.2401,-42.5763,0.0
5.2401,-42.5763,0.0
5.2401,-42.5763,0.0
5.2401,-42.5763,0.0
5.2401,-42.5763,0.0
5.2401,-42.5763,0.0
5.2401,-42.5763,0.0
5.2401,-42.5763,0.0
5.2401,-42.5763,0.0
5.2872,-42.5717,0.0
5.2872,-42.5717,0.0
5.2872,-42.5717,0.0
5.2872,-42.5717,0.0
5.2872,-42.5717,0.0
5.2872,-42.5717,0.0
5.2872,-42.5717,0.0
5.2872,-42.5717,0.0
5.2872,-42.5717,0.0
5.3290,-42.5688,0.0
5.3290,-42.5688,0.0
5.3290,-42.5688,0.0
5.3290,-42.5688,0.0
5.3290,-42.5688,0.0
5.3290,-42.5688,0.0
5.3290,-42.5688,0.0
5.3290,-42.5688,0.0
5.3290,-42.5688,0.0
5.3290,-42.5688,0.0
5.3290,-42.5688,0.0
5.3290,-42.5688,0.0
5.3290,-42.5688,0.0
5.3290,-42.5688,0.0
5.3290,-42.5688,0.0
5.6398,-42.5157,0.0
5.6398,-42.5157,0.0
5.6398,-42.5157,0.0
5.6398,-42.5157,0.0
5.6398,-42.5157,0.0
5.6398,-42.5157,0.0
5.6398,-42.5157,0.0
5.6398,-42.5157,0.0
5.6398,-42.5157,0.0
6.1753,-42.3647,0.0
6.1753,-42.3647,0.0
6.1753,-42.3647,0.0
6.1753,-42.3647,0.0
6.1753,-42.3647,0.0
6.1753,-42.3647,0.0
6.1753,-42.3647,0.0
6.1753,-42.3647,0.0
6.1753,-42.3647,0.0
6.5509,-42.2892,0.0
6.5509,-42.2892,0.0
6.5509,-42.2892,0.0
6.5509,-42.2892,0.0
6.5509,-42.2892,0.0
6.5509,-42.2892,0.0
6.5509,-42.2892,0.0
6.5509,-42.2892,0.0
6.5509,-42.2892,0.0
6.5509,-42.2892,0.0
6.6715,-42.3746,0.0
6.6715,-42.3746,0.0
6.6715,-42.3746,0.0
6.6715,-42.3746,0.0
6.6715,-42.3746,0.0
6.6715,-42.3746,0.0
6.6715,-42.3746,0.0
6.6715,-42.3746,0.0
6.6715,-42.3746,0.0
6.9844,-42.4140,0.0
6.9844,-42.4140,0.0
6.9844,-42.4140,0.0
6.9844,-42.4140,0.0
6.9844,-42.4140,0.0
6.9844,-42.4140,0.0
6.9844,-42.4140,0.0
6.9844,-42.4140,0.0
6.9844,-42.4140,0.0
7.3505,-42.4185,0.0
7.3505,-42.4185,0.0
7.3505,-42.4185,0.0
7.3505,-42.4185,0.0
7.3505,-42.4185,0.0
7.3505,-42.4185,0.0
7.3505,-42.4185,0.0
7.3505,-42.4185,0.0
7.3505,-42.4185,0.0
7.3505,-42.4185,0.0
7.3505,-42.4185,0.0
7.3505,-42.4185,0.0
7.7380,-42.4317,0.0
7.7380,-42.4317,0.0
7.7380,-42.4317,0.0
7.7380,-42.4317,0.0
7.7380,-42.4317,0.0
7.7380,-42.4317,0.0
7.7380,-42.4317,0.0
7.7380,-42.4317,0.0
7.7380,-42.4317,0.0
7.7380,-42.4317,0.0
8.0667,-42.2861,0.0
8.0667,-42.2861,0.0
8.0667,-42.2861,0.0
8.0667,-42.2861,0.0
8.0667,-42.2861,0.0
8.0667,-42.2861,0.0
8.0667,-42.2861,0.0
8.0667,-42.2861,0.0
8.0667,-42.2861,0.0
8.0667,-42.2861,0.0
8.0529,-42.3018,0.0
8.0529,-42.3018,0.0
8.0529,-42.3018,0.0
8.0529,-42.3018,0.0
8.0529,-42.3018,0.0
8.0529,-42.3018,0.0
8.0529,-42.3018,0.0
8.0529,-42.3018,0.0
8.0679,-42.2971,0.0
8.0679,-42.2971,0.0
8.0679,-42.2971,0.0
8.0679,-42.2971,0.0
8.0679,-42.2971,0.0
8.0679,-42.2971,0.0
8.0679,-42.2971,0.0
8.0679,-42.2971,0.0
8.0679,-42.2971,0.0
8.0679,-42.2971,0.0
8.0716,-42.2916,0.0
8.0716,-42.2916,0.0
8.0716,-42.2916,0.0
8.0716,-42.2916,0.0
8.0716,-42.2916,0.0
8.0716,-42.2916,0.0
8.0716,-42.2916,0.0
8.0716,-42.2916,0.0
8.0716,-42.2916,0.0
8.0716,-42.2916,0.0
8.0716,-42.2916,0.0
8.0846,-42.2952,0.0
8.0846,-42.2952,0.0
8.0846,-42.2952,0.0
8.0846,-42.2952,0.0
8.0846,-42.2952,0.0
8.0846,-42.2952,0.0
8.0846,-42.2952,0.0
8.0846,-42.2952,0.0
8.0846,-42.2952,0.0
8.0879,-42.2922,0.0
8.0879,-42.2922,0.0
8.0879,-42.2922,0.0
8.0879,-42.2922,0.0
8.0879,-42.2922,0.0
8.0879,-42.2922,0.0
8.0879,-42.2922,0.0
8.0879,-42.2922,0.0
8.0879,-42.2922,0.0
8.0879,-42.2922,0.0
8.1063,-42.2776,0.0
8.1063,-42.2776,0.0
8.1063,-42.2776,0.0
8.1063,-42.2776,0.0
8.1063,-42.2776,0.0
8.1063,-42.2776,0.0
8.1063,-42.2776,0.0
8.1063,-42.2776,0.0
8.1063,-42.2776,0.0
8.1117,-42.2615,0.0
8.1117,-42.2615,0.0
8.1117,-42.2615,0.0
8.1117,-42.2615,0.0
8.1117,-42.2615,0.0
8.1117,-42.2615,0.0
8.1117,-42.2615,0.0
8.1117,-42.2615,0.0
8.1117,-42.2615,0.0
8.1217,-42.2528,0.0
8.1217,-42.2528,0.0
8.1217,-42.2528,0.0
8.1217,-42.2528,0.0
8.1217,-42.2528,0.0
8.1217,-42.2528,0.0
8.1217,-42.2528,0.0
8.1217,-42.2528,0.0
8.1217,-42.2528,0.0
8.1217,-42.2528,0.0
8.1292,-42.2521,0.0
8.1292,-42.2521,0.0
8.1292,-42.2521,0.0
8.1292,-42.2521,0.0
8.1292,-42.2521,0.0
8.1292,-42.2521,0.0
8.1292,-42.2521,0.0
8.1292,-42.2521,0.0
8.1292,-42.2521,0.0
8.1292,-42.2521,0.0
8.1292,-42.2521,0.0
8.1292,-42.2521,0.0
8.1625,-42.2489,0.0
8.1625,-42.2489,0.0
8.1625,-42.2489,0.0
8.1625,-42.2489,0.0
8.1625,-42.2489,0.0
8.1625,-42.2489,0.0
8.1625,-42.2489,0.0
8.1625,-42.2489,0.0
8.1625,-42.2489,0.0
8.1625,-42.2489,0.0
8.1964,-42.2957,0.0
8.1964,-42.2957,0.0
8.1964,-42.2957,0.0
8.1964,-42.2957,0.0
8.1964,-42.2957,0.0
8.1964,-42.2957,0.0
8.1964,-42.2957,0.0
8.1964,-42.2957,0.0
8.1964,-42.2957,0.0
8.2580,-42.3341,0.0
8.2580,-42.3341,0.0
8.2580,-42.3341,0.0
8.2580,-42.3341,0.0
8.2580,-42.3341,0.0
8.2580,-42.3341,0.0
8.2580,-42.3341,0.0
8.2580,-42.3341,0.0
8.2580,-42.3341,0.0
8.2580,-42.3341,0.0
8.3869,-42.3775,0.0
8.3869,-42.3775,0.0
8.3869,-42.3775,0.0
8.3869,-42.3775,0.0
8.3869,-42.3775,0.0
8.3869,-42.3775,0.0
8.3869,-42.3775,0.0
8.3869,-42.3775,0.0
8.3869,-42.3775,0.0
8.4869,-42.3963,0.0
8.4869,-42.3963,0.0
8.4869,-42.3963,0.0
8.4869,-42.3963,0.0
8.4869,-42.3963,0.0
8.4869,-42.3963,0.0
8.4869,-42.3963,0.0
8.4869,-42.3963,0.0
8.4869,-42.3963,0.0
8.5236,-42.4085,0.0
8.5236,-42.4085,0.0
8.5236,-42.4085,0.0
8.5236,-42.4085,0.0
8.5236,-42.4085,0.0
8.5236,-42.4085,0.0
8.5236,-42.4085,0.0
8.5236,-42.4085,0.0
8.5236,-42.4085,0.0
8.5236,-42.4085,0.0
8.5128,-42.4055,0.0
8.5128,-42.4055,0.0
8.5128,-42.4055,0.0
8.5128,-42.4055,0.0
8.5128,-42.4055,0.0
8.5128,-42.4055,0.0
8.5128,-42.4055,0.0
8.5128,-42.4055,0.0
8.5128,-42.4055,0.0
8.5281,-42.3967,0.0
8.5281,-42.3967,0.0
8.5281,-42.3967,0.0
8.5281,-42.3967,0.0
8.5281,-42.3967,0.0
8.5281,-42.3967,0.0
8.5281,-42.3967,0.0
8.5281,-42.3967,0.0
8.5281,-42.3967,0.0
8.5281,-42.3967,0.0
8.5488,-42.3576,0.0
8.5488,-42.3576,0.0
8.5488,-42.3576,0.0
8.5488,-42.3576,0.0
8.5488,-42.3576,0.0
8.5488,-42.3576,0.0
8.5488,-42.3576,0.0
8.5488,-42.3576,0.0
8.5488,-42.3576,0.0
8.6063,-42.3225,0.0
8.6063,-42.3225,0.0
8.6063,-42.3225,0.0
8.6063,-42.3225,0.0
8.6063,-42.3225,0.0
8.6063,-42.3225,0.0
8.6063,-42.3225,0.0
8.6063,-42.3225,0.0
8.6063,-42.3225,0.0
8.6281,-42.3058,0.0
8.6281,-42.3058,0.0
8.6281,-42.3058,0.0
8.6281,-42.3058,0.0
8.6281,-42.3058,0.0
8.6281,-42.3058,0.0
8.6281,-42.3058,0.0
8.6281,-42.3058,0.0
8.6281,-42.3058,0.0
8.6895,-42.2813,0.0
8.6895,-42.2813,0.0
8.6895,-42.2813,0.0
8.6895,-42.2813,0.0
8.6895,-42.2813,0.0
8.6895,-42.2813,0.0
8.6895,-42.2813,0.0
8.6895,-42.2813,0.0
8.6895,-42.2813,0.0
8.6895,-42.2813,0.0
8.7106,-42.2316,0.0
8.7106,-42.2316,0.0
8.7106,-42.2316,0.0
8.7106,-42.2316,0.0
8.7106,-42.2316,0.0
8.7106,-42.2316,0.0
8.7106,-42.2316,0.0
8.7106,-42.2316,0.0
8.7106,-42.2316,0.0
8.8135,-42.2063,0.0
8.8135,-42.2063,0.0
8.8135,-42.2063,0.0
8.8135,-42.2063,0.0
8.8135,-42.2063,0.0
8.8135,-42.2063,0.0
8.8135,-42.2063,0.0
8.8135,-42.2063,0.0
8.8135,-42.2063,0.0
8.8806,-42.2017,0.0
8.8806,-42.2017,0.0
8.8806,-42.2017,0.0
8.8806,-42.2017,0.0
8.8806,-42.2017,0.0
8.8806,-42.2017,0.0
8.8806,-42.2017,0.0
8.8806,-42.2017,0.0
8.8806,-42.2017,0.0
8.8806,-42.2017,0.0
8.8806,-42.2017,0.0
8.8666,-42.2518,0.0
8.8666,-42.2518,0.0
8.8666,-42.2518,0.0
8.8666,-42.2518,0.0
8.8666,-42.2518,0.0
8.8666,-42.2518,0.0
8.8666,-42.2518,0.0
8.8666,-42.2518,0.0
8.8666,-42.2518,0.0
8.8666,-42.2518,0.0
9.1364,-42.2976,0.0
9.1364,-42.2976,0.0
9.1364,-42.2976,0.0
9.1364,-42.2976,0.0
9.1364,-42.2976,0.0
9.1364,-42.2976,0.0
9.1364,-42.2976,0.0
9.1364,-42.2976,0.0
9.1364,-42.2976,0.0
9.4522,-42.3427,0.0
9.4522,-42.3427,0.0
9.4522,-42.3427,0.0
9.4522,-42.3427,0.0
9.4522,-42.3427,0.0
9.4522,-42.3427,0.0
9.4522,-42.3427,0.0
9.4522,-42.3427,0.0
9.4522,-42.3427,0.0
9.4522,-42.3427,0.0
9.7879,-42.4267,0.0
9.7879,-42.4267,0.0
9.7879,-42.4267,0.0
9.7879,-42.4267,0.0
9.7879,-42.4267,0.0
9.7879,-42.4267,0.0
9.7879,-42.4267,0.0
9.7879,-42.4267,0.0
9.7879,-42.4267,0.0
10.1693,-42.4629,0.0
10.1693,-42.4629,0.0
10.1693,-42.4629,0.0
10.1693,-42.4629,0.0
10.1693,-42.4629,0.0
10.1693,-42.4629,0.0
10.1693,-42.4629,0.0
10.1693,-42.4629,0.0
10.1693,-42.4629,0.0
10.5547,-42.4943,0.0
10.5547,-42.4943,0.0
10.5547,-42.4943,0.0
10.5547,-42.4943,0.0
10.5547,-42.4943,0.0
10.5547,-42.4943,0.0
10.5547,-42.4943,0.0
10.5547,-42.4943,0.0
10.5547,-42.4943,0.0
10.5547,-42.4943,0.0
10.8709,-42.5390,0.0
10.8709,-42.5390,0.0
10.8709,-42.5390,0.0
10.8709,-42.5390,0.0
10.8709,-42.5390,0.0
10.8709,-42.5390,0.0
10.8709,-42.5390,0.0
10.8709,-42.5390,0.0
10.8709,-42.5390,0.0
11.1752,-42.5721,0.0
11.1752,-42.5721,0.0
11.1752,-42.5721,0.0
11.1752,-42.5721,0.0
11.1752,-42.5721,0.0
11.1752,-42.5721,0.0
11.1752,-42.5721,0.0
11.1752,-42.5721,0.0
11.1752,-42.5721,0.0
11.4251,-42.6060,0.0
11.4251,-42.6060,0.0
11.4251,-42.6060,0.0
11.4251,-42.6060,0.0
11.4251,-42.6060,0.0
11.4251,-42.6060,0.0
11.4251,-42.6060,0.0
11.4251,-42.6060,0.0
11.4251,-42.6060,0.0
11.4251,-42.6060,0.0
11.6864,-42.6774,0.0
11.6864,-42.6774,0.0
11.6864,-42.6774,0.0
11.6864,-42.6774,0.0
11.6864,-42.6774,0.0
11.6864,-42.6774,0.0
11.6864,-42.6774,0.0
11.6864,-42.6774,0.0
11.6864,-42.6774,0.0
11.6864,-42.6774,0.0
12.0918,-42.7179,0.0
12.0918,-42.7179,0.0
12.0918,-42.7179,0.0
12.0918,-42.7179,0.0
12.0918,-42.7179,0.0
12.0918,-42.7179,0.0
12.0918,-42.7179,0.0
12.0918,-42.7179,0.0
12.0918,-42.7179,0.0
12.0493,-42.7947,0.0
12.0493,-42.7947,0.0
12.0493,-42.7947,0.0
12.0493,-42.7947,0.0
12.0493,-42.7947,0.0
12.0493,-42.7947,0.0
12.0493,-42.7947,0.0
12.0493,-42.7947,0.0
12.0493,-42.7947,0.0
12.0166,-42.8714,0.0
12.0166,-42.8714,0.0
12.0166,-42.8714,0.0
12.0166,-42.8714,0.0
12.0166,-42.8714,0.0
12.0166,-42.8714,0.0
12.0166,-42.8714,0.0
12.0166,-42.8714,0.0
12.0166,-42.8714,0.0
11.9855,-42.9525,0.0
11.9855,-42.9525,0.0
11.9855,-42.9525,0.0
11.9855,-42.9525,0.0
11.9855,-42.9525,0.0
11.9855,-42.9525,0.0
11.9855,-42.9525,0.0
11.9855,-42.9525,0.0
11.9855,-42.9525,0.0
11.9855,-42.9525,0.0
11.9444,-43.0012,0.0
11.9444,-43.0012,0.0
11.9444,-43.0012,0.0
11.9444,-43.0012,0.0
11.9444,-43.0012,0.0
11.9444,-43.0012,0.0
11.9444,-43.0012,0.0
11.9444,-43.0012,0.0
11.9444,-43.0012,0.0
11.9722,-42.9807,0.0
11.9722,-42.9807,0.0
11.9722,-42.9807,0.0
11.9722,-42.9807,0.0
11.9722,-42.9807,0.0
11.9722,-42.9807,0.0
11.9722,-42.9807,0.0
11.9722,-42.9807,0.0
11.9722,-42.9807,0.0
11.9722,-42.9807,0.0
11.9840,-43.0347,0.0
11.9840,-43.0347,0.0
11.9840,-43.0347,0.0
11.9840,-43.0347,0.0
11.9840,-43.0347,0.0
11.9840,-43.0347,0.0
11.9840,-43.0347,0.0
11.9840,-43.0347,0.0
11.9840,-43.0347,0.0
12.0173,-43.0419,0.0
12.0173,-43.0419,0.0
12.0173,-43.0419,0.0
12.0173,-43.0419,0.0
12.0173,-43.0419,0.0
12.0173,-43.0419,0.0
12.0173,-43.0419,0.0
12.0173,-43.0419,0.0
12.0173,-43.0419,0.0
12.0173,-43.0419,0.0
12.2969,-43.1377,0.0
12.2969,-43.1377,0.0
12.2969,-43.1377,0.0
12.2969,-43.1377,0.0
12.2969,-43.1377,0.0
12.2969,-43.1377,0.0
12.2969,-43.1377,0.0
12.2969,-43.1377,0.0
12.6037,-43.1793,0.0
12.6037,-43.1793,0.0
12.6037,-43.1793,0.0
12.6037,-43.1793,0.0
12.6037,-43.1793,0.0
12.6037,-43.1793,0.0
12.6037,-43.1793,0.0
12.6037,-43.1793,0.0
12.6037,-43.1793,0.0
12.6037,-43.1793,0.0
13.0455,-43.1703,0.0
13.0455,-43.1703,0.0
13.0455,-43.1703,0.0
13.0455,-43.1703,0.0
13.0455,-43.1703,0.0
13.0455,-43.1703,0.0
13.0455,-43.1703,0.0
13.0455,-43.1703,0.0
13.0455,-43.1703,0.0
13.0455,-43.1703,0.0
13.1348,-43.2685,0.0
13.1348,-43.2685,0.0
13.1348,-43.2685,0.0
13.1348,-43.2685,0.0
13.1348,-43.2685,0.0
13.1348,-43.2685,0.0
13.1348,-43.2685,0.0
13.1348,-43.2685,0.0
13.1348,-43.2685,0.0
13.2984,-43.3413,0.0
13.2984,-43.3413,0.0
13.2984,-43.3413,0.0
13.2984,-43.3413,0.0
13.2984,-43.3413,0.0
13.2984,-43.3413,0.0
13.2984,-43.3413,0.0
13.2984,-43.3413,0.0
13.2984,-43.3413,0.0
13.2984,-43.3413,0.0
13.2984,-43.3413,0.0
13.2984,-43.3413,0.0
13.5112,-43.4482,0.0
13.5112,-43.4482,0.0
13.5112,-43.4482,0.0
13.5112,-43.4482,0.0
13.5112,-43.4482,0.0
13.5112,-43.4482,0.0
13.5112,-43.4482,0.0
13.5112,-43.4482,0.0
13.5112,-43.4482,0.0
13.6726,-43.5296,0.0
13.6726,-43.5296,0.0
13.6726,-43.5296,0.0
13.6726,-43.5296,0.0
13.6726,-43.5296,0.0
13.6726,-43.5296,0.0
13.6726,-43.5296,0.0
13.6726,-43.5296,0.0
13.6726,-43.5296,0.0
13.6726,-43.5296,0.0
13.9327,-43.5750,0.0
13.9327,-43.5750,0.0
13.9327,-43.5750,0.0
13.9327,-43.5750,0.0
13.9327,-43.5750,0.0
13.9327,-43.5750,0.0
13.9327,-43.5750,0.0
13.9327,-43.5750,0.0
13.9327,-43.5750,0.0
14.1767,-43.6103,0.0
14.1767,-43.6103,0.0
14.1767,-43.6103,0.0
14.1767,-43.6103,0.0
14.1767,-43.6103,0.0
14.1767,-43.6103,0.0
14.1767,-43.6103,0.0
14.1767,-43.6103,0.0
14.1767,-43.6103,0.0
14.4366,-43.6471,0.0
14.4366,-43.6471,0.0
14.4366,-43.6471,0.0
14.4366,-43.6471,0.0
14.4366,-43.6471,0.0
14.4366,-43.6471,0.0
14.4366,-43.6471,0.0
14.4366,-43.6471,0.0
14.4366,-43.6471,0.0
14.4366,-43.6471,0.0
14.7005,-43.6761,0.0
14.7005,-43.6761,0.0
14.7005,-43.6761,0.0
14.7005,-43.6761,0.0
14.7005,-43.6761,0.0
14.7005,-43.6761,0.0
14.7005,-43.6761,0.0
14.7005,-43.6761,0.0
14.7005,-43.6761,0.0
14.9342,-43.7203,0.0
14.9342,-43.7203,0.0
14.9342,-43.7203,0.0
14.9342,-43.7203,0.0
14.9342,-43.7203,0.0
14.9342,-43.7203,0.0
14.9342,-43.7203,0.0
14.9342,-43.7203,0.0
14.9342,-43.7203,0.0
15.1893,-43.7497,0.0
15.1893,-43.7497,0.0
15.1893,-43.7497,0.0
15.1893,-43.7497,0.0
15.1893,-43.7497,0.0
15.1893,-43.7497,0.0
15.1893,-43.7497,0.0
15.1893,-43.7497,0.0
15.1893,-43.7497,0.0
15.1893,-43.7497,0.0
15.4866,-43.7269,0.0
15.4866,-43.7269,0.0
15.4866,-43.7269,0.0
15.4866,-43.7269,0.0
15.4866,-43.7269,0.0
15.4866,-43.7269,0.0
15.4866,-43.7269,0.0
15.4866,-43.7269,0.0
15.4866,-43.7269,0.0
15.5457,-43.7159,0.0
15.5457,-43.7159,0.0
15.5457,-43.7159,0.0
15.5457,-43.7159,0.0
15.5457,-43.7159,0.0
15.5457,-43.7159,0.0
15.5457,-43.7159,0.0
15.5457,-43.7159,0.0
15.5457,-43.7159,0.0
15.5457,-43.7159,0.0
15.5457,-43.7159,0.0
15.5457,-43.7159,0.0
15.5459,-43.7464,0.0
15.5459,-43.7464,0.0
15.5459,-43.7464,0.0
15.5459,-43.7464,0.0
15.5459,-43.7464,0.0
15.5459,-43.7464,0.0
15.5459,-43.7464,0.0
15.5459,-43.7464,0.0
15.5459,-43.7464,0.0
15.5786,-43.7698,0.0
15.5786,-43.7698,0.0
15.5786,-43.7698,0.0
15.5786,-43.7698,0.0
15.5786,-43.7698,0.0
15.5786,-43.7698,0.0
15.5786,-43.7698,0.0
15.5786,-43.7698,0.0
15.5786,-43.7698,0.0
15.6103,-43.7943,0.0
15.6103,-43.7943,0.0
15.6103,-43.7943,0.0
15.6103,-43.7943,0.0
15.6103,-43.7943,0.0
15.6103,-43.7943,0.0
15.6103,-43.7943,0.0
15.6103,-43.7943,0.0
15.6103,-43.7943,0.0
15.6103,-43.7943,0.0
15.6103,-43.7943,0.0
15.6103,-43.7943,0.0
15.6103,-43.7943,0.0
15.6103,-43.7943,0.0
15.6265,-43.8147,0.0
15.6265,-43.8147,0.0
15.6265,-43.8147,0.0
15.6265,-43.8147,0.0
15.6265,-43.8147,0.0
15.6265,-43.8147,0.0
15.6265,-43.8147,0.0
15.6265,-43.8147,0.0
15.6265,-43.8147,0.0
15.6265,-43.8147,0.0
15.6060,-43.8759,0.0
15.6060,-43.8759,0.0
15.6060,-43.8759,0.0
15.6060,-43.8759,0.0
15.6060,-43.8759,0.0
15.6060,-43.8759,0.0
15.6060,-43.8759,0.0
15.6060,-43.8759,0.0
15.6060,-43.8759,0.0
15.5948,-43.9277,0.0
15.5948,-43.9277,0.0
15.5948,-43.9277,0.0
15.5948,-43.9277,0.0
15.5948,-43.9277,0.0
15.5948,-43.9277,0.0
15.5948,-43.9277,0.0
15.5948,-43.9277,0.0
15.5948,-43.9277,0.0
15.5835,-43.9887,0.0
15.5835,-43.9887,0.0
15.5835,-43.9887,0.0
15.5835,-43.9887,0.0
15.5835,-43.9887,0.0
15.5835,-43.9887,0.0
15.5835,-43.9887,0.0
15.5835,-43.9887,0.0
15.5835,-43.9887,0.0
15.5835,-43.9887,0.0
15.5835,-43.9887,0.0
15.5835,-43.9887,0.0
15.5835,-43.9887,0.0
15.6551,-44.1216,0.0
15.6551,-44.1216,0.0
15.6551,-44.1216,0.0
15.6551,-44.1216,0.0
15.6551,-44.1216,0.0
15.6551,-44.1216,0.0
15.6551,-44.1216,0.0
15.6551,-44.1216,0.0
15.6551,-44.1216,0.0
15.6551,-44.1216,0.0
15.6428,-44.1712,0.0
15.6428,-44.1712,0.0
15.6428,-44.1712,0.0
15.6428,-44.1712,0.0
15.6428,-44.1712,0.0
15.6428,-44.1712,0.0
15.6428,-44.1712,0.0
15.6428,-44.1712,0.0
15.6428,-44.1712,0.0
15.6630,-44.1785,0.0
15.6630,-44.1785,0.0
15.6630,-44.1785,0.0
15.6630,-44.1785,0.0
15.6630,-44.1785,0.0
15.6630,-44.1785,0.0
15.6630,-44.1785,0.0
15.6630,-44.1785,0.0
15.6630,-44.1785,0.0
15.6496,-44.2388,0.0
15.6496,-44.2388,0.0
15.6496,-44.2388,0.0
15.6496,-44.2388,0.0
15.6496,-44.2388,0.0
15.6496,-44.2388,0.0
15.6496,-44.2388,0.0
15.6496,-44.2388,0.0
15.6496,-44.2388,0.0
15.6496,-44.2388,0.0
15.6367,-44.2856,0.0
15.6367,-44.2856,0.0
15.6367,-44.2856,0.0
15.6367,-44.2856,0.0
15.6367,-44.2856,0.0
15.6367,-44.2856,0.0
15.6367,-44.2856,0.0
15.6367,-44.2856,0.0
15.6367,-44.2856,0.0
15.7315,-44.2810,0.0
15.7315,-44.2810,0.0
15.7315,-44.2810,0.0
15.7315,-44.2810,0.0
15.7315,-44.2810,0.0
15.7315,-44.2810,0.0
15.7315,-44.2810,0.0
15.7315,-44.2810,0.0
15.7315,-44.2810,0.0
15.8087,-44.2793,0.0
15.8087,-44.2793,0.0
15.8087,-44.2793,0.0
15.8087,-44.2793,0.0
15.8087,-44.2793,0.0
15.8087,-44.2793,0.0
15.8087,-44.2793,0.0
15.8087,-44.2793,0.0
15.8087,-44.2793,0.0
15.8087,-44.2793,0.0
15.8661,-44.2687,0.0
15.8661,-44.2687,0.0
15.8661,-44.2687,0.0
15.8661,-44.2687,0.0
15.8661,-44.2687,0.0
15.8661,-44.2687,0.0
15.8661,-44.2687,0.0
15.8661,-44.2687,0.0
15.8661,-44.2687,0.0
15.9342,-44.2409,0.0
15.9342,-44.2409,0.0
15.9342,-44.2409,0.0
15.9342,-44.2409,0.0
15.9342,-44.2409,0.0
15.9342,-44.2409,0.0
15.9342,-44.2409,0.0
15.9342,-44.2409,0.0
15.9342,-44.2409,0.0
15.9532,-44.2979,0.0
15.9532,-44.2979,0.0
15.9532,-44.2979,0.0
15.9532,-44.2979,0.0
15.9532,-44.2979,0.0
15.9532,-44.2979,0.0
15.9532,-44.2979,0.0
15.9532,-44.2979,0.0
15.9532,-44.2979,0.0
15.9532,-44.2979,0.0
15.8784,-44.4500,0.0
15.8784,-44.4500,0.0
15.8784,-44.4500,0.0
15.8784,-44.4500,0.0
15.8784,-44.4500,0.0
15.8784,-44.4500,0.0
15.8784,-44.4500,0.0
15.8784,-44.4500,0.0
15.8784,-44.4500,0.0
15.8478,-44.4910,0.0
15.8478,-44.4910,0.0
15.8478,-44.4910,0.0
15.8478,-44.4910,0.0
15.8478,-44.4910,0.0
15.8478,-44.4910,0.0
15.8478,-44.4910,0.0
15.8478,-44.4910,0.0
15.8478,-44.4910,0.0
15.8356,-44.5523,0.0
15.8356,-44.5523,0.0
15.8356,-44.5523,0.0
15.8356,-44.5523,0.0
15.8356,-44.5523,0.0
15.8356,-44.5523,0.0
15.8356,-44.5523,0.0
15.8356,-44.5523,0.0
15.8356,-44.5523,0.0
15.8356,-44.5523,0.0
15.8356,-44.5523,0.0
15.7857,-44.6810,0.0
15.7857,-44.6810,0.0
15.7857,-44.6810,0.0
15.7857,-44.6810,0.0
15.7857,-44.6810,0.0
15.7857,-44.6810,0.0
15.7857,-44.6810,0.0
15.7857,-44.6810,0.0
15.7857,-44.6810,0.0
15.7857,-44.6810,0.0
15.8004,-44.7563,0.0
15.8004,-44.7563,0.0
15.8004,-44.7563,0.0
15.8004,-44.7563,0.0
15.8004,-44.7563,0.0
15.8004,-44.7563,0.0
15.8004,-44.7563,0.0
15.8004,-44.7563,0.0
15.8004,-44.7563,0.0
15.7700,-44.8084,0.0
15.7700,-44.8084,0.0
15.7700,-44.8084,0.0
15.7700,-44.8084,0.0
15.7700,-44.8084,0.0
15.7700,-44.8084,0.0
15.7700,-44.8084,0.0
15.7700,-44.8084,0.0
15.7700,-44.8084,0.0
15.7673,-44.8574,0.0
15.7673,-44.8574,0.0
15.7673,-44.8574,0.0
15.7673,-44.8574,0.0
15.7673,-44.8574,0.0
15.7673,-44.8574,0.0
15.7673,-44.8574,0.0
15.7673,-44.8574,0.0
15.7673,-44.8574,0.0
15.7673,-44.8574,0.0
15.7605,-44.8853,0.0
15.7605,-44.8853,0.0
15.7605,-44.8853,0.0
15.7605,-44.8853,0.0
15.7605,-44.8853,0.0
15.7605,-44.8853,0.0
15.7605,-44.8853,0.0
15.7605,-44.8853,0.0
15.7605,-44.8853,0.0
15.7605,-44.8853,0.0
15.7605,-44.8853,0.0
15.7605,-44.8853,0.0
15.7605,-44.8853,0.0
15.7605,-44.8853,0.0
15.7605,-44.8853,0.0
15.7605,-44.8853,0.0
15.7605,-44.8853,0.0
15.7605,-44.8853,0.0
15.7605,-44.8853,0.0
15.9504,-44.8712,0.0
15.9504,-44.8712,0.0
15.9504,-44.8712,0.0
15.9504,-44.8712,0.0
15.9504,-44.8712,0.0
15.9504,-44.8712,0.0
15.9504,-44.8712,0.0
15.9504,-44.8712,0.0
15.9504,-44.8712,0.0
15.9504,-44.8712,0.0
15.9504,-44.8712,0.0
15.9504,-44.8712,0.0
16.0190,-44.8734,0.0
16.0190,-44.8734,0.0
16.0190,-44.8734,0.0
16.0190,-44.8734,0.0
16.0190,-44.8734,0.0
16.0190,-44.8734,0.0
16.0190,-44.8734,0.0
16.0190,-44.8734,0.0
16.0190,-44.8734,0.0
16.0190,-44.8734,0.0
16.0190,-44.8734,0.0
16.1785,-44.7858,0.0
16.1785,-44.7858,0.0
16.1785,-44.7858,0.0
16.1785,-44.7858,0.0
16.1785,-44.7858,0.0
16.1785,-44.7858,0.0
16.1785,-44.7858,0.0
16.1785,-44.7858,0.0
16.1785,-44.7858,0.0
16.1785,-44.7858,0.0
16.2211,-44.7238,0.0
16.2211,-44.7238,0.0
16.2211,-44.7238,0.0
16.2211,-44.7238,0.0
16.2211,-44.7238,0.0
16.2211,-44.7238,0.0
16.2211,-44.7238,0.0
16.2211,-44.7238,0.0
16.2211,-44.7238,0.0
16.2628,-44.6971,0.0
16.2628,-44.6971,0.0
16.2628,-44.6971,0.0
16.2628,-44.6971,0.0
16.2628,-44.6971,0.0
16.2628,-44.6971,0.0
16.2628,-44.6971,0.0
16.2628,-44.6971,0.0
16.2628,-44.6971,0.0
16.2732,-44.6105,0.0
16.2732,-44.6105,0.0
16.2732,-44.6105,0.0
16.2732,-44.6105,0.0
16.2732,-44.6105,0.0
16.2732,-44.6105,0.0
16.2732,-44.6105,0.0
16.2732,-44.6105,0.0
16.2732,-44.6105,0.0
16.2732,-44.6105,0.0
16.2369,-44.5370,0.0
16.2369,-44.5370,0.0
16.2369,-44.5370,0.0
16.2369,-44.5370,0.0
16.2369,-44.5370,0.0
16.2369,-44.5370,0.0
16.2369,-44.5370,0.0
16.2369,-44.5370,0.0
16.2369,-44.5370,0.0
16.1035,-44.4823,0.0
16.1035,-44.4823,0.0
16.1035,-44.4823,0.0
16.1035,-44.4823,0.0
16.1035,-44.4823,0.0
16.1035,-44.4823,0.0
16.1035,-44.4823,0.0
16.1035,-44.4823,0.0
16.1035,-44.4823,0.0
16.0096,-44.3874,0.0
16.0096,-44.3874,0.0
16.0096,-44.3874,0.0
16.0096,-44.3874,0.0
16.0096,-44.3874,0.0
16.0096,-44.3874,0.0
16.0096,-44.3874,0.0
16.0096,-44.3874,0.0
16.0096,-44.3874,0.0
16.0096,-44.3874,0.0
16.0561,-44.3433,0.0
16.0561,-44.3433,0.0
16.0561,-44.3433,0.0
16.0561,-44.3433,0.0
16.0561,-44.3433,0.0
16.0561,-44.3433,0.0
16.0561,-44.3433,0.0
16.0561,-44.3433,0.0
16.0561,-44.3433,0.0
16.1063,-44.2926,0.0
16.1063,-44.2926,0.0
16.1063,-44.2926,0.0
16.1063,-44.2926,0.0
16.1063,-44.2926,0.0
16.1063,-44.2926,0.0
16.1063,-44.2926,0.0
16.1063,-44.2926,0.0
16.1063,-44.2926,0.0
16.1063,-44.2926,0.0
16.0488,-44.2867,0.0
16.0488,-44.2867,0.0
16.0488,-44.2867,0.0
16.0488,-44.2867,0.0
16.0488,-44.2867,0.0
16.0488,-44.2867,0.0
16.0488,-44.2867,0.0
16.0488,-44.2867,0.0
16.0488,-44.2867,0.0
16.0447,-44.2852,0.0
16.0447,-44.2852,0.0
16.0447,-44.2852,0.0
16.0447,-44.2852,0.0
16.0447,-44.2852,0.0
16.0447,-44.2852,0.0
