0.2781,0.0088,0.0
0.2785,0.0088,0.0
0.2792,0.0087,0.0
0.2801,0.0085,0.0
0.2822,0.0082,0.0
0.2838,0.0079,0.0
0.2858,0.0077,0.0
0.2884,0.0074,0.0
0.2910,0.0073,0.0
0.2943,0.0071,0.0
0.2973,0.0069,0.0
0.3009,0.0068,0.0
0.3049,0.0067,0.0
0.3096,0.0067,0.0
0.3142,0.0066,0.0
0.3211,0.0066,0.0
0.3265,0.0066,0.0
0.3316,0.0067,0.0
0.3382,0.0067,0.0
0.3445,0.0068,0.0
0.3511,0.0069,0.0
0.3579,0.0070,0.0
0.3654,0.0041,0.0
0.3698,0.0012,0.0
0.3738,-0.0024,0.0
0.3777,-0.0063,0.0
0.3818,-0.0104,0.0
0.3856,-0.0142,0.0
0.3920,-0.0206,0.0
0.3951,-0.0237,0.0
0.3995,-0.0280,0.0
0.4039,-0.0324,0.0
0.4088,-0.0373,0.0
0.4159,-0.0443,0.0
0.4188,-0.0477,0.0
0.4225,-0.0520,0.0
0.4256,-0.0551,0.0
0.4294,-0.0583,0.0
0.4330,-0.0605,0.0
0.4356,-0.0622,0.0
0.4371,-0.0639,0.0
0.4387,-0.0661,0.0
0.4396,-0.0674,0.0
0.4402,-0.0686,0.0
0.4408,-0.0697,0.0
0.4413,-0.0706,0.0
0.4416,-0.0713,0.0
0.4421,-0.0723,0.0
0.4424,-0.0729,0.0
0.4427,-0.0734,0.0
0.4429,-0.0739,0.0
0.4433,-0.0743,0.0
0.4439,-0.0748,0.0
0.4443,-0.0751,0.0
0.4447,-0.0753,0.0
0.4452,-0.0756,0.0
0.4456,-0.0759,0.0
0.4460,-0.0761,0.0
0.4466,-0.0763,0.0
0.4470,-0.0765,0.0
0.4475,-0.0766,0.0
0.4480,-0.0767,0.0
0.4485,-0.0768,0.0
0.4491,-0.0769,0.0
0.4498,-0.0771,0.0
0.4504,-0.0771,0.0
0.4510,-0.0772,0.0
0.4517,-0.0773,0.0
0.4525,-0.0773,0.0
0.4533,-0.0774,0.0
0.4542,-0.0775,0.0
0.4555,-0.0775,0.0
0.4561,-0.0779,0.0
0.4568,-0.0785,0.0
0.4575,-0.0792,0.0
0.4585,-0.0802,0.0
0.4597,-0.0813,0.0
0.4616,-0.0831,0.0
0.4629,-0.0843,0.0
0.4643,-0.0857,0.0
0.4658,-0.0872,0.0
0.4674,-0.0887,0.0
0.4690,-0.0902,0.0
0.4715,-0.0926,0.0
0.4726,-0.0936,0.0
0.4753,-0.0962,0.0
0.4770,-0.0978,0.0
0.4788,-0.0996,0.0
0.4806,-0.1013,0.0
0.4825,-0.1032,0.0
0.4855,-0.1061,0.0
0.4875,-0.1080,0.0
0.4895,-0.1099,0.0
0.4916,-0.1119,0.0
0.4937,-0.1140,0.0
0.4966,-0.1168,0.0
0.4989,-0.1190,0.0
0.5013,-0.1213,0.0
0.5038,-0.1237,0.0
0.5073,-0.1271,0.0
0.5099,-0.1296,0.0
0.5125,-0.1321,0.0
0.5149,-0.1344,0.0
0.5179,-0.1373,0.0
0.5210,-0.1403,0.0
0.5239,-0.1430,0.0
0.5271,-0.1459,0.0
0.5303,-0.1489,0.0
0.5336,-0.1519,0.0
0.5370,-0.1551,0.0
0.5423,-0.1599,0.0
0.5456,-0.1629,0.0
0.5485,-0.1656,0.0
0.5542,-0.1709,0.0
0.5573,-0.1738,0.0
0.5613,-0.1776,0.0
0.5653,-0.1814,0.0
0.5695,-0.1854,0.0
0.5758,-0.1915,0.0
0.5802,-0.1957,0.0
0.5846,-0.2000,0.0
0.5900,-0.2053,0.0
0.5945,-0.2098,0.0
0.5987,-0.2139,0.0
0.6054,-0.2205,0.0
0.6088,-0.2239,0.0
0.6137,-0.2288,0.0
0.6188,-0.2338,0.0
0.6239,-0.2389,0.0
0.6316,-0.2466,0.0
0.6364,-0.2513,0.0
0.6412,-0.2561,0.0
0.6492,-0.2641,0.0
0.6541,-0.2690,0.0
0.6596,-0.2745,0.0
0.6651,-0.2800,0.0
0.6707,-0.2855,0.0
0.6779,-0.2928,0.0
0.6835,-0.2984,0.0
0.6891,-0.3040,0.0
0.6948,-0.3096,0.0
0.7009,-0.3157,0.0
0.7065,-0.3212,0.0
0.7121,-0.3266,0.0
0.7204,-0.3348,0.0
0.7260,-0.3402,0.0
0.7315,-0.3456,0.0
0.7365,-0.3505,0.0
0.7421,-0.3559,0.0
0.7493,-0.3630,0.0
0.7548,-0.3684,0.0
0.7603,-0.3738,0.0
0.7653,-0.3787,0.0
0.7708,-0.3842,0.0
0.7763,-0.3896,0.0
0.7851,-0.3983,0.0
0.7901,-0.4032,0.0
0.7956,-0.4087,0.0
0.8011,-0.4141,0.0
0.8055,-0.4184,0.0
0.8137,-0.4266,0.0
0.8187,-0.4315,0.0
0.8242,-0.4369,0.0
0.8296,-0.4423,0.0
0.8357,-0.4483,0.0
0.8412,-0.4537,0.0
0.8466,-0.4591,0.0
0.8521,-0.4645,0.0
0.8598,-0.4721,0.0
0.8658,-0.4781,0.0
0.8713,-0.4835,0.0
0.8768,-0.4889,0.0
0.8823,-0.4943,0.0
0.8876,-0.4974,0.0
0.8936,-0.5006,0.0
0.8972,-0.5028,0.0
0.9006,-0.5052,0.0
0.9046,-0.5083,0.0
0.9068,-0.5096,0.0
0.9088,-0.5103,0.0
0.9108,-0.5103,0.0
0.9126,-0.5099,0.0
0.9141,-0.5093,0.0
0.9156,-0.5091,0.0
0.9180,-0.5096,0.0
0.9197,-0.5102,0.0
0.9215,-0.5110,0.0
0.9232,-0.5118,0.0
0.9249,-0.5122,0.0
0.9266,-0.5122,0.0
0.9286,-0.5125,0.0
0.9306,-0.5130,0.0
0.9327,-0.5136,0.0
0.9349,-0.5140,0.0
0.9373,-0.5145,0.0
0.9400,-0.5151,0.0
0.9425,-0.5156,0.0
0.9455,-0.5163,0.0
0.9489,-0.5170,0.0
0.9527,-0.5178,0.0
0.9568,-0.5186,0.0
0.9608,-0.5195,0.0
0.9663,-0.5206,0.0
0.9705,-0.5216,0.0
0.9779,-0.5232,0.0
0.9839,-0.5246,0.0
0.9903,-0.5260,0.0
0.9972,-0.5275,0.0
1.0042,-0.5291,0.0
1.0108,-0.5306,0.0
1.0176,-0.5321,0.0
1.0253,-0.5338,0.0
1.0331,-0.5356,0.0
1.0412,-0.5373,0.0
1.0486,-0.5389,0.0
1.0570,-0.5407,0.0
1.0689,-0.5432,0.0
1.0766,-0.5448,0.0
1.0853,-0.5466,0.0
1.0932,-0.5482,0.0
1.1021,-0.5500,0.0
1.1110,-0.5518,0.0
1.1191,-0.5533,0.0
1.1273,-0.5549,0.0
1.1393,-0.5572,0.0
1.1477,-0.5588,0.0
1.1571,-0.5605,0.0
1.1655,-0.5621,0.0
1.1740,-0.5637,0.0
1.1835,-0.5654,0.0
1.1921,-0.5670,0.0
1.2017,-0.5687,0.0
1.2122,-0.5705,0.0
1.2248,-0.5727,0.0
1.2344,-0.5744,0.0
1.2441,-0.5760,0.0
1.2538,-0.5776,0.0
1.2636,-0.5793,0.0
1.2733,-0.5808,0.0
1.2831,-0.5824,0.0
1.2928,-0.5840,0.0
1.3026,-0.5855,0.0
1.3085,-0.5864,0.0
1.3232,-0.5887,0.0
1.3320,-0.5900,0.0
1.3409,-0.5913,0.0
1.3487,-0.5925,0.0
1.3585,-0.5939,0.0
1.3684,-0.5953,0.0
1.3772,-0.5966,0.0
1.3920,-0.5986,0.0
1.3969,-0.5993,0.0
1.4068,-0.6006,0.0
1.4176,-0.6021,0.0
1.4275,-0.6034,0.0
1.4354,-0.6044,0.0
1.4502,-0.6063,0.0
1.4600,-0.6075,0.0
1.4689,-0.6086,0.0
1.4788,-0.6098,0.0
1.4877,-0.6108,0.0
1.4996,-0.6122,0.0
1.5075,-0.6131,0.0
1.5164,-0.6142,0.0
1.5282,-0.6155,0.0
1.5381,-0.6166,0.0
1.5470,-0.6175,0.0
1.5569,-0.6185,0.0
1.5668,-0.6196,0.0
1.5787,-0.6208,0.0
1.5886,-0.6218,0.0
1.5956,-0.6224,0.0
1.6084,-0.6237,0.0
1.6194,-0.6247,0.0
1.6263,-0.6253,0.0
1.6352,-0.6261,0.0
1.6451,-0.6270,0.0
1.6550,-0.6278,0.0
1.6650,-0.6287,0.0
1.6749,-0.6295,0.0
1.6848,-0.6303,0.0
1.6947,-0.6310,0.0
1.7047,-0.6318,0.0
1.7146,-0.6325,0.0
1.7235,-0.6332,0.0
1.7335,-0.6339,0.0
1.7434,-0.6345,0.0
1.7533,-0.6352,0.0
1.7672,-0.6361,0.0
1.7752,-0.6366,0.0
1.7851,-0.6372,0.0
1.7951,-0.6378,0.0
1.8050,-0.6383,0.0
1.8179,-0.6390,0.0
1.8229,-0.6393,0.0
1.8368,-0.6400,0.0
1.8448,-0.6404,0.0
1.8547,-0.6408,0.0
1.8646,-0.6413,0.0
1.8776,-0.6418,0.0
1.8826,-0.6420,0.0
1.8925,-0.6424,0.0
1.9024,-0.6428,0.0
1.9164,-0.6432,0.0
1.9263,-0.6436,0.0
1.9363,-0.6439,0.0
1.9452,-0.6441,0.0
1.9542,-0.6444,0.0
1.9641,-0.6446,0.0
1.9761,-0.6449,0.0
1.9850,-0.6451,0.0
1.9950,-0.6453,0.0
2.0049,-0.6454,0.0
2.0149,-0.6456,0.0
2.0239,-0.6457,0.0
2.0338,-0.6458,0.0
2.0438,-0.6459,0.0
2.0527,-0.6460,0.0
2.0627,-0.6460,0.0
2.0726,-0.6460,0.0
2.0826,-0.6461,0.0
2.0926,-0.6461,0.0
2.1025,-0.6460,0.0
2.1155,-0.6460,0.0
2.1244,-0.6459,0.0
2.1354,-0.6458,0.0
2.1443,-0.6457,0.0
2.1543,-0.6456,0.0
2.1642,-0.6454,0.0
2.1731,-0.6452,0.0
2.1830,-0.6450,0.0
2.1919,-0.6448,0.0
2.2018,-0.6444,0.0
2.2116,-0.6441,0.0
2.2234,-0.6435,0.0
2.2333,-0.6431,0.0
2.2421,-0.6426,0.0
2.2510,-0.6421,0.0
2.2608,-0.6415,0.0
2.2745,-0.6406,0.0
2.2833,-0.6400,0.0
2.2911,-0.6395,0.0
2.3009,-0.6388,0.0
2.3097,-0.6381,0.0
2.3184,-0.6375,0.0
2.3320,-0.6364,0.0
2.3407,-0.6357,0.0
2.3504,-0.6349,0.0
2.3600,-0.6340,0.0
2.3687,-0.6333,0.0
2.3793,-0.6323,0.0
2.3880,-0.6315,0.0
2.3986,-0.6305,0.0
2.4082,-0.6296,0.0
2.4168,-0.6287,0.0
2.4264,-0.6277,0.0
2.4360,-0.6268,0.0
2.4466,-0.6256,0.0
2.4572,-0.6245,0.0
2.4667,-0.6234,0.0
2.4725,-0.6228,0.0
2.4869,-0.6211,0.0
2.4917,-0.6206,0.0
2.5060,-0.6189,0.0
2.5108,-0.6183,0.0
2.5204,-0.6172,0.0
2.5300,-0.6160,0.0
2.5406,-0.6147,0.0
2.5502,-0.6135,0.0
2.5599,-0.6123,0.0
2.5686,-0.6112,0.0
2.5821,-0.6095,0.0
2.5908,-0.6084,0.0
2.6005,-0.6071,0.0
2.6082,-0.6061,0.0
2.6169,-0.6049,0.0
2.6295,-0.6032,0.0
2.6392,-0.6018,0.0
2.6489,-0.6005,0.0
2.6586,-0.5991,0.0
2.6683,-0.5977,0.0
2.6780,-0.5963,0.0
2.6877,-0.5949,0.0
2.6964,-0.5936,0.0
2.7052,-0.5923,0.0
2.7149,-0.5909,0.0
2.7246,-0.5895,0.0
2.7334,-0.5883,0.0
2.7431,-0.5869,0.0
2.7577,-0.5849,0.0
2.7625,-0.5842,0.0
2.7771,-0.5821,0.0
2.7829,-0.5813,0.0
2.7936,-0.5798,0.0
2.8033,-0.5784,0.0
2.8120,-0.5772,0.0
2.8217,-0.5758,0.0
2.8314,-0.5745,0.0
2.8411,-0.5731,0.0
2.8537,-0.5713,0.0
2.8624,-0.5701,0.0
2.8730,-0.5685,0.0
2.8827,-0.5671,0.0
2.8914,-0.5659,0.0
2.9011,-0.5644,0.0
2.9117,-0.5628,0.0
2.9213,-0.5614,0.0
2.9300,-0.5601,0.0
2.9397,-0.5586,0.0
2.9484,-0.5572,0.0
2.9561,-0.5560,0.0
2.9686,-0.5540,0.0
2.9783,-0.5524,0.0
2.9879,-0.5509,0.0
2.9975,-0.5493,0.0
3.0081,-0.5475,0.0
3.0177,-0.5458,0.0
3.0274,-0.5442,0.0
3.0370,-0.5425,0.0
3.0456,-0.5410,0.0
3.0553,-0.5393,0.0
3.0649,-0.5375,0.0
3.0746,-0.5358,0.0
3.0842,-0.5340,0.0
3.0939,-0.5322,0.0
3.1045,-0.5302,0.0
3.1142,-0.5284,0.0
3.1238,-0.5265,0.0
3.1335,-0.5247,0.0
3.1412,-0.5232,0.0
3.1527,-0.5208,0.0
3.1604,-0.5193,0.0
3.1720,-0.5169,0.0
3.1797,-0.5153,0.0
3.1883,-0.5135,0.0
3.1979,-0.5115,0.0
3.2094,-0.5091,0.0
3.2209,-0.5066,0.0
3.2285,-0.5049,0.0
3.2361,-0.5032,0.0
3.2485,-0.5005,0.0
3.2571,-0.4986,0.0
3.2684,-0.4960,0.0
3.2779,-0.4938,0.0
3.2827,-0.4927,0.0
3.2921,-0.4905,0.0
3.3054,-0.4874,0.0
3.3158,-0.4849,0.0
3.3205,-0.4837,0.0
3.3300,-0.4813,0.0
3.3394,-0.4788,0.0
3.3537,-0.4750,0.0
3.3594,-0.4734,0.0
3.3698,-0.4704,0.0
3.3793,-0.4676,0.0
3.3888,-0.4648,0.0
3.3983,-0.4619,0.0
3.4078,-0.4591,0.0
3.4173,-0.4561,0.0
3.4259,-0.4535,0.0
3.4353,-0.4505,0.0
3.4448,-0.4475,0.0
3.4543,-0.4445,0.0
3.4676,-0.4402,0.0
3.4723,-0.4387,0.0
3.4836,-0.4349,0.0
3.4931,-0.4318,0.0
3.5044,-0.4280,0.0
3.5138,-0.4249,0.0
3.5222,-0.4220,0.0
3.5316,-0.4188,0.0
3.5410,-0.4156,0.0
3.5466,-0.4137,0.0
3.5568,-0.4101,0.0
3.5660,-0.4069,0.0
3.5771,-0.4029,0.0
3.5863,-0.3996,0.0
3.5973,-0.3956,0.0
3.6056,-0.3926,0.0
3.6138,-0.3895,0.0
3.6220,-0.3865,0.0
3.6312,-0.3831,0.0
3.6403,-0.3797,0.0
3.6494,-0.3762,0.0
3.6603,-0.3721,0.0
3.6694,-0.3686,0.0
3.6794,-0.3648,0.0
3.6848,-0.3626,0.0
3.6948,-0.3588,0.0
3.7039,-0.3552,0.0
3.7129,-0.3516,0.0
3.7220,-0.3480,0.0
3.7328,-0.3436,0.0
3.7427,-0.3396,0.0
3.7518,-0.3360,0.0
3.7617,-0.3319,0.0
3.7671,-0.3297,0.0
3.7770,-0.3256,0.0
3.7860,-0.3218,0.0
3.7959,-0.3177,0.0
3.8049,-0.3139,0.0
3.8139,-0.3100,0.0
3.8193,-0.3077,0.0
3.8292,-0.3035,0.0
3.8382,-0.2996,0.0
3.8517,-0.2938,0.0
3.8562,-0.2918,0.0
3.8652,-0.2879,0.0
3.8742,-0.2839,0.0
3.8832,-0.2799,0.0
3.8931,-0.2755,0.0
3.9021,-0.2715,0.0
3.9147,-0.2658,0.0
3.9192,-0.2638,0.0
3.9282,-0.2597,0.0
3.9371,-0.2556,0.0
3.9487,-0.2502,0.0
3.9576,-0.2461,0.0
3.9664,-0.2419,0.0
3.9735,-0.2386,0.0
3.9833,-0.2340,0.0
3.9922,-0.2298,0.0
4.0020,-0.2251,0.0
4.0118,-0.2204,0.0
4.0207,-0.2161,0.0
4.0295,-0.2118,0.0
4.0384,-0.2075,0.0
4.0438,-0.2049,0.0
4.0526,-0.2006,0.0
4.0615,-0.1962,0.0
4.0712,-0.1914,0.0
4.0810,-0.1865,0.0
4.0916,-0.1812,0.0
4.1014,-0.1763,0.0
4.1102,-0.1719,0.0
4.1147,-0.1697,0.0
4.1235,-0.1652,0.0
4.1333,-0.1603,0.0
4.1422,-0.1558,0.0
4.1511,-0.1514,0.0
4.1600,-0.1469,0.0
4.1688,-0.1424,0.0
4.1786,-0.1374,0.0
4.1875,-0.1329,0.0
4.1981,-0.1274,0.0
4.2025,-0.1251,0.0
4.2123,-0.1201,0.0
4.2211,-0.1155,0.0
4.2309,-0.1104,0.0
4.2397,-0.1058,0.0
4.2512,-0.0998,0.0
4.2591,-0.0956,0.0
4.2680,-0.0909,0.0
4.2759,-0.0866,0.0
4.2865,-0.0810,0.0
4.2953,-0.0762,0.0
4.3041,-0.0714,0.0
4.3093,-0.0685,0.0
4.3190,-0.0631,0.0
4.3278,-0.0583,0.0
4.3383,-0.0524,0.0
4.3462,-0.0480,0.0
4.3558,-0.0426,0.0
4.3654,-0.0372,0.0
4.3724,-0.0333,0.0
4.3828,-0.0273,0.0
4.3914,-0.0223,0.0
4.4000,-0.0173,0.0
4.4095,-0.0118,0.0
4.4138,-0.0093,0.0
4.4266,-0.0017,0.0
4.4309,0.0009,0.0
4.4403,0.0065,0.0
4.4496,0.0121,0.0
4.4581,0.0172,0.0
4.4666,0.0223,0.0
4.4750,0.0275,0.0
4.4843,0.0332,0.0
4.4936,0.0388,0.0
4.5012,0.0435,0.0
4.5087,0.0482,0.0
4.5154,0.0524,0.0
4.5263,0.0592,0.0
4.5338,0.0639,0.0
4.5420,0.0692,0.0
4.5503,0.0745,0.0
4.5585,0.0798,0.0
4.5675,0.0857,0.0
4.5756,0.0910,0.0
4.5829,0.0959,0.0
4.5918,0.1018,0.0
4.5999,0.1072,0.0
4.6087,0.1132,0.0
4.6168,0.1187,0.0
4.6240,0.1236,0.0
4.6328,0.1297,0.0
4.6408,0.1352,0.0
4.6495,0.1413,0.0
4.6535,0.1441,0.0
4.6615,0.1497,0.0
4.6695,0.1553,0.0
4.6806,0.1632,0.0
4.6885,0.1689,0.0
4.6956,0.1740,0.0
4.7035,0.1797,0.0
4.7107,0.1848,0.0
4.7185,0.1906,0.0
4.7264,0.1963,0.0
4.7343,0.2021,0.0
4.7421,0.2079,0.0
4.7508,0.2143,0.0
4.7586,0.2201,0.0
4.7633,0.2236,0.0
4.7719,0.2301,0.0
4.7828,0.2383,0.0
4.7906,0.2442,0.0
4.7983,0.2502,0.0
4.8061,0.2561,0.0
4.8131,0.2615,0.0
4.8200,0.2669,0.0
4.8270,0.2723,0.0
4.8363,0.2795,0.0
4.8433,0.2849,0.0
4.8503,0.2903,0.0
4.8606,0.2981,0.0
4.8677,0.3034,0.0
4.8772,0.3106,0.0
4.8836,0.3154,0.0
4.8915,0.3213,0.0
4.9010,0.3286,0.0
4.9074,0.3334,0.0
4.9169,0.3407,0.0
4.9240,0.3462,0.0
4.9311,0.3517,0.0
4.9374,0.3567,0.0
4.9469,0.3641,0.0
4.9539,0.3697,0.0
4.9610,0.3753,0.0
4.9720,0.3840,0.0
4.9760,0.3871,0.0
4.9847,0.3940,0.0
4.9926,0.4002,0.0
5.0014,0.4071,0.0
5.0101,0.4140,0.0
5.0181,0.4203,0.0
5.0268,0.4273,0.0
5.0347,0.4336,0.0
5.0387,0.4367,0.0
5.0474,0.4437,0.0
5.0553,0.4500,0.0
5.0647,0.4576,0.0
5.0733,0.4645,0.0
5.0780,0.4683,0.0
5.0873,0.4759,0.0
5.0951,0.4822,0.0
5.1036,0.4891,0.0
5.1137,0.4974,0.0
5.1175,0.5005,0.0
5.1260,0.5075,0.0
5.1337,0.5138,0.0
5.1413,0.5201,0.0
5.1490,0.5265,0.0
5.1566,0.5329,0.0
5.1642,0.5392,0.0
5.1718,0.5456,0.0
5.1802,0.5526,0.0
5.1877,0.5590,0.0
5.1953,0.5655,0.0
5.2028,0.5719,0.0
5.2104,0.5785,0.0
5.2179,0.5850,0.0
5.2254,0.5916,0.0
5.2343,0.5995,0.0
5.2388,0.6034,0.0
5.2493,0.6127,0.0
5.2567,0.6194,0.0
5.2626,0.6248,0.0
5.2723,0.6335,0.0
5.2790,0.6395,0.0
5.2865,0.6463,0.0
5.2909,0.6503,0.0
5.2984,0.6571,0.0
5.3065,0.6646,0.0
5.3147,0.6721,0.0
5.3221,0.6789,0.0
5.3295,0.6857,0.0
5.3369,0.6926,0.0
5.3451,0.7001,0.0
5.3532,0.7077,0.0
5.3598,0.7139,0.0
5.3678,0.7216,0.0
5.3751,0.7285,0.0
5.3824,0.7354,0.0
5.3897,0.7424,0.0
5.3969,0.7494,0.0
5.4005,0.7529,0.0
5.4113,0.7634,0.0
5.4178,0.7697,0.0
5.4249,0.7768,0.0
5.4321,0.7838,0.0
5.4392,0.7909,0.0
5.4463,0.7980,0.0
5.4506,0.8022,0.0
5.4583,0.8101,0.0
5.4653,0.8172,0.0
5.4729,0.8251,0.0
5.4798,0.8323,0.0
5.4859,0.8387,0.0
5.4954,0.8489,0.0
5.5021,0.8561,0.0
5.5055,0.8597,0.0
5.5128,0.8677,0.0
5.5201,0.8758,0.0
5.5274,0.8838,0.0
5.5340,0.8911,0.0
5.5413,0.8992,0.0
5.5478,0.9066,0.0
5.5550,0.9148,0.0
5.5589,0.9192,0.0
5.5687,0.9304,0.0
5.5726,0.9349,0.0
5.5790,0.9424,0.0
5.5855,0.9499,0.0
5.5919,0.9575,0.0
5.5977,0.9643,0.0
5.6041,0.9719,0.0
5.6130,0.9825,0.0
5.6168,0.9871,0.0
5.6238,0.9955,0.0
5.6302,1.0032,0.0
5.6365,1.0108,0.0
5.6429,1.0185,0.0
5.6498,1.0270,0.0
5.6568,1.0355,0.0
5.6631,1.0433,0.0
5.6669,1.0479,0.0
5.6756,1.0588,0.0
5.6825,1.0674,0.0
5.6887,1.0751,0.0
5.6949,1.0829,0.0
5.6986,1.0876,0.0
5.7054,1.0961,0.0
5.7127,1.1055,0.0
5.7195,1.1141,0.0
5.7256,1.1219,0.0
5.7318,1.1297,0.0
5.7379,1.1375,0.0
5.7435,1.1445,0.0
5.7496,1.1523,0.0
5.7557,1.1602,0.0
5.7624,1.1688,0.0
5.7685,1.1766,0.0
5.7722,1.1813,0.0
5.7783,1.1892,0.0
5.7843,1.1971,0.0
5.7904,1.2050,0.0
5.7988,1.2160,0.0
5.8043,1.2232,0.0
5.8097,1.2303,0.0
5.8157,1.2382,0.0
5.8217,1.2462,0.0
5.8277,1.2541,0.0
5.8349,1.2637,0.0
5.8409,1.2717,0.0
5.8468,1.2797,0.0
5.8498,1.2837,0.0
5.8588,1.2958,0.0
5.8618,1.2998,0.0
5.8689,1.3095,0.0
5.8749,1.3175,0.0
5.8814,1.3265,0.0
5.8873,1.3346,0.0
5.8944,1.3444,0.0
5.8980,1.3493,0.0
5.9038,1.3575,0.0
5.9103,1.3665,0.0
5.9161,1.3748,0.0
5.9226,1.3838,0.0
5.9284,1.3921,0.0
5.9342,1.4004,0.0
5.9405,1.4095,0.0
5.9463,1.4178,0.0
5.9498,1.4228,0.0
5.9590,1.4362,0.0
5.9618,1.4403,0.0
5.9681,1.4495,0.0
5.9738,1.4579,0.0
5.9795,1.4663,0.0
5.9858,1.4755,0.0
5.9914,1.4839,0.0
5.9971,1.4923,0.0
6.0027,1.5008,0.0
6.0088,1.5100,0.0
6.0144,1.5185,0.0
6.0199,1.5269,0.0
6.0232,1.5320,0.0
6.0292,1.5412,0.0
6.0352,1.5504,0.0
6.0412,1.5596,0.0
6.0460,1.5671,0.0
6.0515,1.5754,0.0
6.0574,1.5846,0.0
6.0629,1.5929,0.0
6.0683,1.6012,0.0
6.0737,1.6096,0.0
6.0796,1.6187,0.0
6.0845,1.6262,0.0
6.0893,1.6337,0.0
6.0963,1.6445,0.0
6.1006,1.6512,0.0
6.1075,1.6621,0.0
6.1102,1.6663,0.0
6.1155,1.6747,0.0
6.1208,1.6831,0.0
6.1278,1.6940,0.0
6.1325,1.7016,0.0
6.1373,1.7092,0.0
6.1426,1.7176,0.0
6.1478,1.7260,0.0
6.1541,1.7362,0.0
6.1589,1.7438,0.0
6.1651,1.7539,0.0
6.1703,1.7624,0.0
6.1750,1.7700,0.0
6.1802,1.7785,0.0
6.1843,1.7853,0.0
6.1905,1.7956,0.0
6.1951,1.8032,0.0
6.2002,1.8118,0.0
6.2058,1.8212,0.0
6.2104,1.8289,0.0
6.2150,1.8366,0.0
6.2196,1.8443,0.0
6.2246,1.8529,0.0
6.2296,1.8614,0.0
6.2347,1.8700,0.0
6.2401,1.8795,0.0
6.2461,1.8898,0.0
6.2506,1.8976,0.0
6.2555,1.9062,0.0
6.2604,1.9148,0.0
6.2653,1.9235,0.0
6.2707,1.9330,0.0
6.2760,1.9425,0.0
6.2814,1.9520,0.0
6.2852,1.9589,0.0
6.2891,1.9658,0.0
6.2953,1.9771,0.0
6.2982,1.9823,0.0
6.3044,1.9936,0.0
6.3092,2.0023,0.0
6.3140,2.0110,0.0
6.3192,2.0205,0.0
6.3239,2.0292,0.0
6.3286,2.0379,0.0
6.3332,2.0467,0.0
6.3374,2.0546,0.0
6.3425,2.0643,0.0
6.3453,2.0696,0.0
6.3517,2.0819,0.0
6.3562,2.0908,0.0
6.3608,2.0997,0.0
6.3630,2.1041,0.0
6.3680,2.1139,0.0
6.3747,2.1273,0.0
6.3787,2.1353,0.0
6.3823,2.1424,0.0
6.3867,2.1514,0.0
6.3907,2.1594,0.0
6.3960,2.1702,0.0
6.4000,2.1782,0.0
6.4039,2.1863,0.0
6.4100,2.1989,0.0
6.4139,2.2070,0.0
6.4173,2.2142,0.0
6.4212,2.2223,0.0
6.4255,2.2313,0.0
6.4306,2.2421,0.0
6.4344,2.2502,0.0
6.4394,2.2610,0.0
6.4428,2.2682,0.0
6.4479,2.2790,0.0
6.4521,2.2881,0.0
6.4558,2.2962,0.0
6.4592,2.3035,0.0
6.4646,2.3153,0.0
6.4679,2.3226,0.0
6.4720,2.3318,0.0
6.4769,2.3428,0.0
6.4805,2.3511,0.0
6.4837,2.3585,0.0
6.4877,2.3678,0.0
6.4917,2.3771,0.0
6.4956,2.3864,0.0
6.4991,2.3948,0.0
6.5034,2.4051,0.0
6.5073,2.4144,0.0
6.5115,2.4247,0.0
6.5158,2.4350,0.0
6.5196,2.4443,0.0
6.5230,2.4527,0.0
6.5264,2.4610,0.0
6.5298,2.4694,0.0
6.5336,2.4787,0.0
6.5389,2.4917,0.0
6.5426,2.5010,0.0
6.5463,2.5103,0.0
6.5500,2.5196,0.0
6.5533,2.5279,0.0
6.5574,2.5382,0.0
6.5606,2.5465,0.0
6.5639,2.5549,0.0
6.5675,2.5642,0.0
6.5722,2.5764,0.0
6.5751,2.5838,0.0
6.5783,2.5923,0.0
6.5815,2.6008,0.0
6.5850,2.6102,0.0
6.5886,2.6197,0.0
6.5918,2.6283,0.0
6.5953,2.6378,0.0
6.5998,2.6502,0.0
6.6029,2.6588,0.0
6.6064,2.6684,0.0
6.6095,2.6770,0.0
6.6129,2.6866,0.0
6.6173,2.6991,0.0
6.6207,2.7087,0.0
6.6241,2.7183,0.0
6.6275,2.7280,0.0
6.6308,2.7376,0.0
6.6338,2.7463,0.0
6.6364,2.7541,0.0
6.6404,2.7657,0.0
6.6433,2.7744,0.0
6.6466,2.7840,0.0
6.6498,2.7936,0.0
6.6530,2.8033,0.0
6.6562,2.8129,0.0
6.6590,2.8215,0.0
6.6622,2.8312,0.0
6.6662,2.8436,0.0
6.6693,2.8532,0.0
6.6724,2.8628,0.0
6.6754,2.8724,0.0
6.6784,2.8819,0.0
6.6814,2.8915,0.0
6.6844,2.9010,0.0
6.6874,2.9106,0.0
6.6904,2.9201,0.0
6.6933,2.9296,0.0
6.6954,2.9363,0.0
6.6993,2.9486,0.0
6.7016,2.9562,0.0
6.7043,2.9647,0.0
6.7069,2.9732,0.0
6.7102,2.9836,0.0
6.7131,2.9931,0.0
6.7163,3.0035,0.0
6.7193,3.0130,0.0
6.7222,3.0224,0.0
6.7251,3.0319,0.0
6.7283,3.0424,0.0
6.7311,3.0520,0.0
6.7336,3.0606,0.0
6.7367,3.0712,0.0
6.7391,3.0798,0.0
6.7421,3.0904,0.0
6.7448,3.1001,0.0
6.7472,3.1088,0.0
6.7499,3.1185,0.0
6.7525,3.1281,0.0
6.7556,3.1398,0.0
6.7582,3.1495,0.0
6.7605,3.1582,0.0
6.7630,3.1680,0.0
6.7655,3.1777,0.0
6.7675,3.1855,0.0
6.7703,3.1962,0.0
6.7728,3.2059,0.0
6.7752,3.2156,0.0
6.7776,3.2254,0.0
6.7805,3.2372,0.0
6.7819,3.2431,0.0
6.7843,3.2529,0.0
6.7869,3.2637,0.0
6.7894,3.2745,0.0
6.7917,3.2844,0.0
6.7939,3.2943,0.0
6.7964,3.3061,0.0
6.7983,3.3149,0.0
6.8000,3.3228,0.0
6.8024,3.3346,0.0
6.8039,3.3425,0.0
6.8057,3.3513,0.0
6.8076,3.3612,0.0
6.8096,3.3721,0.0
6.8115,3.3819,0.0
6.8133,3.3917,0.0
6.8151,3.4015,0.0
6.8169,3.4113,0.0
6.8187,3.4210,0.0
6.8205,3.4308,0.0
6.8223,3.4406,0.0
6.8239,3.4495,0.0
6.8256,3.4593,0.0
6.8279,3.4731,0.0
6.8294,3.4820,0.0
6.8310,3.4919,0.0
6.8324,3.5008,0.0
6.8339,3.5107,0.0
6.8354,3.5206,0.0
6.8369,3.5305,0.0
6.8384,3.5404,0.0
6.8398,3.5504,0.0
6.8412,3.5603,0.0
6.8430,3.5733,0.0
6.8440,3.5813,0.0
6.8455,3.5923,0.0
6.8467,3.6023,0.0
6.8474,3.6073,0.0
6.8487,3.6184,0.0
6.8501,3.6294,0.0
6.8513,3.6394,0.0
6.8523,3.6484,0.0
6.8536,3.6594,0.0
6.8552,3.6734,0.0
6.8559,3.6794,0.0
6.8571,3.6904,0.0
6.8581,3.7004,0.0
6.8593,3.7114,0.0
6.8604,3.7223,0.0
6.8611,3.7283,0.0
6.8622,3.7392,0.0
6.8631,3.7482,0.0
6.8643,3.7591,0.0
6.8657,3.7720,0.0
6.8662,3.7770,0.0
6.8675,3.7879,0.0
6.8686,3.7978,0.0
6.8698,3.8087,0.0
6.8709,3.8187,0.0
6.8720,3.8286,0.0
6.8730,3.8386,0.0
6.8741,3.8485,0.0
6.8751,3.8585,0.0
6.8761,3.8685,0.0
6.8770,3.8775,0.0
6.8781,3.8884,0.0
6.8790,3.8984,0.0
6.8801,3.9094,0.0
6.8810,3.9193,0.0
6.8819,3.9302,0.0
6.8827,3.9412,0.0
6.8834,3.9511,0.0
6.8841,3.9621,0.0
6.8845,3.9680,0.0
6.8851,3.9780,0.0
6.8856,3.9880,0.0
6.8861,3.9980,0.0
6.8867,4.0101,0.0
6.8872,4.0201,0.0
6.8878,4.0323,0.0
6.8880,4.0373,0.0
6.8886,4.0526,0.0
6.8888,4.0576,0.0
6.8894,4.0719,0.0
6.8896,4.0780,0.0
6.8900,4.0892,0.0
6.8903,4.0994,0.0
6.8906,4.1106,0.0
6.8909,4.1218,0.0
6.8913,4.1341,0.0
6.8915,4.1433,0.0
6.8916,4.1504,0.0
6.8919,4.1637,0.0
6.8921,4.1740,0.0
6.8923,4.1842,0.0
6.8924,4.1944,0.0
6.8926,4.2046,0.0
6.8927,4.2149,0.0
6.8928,4.2251,0.0
6.8928,4.2302,0.0
6.8929,4.2425,0.0
6.8930,4.2558,0.0
6.8930,4.2661,0.0
6.8930,4.2763,0.0
6.8929,4.2855,0.0
6.8929,4.2957,0.0
6.8929,4.3059,0.0
6.8928,4.3161,0.0
6.8927,4.3263,0.0
6.8927,4.3365,0.0
6.8926,4.3467,0.0
6.8925,4.3559,0.0
6.8924,4.3661,0.0
6.8922,4.3763,0.0
6.8921,4.3854,0.0
6.8919,4.3967,0.0
6.8917,4.4058,0.0
6.8915,4.4170,0.0
6.8913,4.4272,0.0
6.8910,4.4385,0.0
6.8908,4.4486,0.0
6.8905,4.4578,0.0
6.8902,4.4690,0.0
6.8899,4.4792,0.0
6.8894,4.4945,0.0
6.8891,4.5047,0.0
6.8887,4.5149,0.0
6.8883,4.5261,0.0
6.8878,4.5373,0.0
6.8875,4.5434,0.0
6.8869,4.5587,0.0
6.8864,4.5689,0.0
6.8859,4.5791,0.0
6.8854,4.5893,0.0
6.8847,4.6005,0.0
6.8842,4.6107,0.0
6.8835,4.6220,0.0
6.8828,4.6332,0.0
6.8820,4.6455,0.0
6.8813,4.6557,0.0
6.8807,4.6659,0.0
6.8801,4.6760,0.0
6.8794,4.6862,0.0
6.8788,4.6973,0.0
6.8779,4.7114,0.0
6.8776,4.7165,0.0
6.8766,4.7326,0.0
6.8762,4.7386,0.0
6.8754,4.7507,0.0
6.8747,4.7607,0.0
6.8737,4.7758,0.0
6.8731,4.7848,0.0
6.8724,4.7948,0.0
6.8717,4.8048,0.0
6.8709,4.8149,0.0
6.8702,4.8249,0.0
6.8693,4.8359,0.0
6.8684,4.8469,0.0
6.8673,4.8609,0.0
6.8665,4.8699,0.0
6.8656,4.8799,0.0
6.8644,4.8938,0.0
6.8635,4.9038,0.0
6.8626,4.9138,0.0
6.8615,4.9248,0.0
6.8606,4.9347,0.0
6.8594,4.9467,0.0
6.8584,4.9567,0.0
6.8574,4.9656,0.0
6.8564,4.9756,0.0
6.8553,4.9856,0.0
6.8540,4.9976,0.0
6.8529,5.0076,0.0
6.8518,5.0176,0.0
6.8506,5.0277,0.0
6.8494,5.0378,0.0
6.8479,5.0498,0.0
6.8466,5.0599,0.0
6.8453,5.0700,0.0
6.8433,5.0851,0.0
6.8418,5.0961,0.0
6.8404,5.1062,0.0
6.8391,5.1153,0.0
6.8377,5.1253,0.0
6.8357,5.1384,0.0
6.8345,5.1465,0.0
6.8328,5.1576,0.0
6.8313,5.1677,0.0
6.8297,5.1777,0.0
6.8280,5.1888,0.0
6.8256,5.2037,0.0
6.8240,5.2136,0.0
6.8223,5.2235,0.0
6.8207,5.2333,0.0
6.8187,5.2452,0.0
6.8170,5.2550,0.0
6.8153,5.2648,0.0
6.8136,5.2747,0.0
6.8119,5.2845,0.0
6.8100,5.2953,0.0
6.8082,5.3051,0.0
6.8063,5.3148,0.0
6.8042,5.3256,0.0
6.8018,5.3373,0.0
6.7997,5.3470,0.0
6.7977,5.3568,0.0
6.7955,5.3665,0.0
6.7921,5.3820,0.0
6.7910,5.3869,0.0
6.7874,5.4024,0.0
6.7851,5.4121,0.0
6.7827,5.4218,0.0
6.7801,5.4325,0.0
6.7777,5.4422,0.0
6.7755,5.4510,0.0
6.7725,5.4626,0.0
6.7703,5.4714,0.0
6.7677,5.4811,0.0
6.7652,5.4909,0.0
6.7618,5.5035,0.0
6.7583,5.5162,0.0
6.7562,5.5240,0.0
6.7535,5.5337,0.0
6.7507,5.5434,0.0
6.7480,5.5531,0.0
6.7438,5.5677,0.0
6.7408,5.5784,0.0
6.7391,5.5842,0.0
6.7351,5.5979,0.0
6.7325,5.6066,0.0
6.7296,5.6164,0.0
6.7259,5.6290,0.0
6.7224,5.6407,0.0
6.7194,5.6505,0.0
6.7162,5.6612,0.0
6.7132,5.6709,0.0
6.7102,5.6807,0.0
6.7075,5.6894,0.0
6.7038,5.7011,0.0
6.7014,5.7089,0.0
6.6973,5.7216,0.0
6.6942,5.7313,0.0
6.6911,5.7410,0.0
6.6867,5.7546,0.0
6.6835,5.7643,0.0
6.6804,5.7741,0.0
6.6766,5.7857,0.0
6.6734,5.7955,0.0
6.6703,5.8052,0.0
6.6671,5.8150,0.0
6.6640,5.8247,0.0
6.6608,5.8344,0.0
6.6564,5.8481,0.0
6.6535,5.8569,0.0
6.6503,5.8666,0.0
6.6474,5.8754,0.0
6.6432,5.8881,0.0
6.6406,5.8958,0.0
6.6360,5.9095,0.0
6.6334,5.9173,0.0
6.6301,5.9270,0.0
6.6251,5.9416,0.0
6.6218,5.9513,0.0
6.6191,5.9590,0.0
6.6158,5.9687,0.0
6.6107,5.9833,0.0
6.6080,5.9910,0.0
6.6046,6.0007,0.0
6.6012,6.0104,0.0
6.5960,6.0249,0.0
6.5926,6.0346,0.0
6.5894,6.0433,0.0
6.5856,6.0539,0.0
6.5821,6.0635,0.0
6.5782,6.0741,0.0
6.5747,6.0837,0.0
6.5700,6.0963,0.0
6.5668,6.1049,0.0
6.5632,6.1145,0.0
6.5592,6.1251,0.0
6.5541,6.1385,0.0
6.5523,6.1433,0.0
6.5472,6.1568,0.0
6.5435,6.1663,0.0
6.5398,6.1759,0.0
6.5360,6.1855,0.0
6.5323,6.1950,0.0
6.5285,6.2046,0.0
6.5229,6.2189,0.0
6.5194,6.2275,0.0
6.5156,6.2370,0.0
6.5118,6.2466,0.0
6.5064,6.2599,0.0
6.5025,6.2694,0.0
6.4986,6.2789,0.0
6.4947,6.2884,0.0
6.4907,6.2979,0.0
6.4863,6.3084,0.0
6.4823,6.3178,0.0
6.4783,6.3273,0.0
6.4743,6.3368,0.0
6.4686,6.3501,0.0
6.4641,6.3605,0.0
6.4599,6.3699,0.0
6.4554,6.3803,0.0
6.4508,6.3907,0.0
6.4462,6.4011,0.0
6.4416,6.4114,0.0
6.4374,6.4208,0.0
6.4328,6.4312,0.0
6.4281,6.4415,0.0
6.4238,6.4509,0.0
6.4195,6.4603,0.0
6.4152,6.4697,0.0
6.4109,6.4791,0.0
6.4066,6.4885,0.0
6.4014,6.4997,0.0
6.3965,6.5100,0.0
6.3922,6.5193,0.0
6.3873,6.5296,0.0
6.3833,6.5380,0.0
6.3784,6.5482,0.0
6.3740,6.5576,0.0
6.3673,6.5715,0.0
6.3628,6.5808,0.0
6.3583,6.5901,0.0
6.3537,6.5994,0.0
6.3492,6.6087,0.0
6.3446,6.6179,0.0
6.3382,6.6309,0.0
6.3336,6.6401,0.0
6.3290,6.6494,0.0
6.3244,6.6586,0.0
6.3193,6.6688,0.0
6.3146,6.6780,0.0
6.3099,6.6872,0.0
6.3052,6.6964,0.0
6.3005,6.7056,0.0
6.2934,6.7194,0.0
6.2891,6.7276,0.0
6.2839,6.7377,0.0
6.2791,6.7469,0.0
6.2743,6.7560,0.0
6.2695,6.7651,0.0
6.2642,6.7752,0.0
6.2588,6.7852,0.0
6.2540,6.7944,0.0
6.2471,6.8071,0.0
6.2422,6.8162,0.0
6.2373,6.8253,0.0
6.2324,6.8343,0.0
6.2279,6.8425,0.0
6.2229,6.8515,0.0
6.2153,6.8650,0.0
6.2107,6.8730,0.0
6.2057,6.8820,0.0
6.2005,6.8909,0.0
6.1954,6.8998,0.0
6.1877,6.9132,0.0
6.1845,6.9185,0.0
6.1767,6.9318,0.0
6.1725,6.9389,0.0
6.1668,6.9486,0.0
6.1604,6.9592,0.0
6.1557,6.9671,0.0
6.1503,6.9759,0.0
6.1450,6.9847,0.0
6.1397,6.9935,0.0
6.1332,7.0040,0.0
6.1262,7.0153,0.0
6.1213,7.0232,0.0
6.1159,7.0319,0.0
6.1099,7.0415,0.0
6.1033,7.0519,0.0
6.0978,7.0606,0.0
6.0917,7.0701,0.0
6.0862,7.0788,0.0
6.0801,7.0883,0.0
6.0745,7.0969,0.0
6.0689,7.1055,0.0
6.0616,7.1167,0.0
6.0560,7.1253,0.0
6.0492,7.1356,0.0
6.0441,7.1433,0.0
6.0396,7.1502,0.0
6.0310,7.1630,0.0
6.0253,7.1715,0.0
6.0190,7.1809,0.0
6.0132,7.1894,0.0
6.0086,7.1962,0.0
6.0028,7.2047,0.0
5.9970,7.2132,0.0
5.9877,7.2267,0.0
5.9818,7.2352,0.0
5.9754,7.2445,0.0
5.9695,7.2529,0.0
5.9637,7.2614,0.0
5.9578,7.2699,0.0
5.9508,7.2801,0.0
5.9450,7.2885,0.0
5.9385,7.2979,0.0
5.9321,7.3072,0.0
5.9262,7.3157,0.0
5.9203,7.3241,0.0
5.9138,7.3334,0.0
5.9079,7.3419,0.0
5.9020,7.3503,0.0
5.8961,7.3588,0.0
5.8871,7.3714,0.0
5.8818,7.3790,0.0
5.8758,7.3874,0.0
5.8704,7.3949,0.0
5.8620,7.4067,0.0
5.8560,7.4151,0.0
5.8494,7.4243,0.0
5.8427,7.4335,0.0
5.8367,7.4418,0.0
5.8307,7.4501,0.0
5.8247,7.4584,0.0
5.8187,7.4667,0.0
5.8122,7.4758,0.0
5.8062,7.4841,0.0
5.7973,7.4964,0.0
5.7937,7.5014,0.0
5.7877,7.5096,0.0
5.7781,7.5227,0.0
5.7721,7.5309,0.0
5.7655,7.5399,0.0
5.7589,7.5489,0.0
5.7528,7.5570,0.0
5.7468,7.5652,0.0
5.7413,7.5725,0.0
5.7353,7.5806,0.0
5.7292,7.5887,0.0
5.7225,7.5976,0.0
5.7165,7.6057,0.0
5.7080,7.6171,0.0
5.7025,7.6243,0.0
5.6965,7.6324,0.0
5.6892,7.6421,0.0
5.6818,7.6518,0.0
5.6770,7.6582,0.0
5.6690,7.6686,0.0
5.6617,7.6783,0.0
5.6555,7.6863,0.0
5.6500,7.6936,0.0
5.6438,7.7016,0.0
5.6376,7.7096,0.0
5.6314,7.7176,0.0
5.6227,7.7288,0.0
5.6165,7.7368,0.0
5.6103,7.7448,0.0
5.6040,7.7528,0.0
5.5971,7.7615,0.0
5.5896,7.7710,0.0
5.5839,7.7782,0.0
5.5782,7.7853,0.0
5.5718,7.7932,0.0
5.5623,7.8050,0.0
5.5553,7.8137,0.0
5.5489,7.8216,0.0
5.5450,7.8263,0.0
5.5347,7.8388,0.0
5.5282,7.8466,0.0
5.5237,7.8521,0.0
5.5171,7.8599,0.0
5.5092,7.8692,0.0
5.5019,7.8777,0.0
5.4953,7.8854,0.0
5.4886,7.8931,0.0
5.4785,7.9046,0.0
5.4711,7.9129,0.0
5.4649,7.9198,0.0
5.4575,7.9281,0.0
5.4513,7.9350,0.0
5.4438,7.9433,0.0
5.4369,7.9509,0.0
5.4300,7.9584,0.0
5.4231,7.9659,0.0
5.4155,7.9742,0.0
5.4072,7.9832,0.0
5.4003,7.9907,0.0
5.3905,8.0012,0.0
5.3835,8.0087,0.0
5.3758,8.0169,0.0
5.3681,8.0250,0.0
5.3611,8.0324,0.0
5.3533,8.0405,0.0
5.3456,8.0486,0.0
5.3371,8.0574,0.0
5.3300,8.0646,0.0
5.3229,8.0719,0.0
5.3158,8.0791,0.0
5.3087,8.0863,0.0
5.3022,8.0928,0.0
5.2944,8.1007,0.0
5.2836,8.1114,0.0
5.2793,8.1157,0.0
5.2721,8.1228,0.0
5.2641,8.1307,0.0
5.2568,8.1378,0.0
5.2458,8.1484,0.0
5.2392,8.1548,0.0
5.2318,8.1618,0.0
5.2244,8.1689,0.0
5.2169,8.1759,0.0
5.2065,8.1858,0.0
5.1990,8.1928,0.0
5.1907,8.2005,0.0
5.1832,8.2075,0.0
5.1749,8.2152,0.0
5.1682,8.2215,0.0
5.1607,8.2284,0.0
5.1501,8.2380,0.0
5.1441,8.2435,0.0
5.1373,8.2496,0.0
5.1260,8.2598,0.0
5.1184,8.2666,0.0
5.1108,8.2733,0.0
5.1017,8.2814,0.0
5.0941,8.2881,0.0
5.0858,8.2955,0.0
5.0797,8.3008,0.0
5.0713,8.3081,0.0
5.0621,8.3161,0.0
5.0552,8.3221,0.0
5.0445,8.3313,0.0
5.0368,8.3379,0.0
5.0300,8.3437,0.0
5.0200,8.3522,0.0
5.0124,8.3587,0.0
5.0063,8.3638,0.0
4.9987,8.3702,0.0
4.9888,8.3785,0.0
4.9788,8.3868,0.0
4.9718,8.3925,0.0
4.9641,8.3988,0.0
4.9539,8.4070,0.0
4.9469,8.4127,0.0
4.9398,8.4183,0.0
4.9311,8.4252,0.0
4.9232,8.4315,0.0
4.9128,8.4396,0.0
4.9056,8.4452,0.0
4.8952,8.4533,0.0
4.8872,8.4595,0.0
4.8792,8.4656,0.0
4.8695,8.4731,0.0
4.8621,8.4786,0.0
4.8523,8.4861,0.0
4.8433,8.4929,0.0
4.8342,8.4997,0.0
4.8276,8.5047,0.0
4.8184,8.5115,0.0
4.8093,8.5184,0.0
4.8009,8.5245,0.0
4.7909,8.5320,0.0
4.7808,8.5394,0.0
4.7732,8.5449,0.0
4.7640,8.5517,0.0
4.7539,8.5591,0.0
4.7462,8.5646,0.0
4.7361,8.5720,0.0
4.7285,8.5775,0.0
4.7208,8.5829,0.0
4.7089,8.5915,0.0
4.7021,8.5963,0.0
4.6944,8.6018,0.0
4.6816,8.6108,0.0
4.6739,8.6162,0.0
4.6636,8.6235,0.0
4.6559,8.6288,0.0
4.6449,8.6365,0.0
4.6380,8.6412,0.0
4.6278,8.6482,0.0
4.6184,8.6546,0.0
4.6082,8.6615,0.0
4.5997,8.6673,0.0
4.5904,8.6736,0.0
4.5827,8.6787,0.0
4.5759,8.6833,0.0
4.5631,8.6919,0.0
4.5563,8.6964,0.0
4.5451,8.7039,0.0
4.5348,8.7107,0.0
4.5271,8.7159,0.0
4.5167,8.7227,0.0
4.5090,8.7278,0.0
4.5012,8.7329,0.0
4.4899,8.7403,0.0
4.4813,8.7459,0.0
4.4726,8.7516,0.0
4.4630,8.7578,0.0
4.4534,8.7640,0.0
4.4456,8.7690,0.0
4.4369,8.7746,0.0
4.4255,8.7818,0.0
4.4168,8.7874,0.0
4.4080,8.7930,0.0
4.3993,8.7985,0.0
4.3896,8.8046,0.0
4.3799,8.8106,0.0
4.3694,8.8172,0.0
4.3606,8.8227,0.0
4.3517,8.8281,0.0
4.3420,8.8341,0.0
4.3341,8.8390,0.0
4.3234,8.8455,0.0
4.3146,8.8509,0.0
4.3057,8.8563,0.0
4.2924,8.8643,0.0
4.2870,8.8675,0.0
4.2746,8.8750,0.0
4.2647,8.8808,0.0
4.2567,8.8855,0.0
4.2486,8.8903,0.0
4.2351,8.8981,0.0
4.2279,8.9023,0.0
4.2198,8.9070,0.0
4.2108,8.9122,0.0
4.1982,8.9194,0.0
4.1893,8.9246,0.0
4.1804,8.9297,0.0
4.1715,8.9349,0.0
4.1626,8.9400,0.0
4.1520,8.9462,0.0
4.1431,8.9513,0.0
4.1316,8.9580,0.0
4.1237,8.9625,0.0
4.1148,8.9676,0.0
4.1060,8.9727,0.0
4.0936,8.9798,0.0
4.0856,8.9843,0.0
4.0767,8.9893,0.0
4.0652,8.9958,0.0
4.0554,9.0013,0.0
4.0465,9.0062,0.0
4.0376,9.0112,0.0
4.0287,9.0161,0.0
4.0189,9.0215,0.0
4.0099,9.0264,0.0
3.9983,9.0327,0.0
3.9929,9.0356,0.0
3.9795,9.0429,0.0
3.9705,9.0477,0.0
3.9616,9.0525,0.0
3.9526,9.0572,0.0
3.9436,9.0620,0.0
3.9346,9.0667,0.0
3.9219,9.0733,0.0
3.9147,9.0771,0.0
3.9029,9.0832,0.0
3.8939,9.0878,0.0
3.8830,9.0934,0.0
3.8749,9.0975,0.0
3.8667,9.1017,0.0
3.8576,9.1063,0.0
3.8485,9.1108,0.0
3.8348,9.1176,0.0
3.8266,9.1217,0.0
3.8157,9.1271,0.0
3.8065,9.1316,0.0
3.7946,9.1374,0.0
3.7873,9.1409,0.0
3.7781,9.1454,0.0
3.7653,9.1515,0.0
3.7570,9.1555,0.0
3.7478,9.1598,0.0
3.7386,9.1642,0.0
3.7275,9.1694,0.0
3.7192,9.1732,0.0
3.7072,9.1788,0.0
3.6970,9.1835,0.0
3.6878,9.1877,0.0
3.6794,9.1915,0.0
3.6702,9.1957,0.0
3.6581,9.2012,0.0
3.6497,9.2049,0.0
3.6395,9.2095,0.0
3.6302,9.2136,0.0
3.6190,9.2186,0.0
3.6079,9.2235,0.0
3.6004,9.2268,0.0
3.5893,9.2317,0.0
3.5781,9.2366,0.0
3.5707,9.2399,0.0
3.5586,9.2452,0.0
3.5493,9.2493,0.0
3.5419,9.2525,0.0
3.5307,9.2574,0.0
3.5176,9.2630,0.0
3.5111,9.2658,0.0
3.4990,9.2710,0.0
3.4915,9.2742,0.0
3.4803,9.2790,0.0
3.4719,9.2825,0.0
3.4587,9.2880,0.0
3.4512,9.2911,0.0
3.4400,9.2958,0.0
3.4287,9.3004,0.0
3.4221,9.3031,0.0
3.4099,9.3081,0.0
3.3995,9.3122,0.0
3.3882,9.3168,0.0
3.3806,9.3198,0.0
3.3693,9.3242,0.0
3.3579,9.3287,0.0
3.3504,9.3316,0.0
3.3390,9.3360,0.0
3.3276,9.3404,0.0
3.3172,9.3443,0.0
3.3086,9.3476,0.0
3.2981,9.3515,0.0
3.2867,9.3557,0.0
3.2800,9.3582,0.0
3.2686,9.3624,0.0
3.2571,9.3666,0.0
3.2476,9.3700,0.0
3.2399,9.3728,0.0
3.2284,9.3769,0.0
3.2179,9.3806,0.0
3.2074,9.3843,0.0
3.1978,9.3876,0.0
3.1881,9.3909,0.0
3.1794,9.3939,0.0
3.1678,9.3978,0.0
3.1552,9.4020,0.0
3.1465,9.4048,0.0
3.1349,9.4087,0.0
3.1234,9.4124,0.0
3.1127,9.4159,0.0
3.1050,9.4183,0.0
3.0925,9.4223,0.0
3.0828,9.4254,0.0
3.0741,9.4281,0.0
3.0626,9.4317,0.0
3.0539,9.4344,0.0
3.0423,9.4380,0.0
3.0307,9.4415,0.0
3.0229,9.4439,0.0
3.0132,9.4468,0.0
3.0016,9.4502,0.0
2.9929,9.4528,0.0
2.9783,9.4570,0.0
2.9695,9.4595,0.0
2.9598,9.4623,0.0
2.9500,9.4651,0.0
2.9393,9.4681,0.0
2.9285,9.4711,0.0
2.9197,9.4736,0.0
2.9089,9.4765,0.0
2.8991,9.4792,0.0
2.8874,9.4823,0.0
2.8775,9.4849,0.0
2.8687,9.4872,0.0
2.8579,9.4900,0.0
2.8432,9.4938,0.0
2.8334,9.4962,0.0
2.8235,9.4987,0.0
2.8147,9.5008,0.0
2.8049,9.5032,0.0
2.7950,9.5056,0.0
2.7803,9.5091,0.0
2.7704,9.5114,0.0
2.7606,9.5137,0.0
2.7507,9.5159,0.0
2.7388,9.5186,0.0
2.7299,9.5205,0.0
2.7209,9.5225,0.0
2.7099,9.5248,0.0
2.6999,9.5270,0.0
2.6848,9.5301,0.0
2.6748,9.5321,0.0
2.6647,9.5341,0.0
2.6546,9.5361,0.0
2.6445,9.5381,0.0
2.6344,9.5400,0.0
2.6203,9.5426,0.0
2.6092,9.5447,0.0
2.5991,9.5466,0.0
2.5889,9.5484,0.0
2.5787,9.5502,0.0
2.5695,9.5518,0.0
2.5593,9.5535,0.0
2.5490,9.5552,0.0
2.5377,9.5570,0.0
2.5223,9.5594,0.0
2.5140,9.5607,0.0
2.5037,9.5622,0.0
2.4923,9.5639,0.0
2.4820,9.5654,0.0
2.4716,9.5668,0.0
2.4602,9.5684,0.0
2.4446,9.5705,0.0
2.4343,9.5719,0.0
2.4239,9.5733,0.0
2.4145,9.5745,0.0
2.4052,9.5757,0.0
2.3948,9.5770,0.0
2.3823,9.5785,0.0
2.3719,9.5798,0.0
2.3564,9.5817,0.0
2.3462,9.5829,0.0
2.3349,9.5843,0.0
2.3246,9.5855,0.0
2.3144,9.5867,0.0
2.3032,9.5880,0.0
2.2930,9.5892,0.0
2.2838,9.5902,0.0
2.2726,9.5914,0.0
2.2573,9.5931,0.0
2.2471,9.5942,0.0
2.2420,9.5947,0.0
2.2297,9.5960,0.0
2.2144,9.5975,0.0
2.2042,9.5985,0.0
2.1940,9.5995,0.0
2.1838,9.6004,0.0
2.1736,9.6013,0.0
2.1633,9.6022,0.0
2.1531,9.6030,0.0
2.1428,9.6038,0.0
2.1273,9.6050,0.0
2.1170,9.6057,0.0
2.1077,9.6064,0.0
2.0964,9.6072,0.0
2.0830,9.6082,0.0
2.0727,9.6089,0.0
2.0634,9.6095,0.0
2.0531,9.6102,0.0
2.0428,9.6109,0.0
2.0324,9.6116,0.0
2.0211,9.6123,0.0
2.0057,9.6133,0.0
1.9944,9.6140,0.0
1.9842,9.6147,0.0
1.9740,9.6153,0.0
1.9638,9.6159,0.0
1.9536,9.6165,0.0
1.9424,9.6172,0.0
1.9322,9.6178,0.0
1.9220,9.6183,0.0
1.9078,9.6191,0.0
1.8976,9.6196,0.0
1.8874,9.6201,0.0
1.8762,9.6206,0.0
1.8651,9.6211,0.0
1.8549,9.6216,0.0
1.8437,9.6220,0.0
1.8325,9.6224,0.0
1.8234,9.6228,0.0
1.8122,9.6231,0.0
1.8020,9.6235,0.0
1.7929,9.6237,0.0
1.7776,9.6241,0.0
1.7674,9.6244,0.0
1.7573,9.6246,0.0
1.7471,9.6248,0.0
1.7369,9.6250,0.0
1.7237,9.6251,0.0
1.7135,9.6252,0.0
1.7044,9.6253,0.0
1.6942,9.6254,0.0
1.6840,9.6254,0.0
1.6739,9.6255,0.0
1.6627,9.6255,0.0
1.6474,9.6254,0.0
1.6372,9.6253,0.0
1.6281,9.6252,0.0
1.6179,9.6251,0.0
1.6078,9.6250,0.0
1.5976,9.6248,0.0
1.5864,9.6246,0.0
1.5762,9.6244,0.0
1.5610,9.6240,0.0
1.5508,9.6238,0.0
1.5406,9.6234,0.0
1.5304,9.6231,0.0
1.5181,9.6225,0.0
1.5079,9.6221,0.0
1.4977,9.6215,0.0
1.4875,9.6210,0.0
1.4784,9.6204,0.0
1.4682,9.6198,0.0
1.4519,9.6187,0.0
1.4427,9.6181,0.0
1.4315,9.6173,0.0
1.4214,9.6165,0.0
1.4112,9.6157,0.0
1.4009,9.6148,0.0
1.3856,9.6135,0.0
1.3804,9.6130,0.0
1.3650,9.6116,0.0
1.3547,9.6106,0.0
1.3444,9.6096,0.0
1.3351,9.6086,0.0
1.3248,9.6076,0.0
1.3135,9.6064,0.0
1.3022,9.6052,0.0
1.2890,9.6038,0.0
1.2808,9.6029,0.0
1.2706,9.6018,0.0
1.2594,9.6005,0.0
1.2452,9.5989,0.0
1.2350,9.5977,0.0
1.2259,9.5966,0.0
1.2157,9.5954,0.0
1.2016,9.5937,0.0
1.1904,9.5923,0.0
1.1793,9.5909,0.0
1.1691,9.5896,0.0
1.1590,9.5883,0.0
1.1488,9.5869,0.0
1.1387,9.5856,0.0
1.1285,9.5842,0.0
1.1164,9.5826,0.0
1.1032,9.5807,0.0
1.0930,9.5793,0.0
1.0829,9.5777,0.0
1.0738,9.5763,0.0
1.0626,9.5746,0.0
1.0514,9.5727,0.0
1.0413,9.5710,0.0
1.0312,9.5692,0.0
1.0211,9.5674,0.0
1.0100,9.5653,0.0
0.9989,9.5632,0.0
0.9888,9.5613,0.0
0.9748,9.5585,0.0
0.9647,9.5566,0.0
0.9526,9.5542,0.0
0.9426,9.5522,0.0
0.9325,9.5502,0.0
0.9214,9.5480,0.0
0.9113,9.5459,0.0
0.9012,9.5438,0.0
0.8901,9.5415,0.0
0.8799,9.5394,0.0
0.8688,9.5371,0.0
0.8577,9.5347,0.0
0.8465,9.5323,0.0
0.8364,9.5301,0.0
0.8263,9.5278,0.0
0.8162,9.5256,0.0
0.8060,9.5233,0.0
0.7949,9.5208,0.0
0.7848,9.5184,0.0
0.7707,9.5151,0.0
0.7587,9.5123,0.0
0.7526,9.5108,0.0
0.7375,9.5072,0.0
0.7265,9.5045,0.0
0.7164,9.5020,0.0
0.7054,9.4992,0.0
0.6955,9.4967,0.0
0.6836,9.4936,0.0
0.6747,9.4913,0.0
0.6648,9.4887,0.0
0.6550,9.4860,0.0
0.6422,9.4826,0.0
0.6344,9.4804,0.0
0.6256,9.4780,0.0
0.6128,9.4745,0.0
0.6029,9.4718,0.0
0.5900,9.4683,0.0
0.5801,9.4656,0.0
0.5682,9.4624,0.0
0.5602,9.4602,0.0
0.5483,9.4570,0.0
0.5363,9.4537,0.0
0.5283,9.4515,0.0
0.5184,9.4488,0.0
0.5044,9.4449,0.0
0.4944,9.4421,0.0
0.4834,9.4391,0.0
0.4745,9.4366,0.0
0.4655,9.4341,0.0
0.4545,9.4310,0.0
0.4446,9.4282,0.0
0.4347,9.4255,0.0
0.4198,9.4215,0.0
0.4080,9.4183,0.0
0.3982,9.4156,0.0
0.3883,9.4130,0.0
0.3775,9.4101,0.0
0.3677,9.4074,0.0
0.3569,9.4045,0.0
0.3470,9.4018,0.0
0.3382,9.3994,0.0
0.3284,9.3966,0.0
0.3146,9.3928,0.0
0.3047,9.3900,0.0
0.2949,9.3871,0.0
0.2832,9.3837,0.0
0.2753,9.3814,0.0
0.2626,9.3775,0.0
0.2548,9.3751,0.0
0.2422,9.3712,0.0
0.2334,9.3685,0.0
0.2208,9.3645,0.0
0.2130,9.3620,0.0
0.2023,9.3586,0.0
0.1897,9.3545,0.0
0.1839,9.3526,0.0
0.1713,9.3484,0.0
0.1616,9.3452,0.0
0.1490,9.3410,0.0
0.1403,9.3381,0.0
0.1296,9.3345,0.0
0.1200,9.3312,0.0
0.1093,9.3276,0.0
0.0996,9.3242,0.0
0.0900,9.3209,0.0
0.0803,9.3175,0.0
0.0697,9.3137,0.0
0.0553,9.3086,0.0
0.0466,9.3055,0.0
0.0361,9.3017,0.0
0.0265,9.2982,0.0
0.0170,9.2947,0.0
0.0074,9.2911,0.0
-0.0021,9.2876,0.0
-0.0126,9.2836,0.0
-0.0240,9.2793,0.0
-0.0353,9.2750,0.0
-0.0438,9.2717,0.0
-0.0533,9.2680,0.0
-0.0637,9.2640,0.0
-0.0731,9.2603,0.0
-0.0835,9.2562,0.0
-0.0929,9.2525,0.0
-0.1023,9.2487,0.0
-0.1154,9.2434,0.0
-0.1248,9.2396,0.0
-0.1342,9.2358,0.0
-0.1435,9.2319,0.0
-0.1529,9.2280,0.0
-0.1622,9.2240,0.0
-0.1724,9.2197,0.0
-0.1863,9.2138,0.0
-0.1909,9.2118,0.0
-0.2056,9.2055,0.0
-0.2149,9.2016,0.0
-0.2251,9.1972,0.0
-0.2334,9.1937,0.0
-0.2427,9.1897,0.0
-0.2520,9.1858,0.0
-0.2613,9.1818,0.0
-0.2752,9.1759,0.0
-0.2845,9.1719,0.0
-0.2947,9.1675,0.0
-0.3049,9.1630,0.0
-0.3142,9.1590,0.0
-0.3235,9.1549,0.0
-0.3327,9.1509,0.0
-0.3420,9.1468,0.0
-0.3513,9.1427,0.0
-0.3642,9.1369,0.0
-0.3725,9.1332,0.0
-0.3818,9.1290,0.0
-0.3938,9.1235,0.0
-0.4030,9.1193,0.0
-0.4122,9.1151,0.0
-0.4205,9.1112,0.0
-0.4306,9.1065,0.0
-0.4398,9.1021,0.0
-0.4490,9.0976,0.0
-0.4582,9.0931,0.0
-0.4720,9.0863,0.0
-0.4811,9.0817,0.0
-0.4912,9.0766,0.0
-0.5004,9.0719,0.0
-0.5077,9.0682,0.0
-0.5178,9.0631,0.0
-0.5269,9.0583,0.0
-0.5368,9.0531,0.0
-0.5467,9.0477,0.0
-0.5557,9.0428,0.0
-0.5655,9.0374,0.0
-0.5753,9.0319,0.0
-0.5850,9.0264,0.0
-0.5948,9.0208,0.0
-0.6036,9.0157,0.0
-0.6124,9.0106,0.0
-0.6230,9.0043,0.0
-0.6317,8.9991,0.0
-0.6449,8.9912,0.0
-0.6493,8.9886,0.0
-0.6624,8.9807,0.0
-0.6720,8.9748,0.0
-0.6807,8.9695,0.0
-0.6894,8.9641,0.0
-0.6982,8.9587,0.0
-0.7105,8.9511,0.0
-0.7184,8.9462,0.0
-0.7272,8.9408,0.0
-0.7360,8.9353,0.0
-0.7449,8.9299,0.0
-0.7537,8.9244,0.0
-0.7644,8.9178,0.0
-0.7733,8.9123,0.0
-0.7822,8.9068,0.0
-0.7919,8.9007,0.0
-0.7999,8.8957,0.0
-0.8097,8.8896,0.0
-0.8231,8.8813,0.0
-0.8329,8.8751,0.0
-0.8418,8.8696,0.0
-0.8515,8.8634,0.0
-0.8594,8.8584,0.0
-0.8700,8.8516,0.0
-0.8788,8.8460,0.0
-0.8867,8.8410,0.0
-0.8954,8.8354,0.0
-0.9042,8.8297,0.0
-0.9181,8.8207,0.0
-0.9268,8.8150,0.0
-0.9320,8.8116,0.0
-0.9425,8.8048,0.0
-0.9511,8.7991,0.0
-0.9606,8.7928,0.0
-0.9727,8.7848,0.0
-0.9805,8.7797,0.0
-0.9891,8.7739,0.0
-0.9977,8.7681,0.0
-1.0072,8.7618,0.0
-1.0157,8.7560,0.0
-1.0243,8.7502,0.0
-1.0362,8.7421,0.0
-1.0456,8.7358,0.0
-1.0540,8.7301,0.0
-1.0616,8.7249,0.0
-1.0709,8.7186,0.0
-1.0793,8.7129,0.0
-1.0886,8.7065,0.0
-1.0970,8.7007,0.0
-1.1097,8.6919,0.0
-1.1139,8.6890,0.0
-1.1265,8.6802,0.0
-1.1349,8.6743,0.0
-1.1415,8.6696,0.0
-1.1499,8.6637,0.0
-1.1624,8.6549,0.0
-1.1674,8.6514,0.0
-1.1798,8.6425,0.0
-1.1881,8.6366,0.0
-1.1955,8.6313,0.0
-1.2062,8.6236,0.0
-1.2144,8.6176,0.0
-1.2227,8.6115,0.0
-1.2309,8.6055,0.0
-1.2391,8.5994,0.0
-1.2474,8.5933,0.0
-1.2597,8.5841,0.0
-1.2679,8.5779,0.0
-1.2769,8.5711,0.0
-1.2843,8.5655,0.0
-1.2924,8.5593,0.0
-1.3006,8.5530,0.0
-1.3080,8.5474,0.0
-1.3202,8.5380,0.0
-1.3267,8.5329,0.0
-1.3348,8.5266,0.0
-1.3470,8.5171,0.0
-1.3511,8.5139,0.0
-1.3632,8.5043,0.0
-1.3713,8.4979,0.0
-1.3802,8.4909,0.0
-1.3882,8.4844,0.0
-1.3947,8.4793,0.0
-1.4027,8.4729,0.0
-1.4146,8.4633,0.0
-1.4226,8.4569,0.0
-1.4306,8.4505,0.0
-1.4385,8.4441,0.0
-1.4464,8.4377,0.0
-1.4544,8.4313,0.0
-1.4654,8.4223,0.0
-1.4726,8.4165,0.0
-1.4804,8.4101,0.0
-1.4883,8.4036,0.0
-1.5001,8.3939,0.0
-1.5040,8.3906,0.0
-1.5165,8.3802,0.0
