-0.3095,-0.0134,0.0
-0.3093,-0.0132,0.0
-0.3100,-0.0130,0.0
-0.3104,-0.0126,0.0
-0.3112,-0.0122,0.0
-0.3129,-0.0115,0.0
-0.3163,-0.0121,0.0
-0.3184,-0.0117,0.0
-0.3209,-0.0114,0.0
-0.3239,-0.0111,0.0
-0.3271,-0.0109,0.0
-0.3323,-0.0118,0.0
-0.3386,-0.0116,0.0
-0.3433,-0.0115,0.0
-0.3484,-0.0114,0.0
-0.3511,-0.0096,0.0
-0.3568,-0.0095,0.0
-0.3629,-0.0095,0.0
-0.3694,-0.0096,0.0
-0.3763,-0.0096,0.0
-0.3835,-0.0097,0.0
-0.3946,-0.0110,0.0
-0.4020,-0.0106,0.0
-0.4089,-0.0094,0.0
-0.4154,-0.0075,0.0
-0.4193,-0.0055,0.0
-0.4257,-0.0029,0.0
-0.4322,-0.0002,0.0
-0.4389,0.0026,0.0
-0.4465,0.0078,0.0
-0.4534,0.0106,0.0
-0.4602,0.0135,0.0
-0.4672,0.0164,0.0
-0.4741,0.0193,0.0
-0.4757,0.0314,0.0
-0.4817,0.0343,0.0
-0.4908,0.0378,0.0
-0.4970,0.0394,0.0
-0.5032,0.0404,0.0
-0.5096,0.0440,0.0
-0.5150,0.0448,0.0
-0.5201,0.0455,0.0
-0.5250,0.0460,0.0
-0.5297,0.0463,0.0
-0.5362,0.0474,0.0
-0.5407,0.0475,0.0
-0.5451,0.0475,0.0
-0.5495,0.0475,0.0
-0.5539,0.0474,0.0
-0.5582,0.0472,0.0
-0.5626,0.0470,0.0
-0.5694,0.0466,0.0
-0.5739,0.0463,0.0
-0.5788,0.0474,0.0
-0.5833,0.0471,0.0
-0.5878,0.0468,0.0
-0.5924,0.0465,0.0
-0.5969,0.0462,0.0
-0.6010,0.0467,0.0
-0.6056,0.0464,0.0
-0.6125,0.0459,0.0
-0.6172,0.0457,0.0
-0.6215,0.0465,0.0
-0.6262,0.0463,0.0
-0.6310,0.0461,0.0
-0.6358,0.0459,0.0
-0.6406,0.0457,0.0
-0.6456,0.0456,0.0
-0.6530,0.0454,0.0
-0.6581,0.0452,0.0
-0.6632,0.0452,0.0
-0.6684,0.0451,0.0
-0.6746,0.0467,0.0
-0.6786,0.0478,0.0
-0.6829,0.0492,0.0
-0.6873,0.0508,0.0
-0.6936,0.0553,0.0
-0.6984,0.0573,0.0
-0.7032,0.0594,0.0
-0.7081,0.0616,0.0
-0.7131,0.0639,0.0
-0.7170,0.0663,0.0
-0.7222,0.0688,0.0
-0.7300,0.0727,0.0
-0.7351,0.0754,0.0
-0.7402,0.0782,0.0
-0.7438,0.0781,0.0
-0.7489,0.0810,0.0
-0.7540,0.0839,0.0
-0.7590,0.0868,0.0
-0.7640,0.0898,0.0
-0.7747,0.0859,0.0
-0.7800,0.0888,0.0
-0.7856,0.0917,0.0
-0.7913,0.0947,0.0
-0.7970,0.0977,0.0
-0.7895,0.1099,0.0
-0.7951,0.1133,0.0
-0.8007,0.1169,0.0
-0.8092,0.1224,0.0
-0.8165,0.1243,0.0
-0.8224,0.1281,0.0
-0.8284,0.1320,0.0
-0.8346,0.1361,0.0
-0.8408,0.1402,0.0
-0.8445,0.1426,0.0
-0.8509,0.1470,0.0
-0.8608,0.1538,0.0
-0.8675,0.1585,0.0
-0.8743,0.1633,0.0
-0.8708,0.1591,0.0
-0.8775,0.1639,0.0
-0.8843,0.1688,0.0
-0.8912,0.1738,0.0
-0.8860,0.1693,0.0
-0.8962,0.1770,0.0
-0.9030,0.1823,0.0
-0.9100,0.1877,0.0
-0.9170,0.1933,0.0
-0.9056,0.1851,0.0
-0.9123,0.1906,0.0
-0.9191,0.1962,0.0
-0.9294,0.2048,0.0
-0.9204,0.1963,0.0
-0.9270,0.2020,0.0
-0.9338,0.2078,0.0
-0.9406,0.2138,0.0
-0.9475,0.2198,0.0
-0.9544,0.2260,0.0
-0.8746,0.2177,0.0
-0.8825,0.2267,0.0
-0.8877,0.2328,0.0
-0.8930,0.2390,0.0
-0.8879,0.2357,0.0
-0.8929,0.2418,0.0
-0.8980,0.2479,0.0
-0.9030,0.2541,0.0
-0.9079,0.2603,0.0
-0.9140,0.2535,0.0
-0.9189,0.2595,0.0
-0.9237,0.2653,0.0
-0.9285,0.2712,0.0
-0.9331,0.2770,0.0
-0.9351,0.2835,0.0
-0.9419,0.2920,0.0
-0.9442,0.2948,0.0
-0.9508,0.3032,0.0
-0.9692,0.3118,0.0
-0.9738,0.3173,0.0
-0.9783,0.3229,0.0
-0.9828,0.3285,0.0
-0.9872,0.3340,0.0
-1.0043,0.3398,0.0
-1.0089,0.3453,0.0
-1.0157,0.3536,0.0
-1.0201,0.3591,0.0
-1.0246,0.3646,0.0
-1.0351,0.3673,0.0
-1.0396,0.3727,0.0
-1.0440,0.3781,0.0
-1.0484,0.3835,0.0
-1.0585,0.3924,0.0
-1.0628,0.3978,0.0
-1.0670,0.4032,0.0
-1.0712,0.4086,0.0
-1.0754,0.4139,0.0
-1.0898,0.4205,0.0
-1.0941,0.4257,0.0
-1.0984,0.4310,0.0
-1.1048,0.4389,0.0
-1.1091,0.4441,0.0
-1.1178,0.4489,0.0
-1.1221,0.4541,0.0
-1.1259,0.4594,0.0
-1.1288,0.4653,0.0
-1.1346,0.4690,0.0
-1.1373,0.4761,0.0
-1.1384,0.4819,0.0
-1.1391,0.4879,0.0
-1.1395,0.4940,0.0
-1.1381,0.4977,0.0
-1.1382,0.5019,0.0
-1.1379,0.5061,0.0
-1.1371,0.5110,0.0
-1.1362,0.5164,0.0
-1.1342,0.5249,0.0
-1.1334,0.5311,0.0
-1.1326,0.5374,0.0
-1.1317,0.5434,0.0
-1.1307,0.5490,0.0
-1.1293,0.5544,0.0
-1.1284,0.5604,0.0
-1.1276,0.5665,0.0
-1.1269,0.5724,0.0
-1.1263,0.5784,0.0
-1.1256,0.5844,0.0
-1.1253,0.5905,0.0
-1.1253,0.5969,0.0
-1.1256,0.6033,0.0
-1.1260,0.6100,0.0
-1.1248,0.6142,0.0
-1.1258,0.6208,0.0
-1.1273,0.6275,0.0
-1.1290,0.6342,0.0
-1.1312,0.6409,0.0
-1.1336,0.6477,0.0
-1.1363,0.6547,0.0
-1.1393,0.6617,0.0
-1.1426,0.6687,0.0
-1.1461,0.6758,0.0
-1.1498,0.6828,0.0
-1.1536,0.6899,0.0
-1.1576,0.6971,0.0
-1.1616,0.7043,0.0
-1.1659,0.7114,0.0
-1.1702,0.7185,0.0
-1.1745,0.7256,0.0
-1.1790,0.7327,0.0
-1.1834,0.7398,0.0
-1.1879,0.7468,0.0
-1.1905,0.7503,0.0
-1.1950,0.7573,0.0
-1.1995,0.7641,0.0
-1.2041,0.7710,0.0
-1.2085,0.7778,0.0
-1.2131,0.7847,0.0
-1.2177,0.7915,0.0
-1.2222,0.7984,0.0
-1.2267,0.8052,0.0
-1.2312,0.8120,0.0
-1.2354,0.8188,0.0
-1.2399,0.8255,0.0
-1.2443,0.8323,0.0
-1.2486,0.8390,0.0
-1.2528,0.8456,0.0
-1.2571,0.8522,0.0
-1.2614,0.8588,0.0
-1.2656,0.8654,0.0
-1.2698,0.8720,0.0
-1.2739,0.8785,0.0
-1.2720,0.8740,0.0
-1.2720,0.8740,0.0
-1.2720,0.8740,0.0
-1.2856,0.8959,0.0
-1.2893,0.9019,0.0
-1.2931,0.9080,0.0
-1.2967,0.9141,0.0
-1.3003,0.9202,0.0
-1.3039,0.9262,0.0
-1.3072,0.9320,0.0
-1.3106,0.9379,0.0
-1.3140,0.9439,0.0
-1.3173,0.9497,0.0
-1.3205,0.9556,0.0
-1.3235,0.9612,0.0
-1.3266,0.9669,0.0
-1.3296,0.9727,0.0
-1.3325,0.9784,0.0
-1.3354,0.9840,0.0
-1.3342,0.9761,0.0
-1.3369,0.9814,0.0
-1.3396,0.9867,0.0
-1.3421,0.9919,0.0
-1.3446,0.9971,0.0
-1.3431,0.9949,0.0
-1.3454,0.9999,0.0
-1.3476,1.0049,0.0
-1.3498,1.0098,0.0
-1.3518,1.0146,0.0
-1.3498,1.0105,0.0
-1.3516,1.0151,0.0
-1.3534,1.0197,0.0
-1.3551,1.0243,0.0
-1.3568,1.0288,0.0
-1.3556,1.0246,0.0
-1.3571,1.0289,0.0
-1.3585,1.0331,0.0
-1.3598,1.0373,0.0
-1.3610,1.0414,0.0
-1.3623,1.0335,0.0
-1.3634,1.0374,0.0
-1.3644,1.0412,0.0
-1.3653,1.0449,0.0
-1.3662,1.0487,0.0
-1.3708,1.0384,0.0
-1.3716,1.0418,0.0
-1.3723,1.0452,0.0
-1.3729,1.0485,0.0
-1.3734,1.0517,0.0
-1.3882,1.0467,0.0
-1.3888,1.0497,0.0
-1.3893,1.0527,0.0
-1.3898,1.0556,0.0
-1.3902,1.0585,0.0
-1.4057,1.0603,0.0
-1.4062,1.0630,0.0
-1.4066,1.0657,0.0
-1.4069,1.0684,0.0
-1.4071,1.0710,0.0
-1.4132,1.0689,0.0
-1.4134,1.0713,0.0
-1.4134,1.0737,0.0
-1.4134,1.0760,0.0
-1.4134,1.0783,0.0
-1.4191,1.0789,0.0
-1.4190,1.0810,0.0
-1.4188,1.0831,0.0
-1.4184,1.0852,0.0
-1.4181,1.0872,0.0
-1.4261,1.0911,0.0
-1.4257,1.0930,0.0
-1.4252,1.0949,0.0
-1.4246,1.0968,0.0
-1.4239,1.0986,0.0
-1.4336,1.1005,0.0
-1.4330,1.1022,0.0
-1.4322,1.1039,0.0
-1.4314,1.1055,0.0
-1.4305,1.1071,0.0
-1.4606,1.1003,0.0
-1.4599,1.1017,0.0
-1.4592,1.1031,0.0
-1.4584,1.1044,0.0
-1.4575,1.1056,0.0
-1.4877,1.0965,0.0
-1.4871,1.0975,0.0
-1.4863,1.0984,0.0
-1.4855,1.0993,0.0
-1.4846,1.1001,0.0
-1.4908,1.1027,0.0
-1.4899,1.1034,0.0
-1.4888,1.1041,0.0
-1.4876,1.1047,0.0
-1.4864,1.1052,0.0
-1.4877,1.1050,0.0
-1.4863,1.1054,0.0
-1.4848,1.1057,0.0
-1.4833,1.1059,0.0
-1.4816,1.1060,0.0
-1.4886,1.1047,0.0
-1.4868,1.1047,0.0
-1.4850,1.1046,0.0
-1.4830,1.1045,0.0
-1.4810,1.1043,0.0
-1.4922,1.1030,0.0
-1.4901,1.1028,0.0
-1.4879,1.1024,0.0
-1.4856,1.1021,0.0
-1.4833,1.1016,0.0
-1.4904,1.0985,0.0
-1.4879,1.0980,0.0
-1.4854,1.0973,0.0
-1.4828,1.0967,0.0
-1.4801,1.0960,0.0
-1.4850,1.0931,0.0
-1.4822,1.0923,0.0
-1.4793,1.0914,0.0
-1.4763,1.0905,0.0
-1.4732,1.0895,0.0
-1.4858,1.0836,0.0
-1.4827,1.0825,0.0
-1.4796,1.0812,0.0
-1.4763,1.0800,0.0
-1.4730,1.0787,0.0
-1.4705,1.0794,0.0
-1.4670,1.0781,0.0
-1.4635,1.0767,0.0
-1.4599,1.0753,0.0
-1.4562,1.0738,0.0
-1.4525,1.0723,0.0
-1.4487,1.0708,0.0
-1.4448,1.0692,0.0
-1.4408,1.0675,0.0
-1.4367,1.0658,0.0
-1.4326,1.0641,0.0
-1.4284,1.0624,0.0
-1.4241,1.0605,0.0
-1.4197,1.0587,0.0
-1.4153,1.0568,0.0
-1.4324,1.0393,0.0
-1.4280,1.0371,0.0
-1.4234,1.0348,0.0
-1.4188,1.0326,0.0
-1.4140,1.0303,0.0
-1.4192,1.0264,0.0
-1.4144,1.0241,0.0
-1.4096,1.0218,0.0
-1.4046,1.0195,0.0
-1.3996,1.0171,0.0
-1.3994,1.0104,0.0
-1.3942,1.0079,0.0
-1.3889,1.0054,0.0
-1.3836,1.0029,0.0
-1.3781,1.0004,0.0
-1.3793,0.9914,0.0
-1.3737,0.9888,0.0
-1.3680,0.9860,0.0
-1.3622,0.9833,0.0
-1.3563,0.9805,0.0
-1.3547,0.9735,0.0
-1.3487,0.9706,0.0
-1.3425,0.9677,0.0
-1.3363,0.9647,0.0
-1.3299,0.9617,0.0
-1.3383,0.9615,0.0
-1.3319,0.9585,0.0
-1.3254,0.9554,0.0
-1.3188,0.9524,0.0
-1.3122,0.9493,0.0
-1.3087,0.9427,0.0
-1.3019,0.9395,0.0
-1.2950,0.9362,0.0
-1.2879,0.9329,0.0
-1.2808,0.9295,0.0
-1.2748,0.9249,0.0
-1.2675,0.9214,0.0
-1.2601,0.9179,0.0
-1.2525,0.9144,0.0
-1.2449,0.9108,0.0
-1.2396,0.9047,0.0
-1.2318,0.9010,0.0
-1.2239,0.8972,0.0
-1.2159,0.8934,0.0
-1.2078,0.8896,0.0
-1.2009,0.8852,0.0
-1.1927,0.8813,0.0
-1.1843,0.8773,0.0
-1.1759,0.8733,0.0
-1.1673,0.8692,0.0
-1.1603,0.8650,0.0
-1.1515,0.8608,0.0
-1.1427,0.8566,0.0
-1.1337,0.8523,0.0
-1.1247,0.8480,0.0
-1.2893,0.7749,0.0
-1.2817,0.7696,0.0
-1.2740,0.7642,0.0
-1.2661,0.7588,0.0
-1.2582,0.7534,0.0
-1.2385,0.8009,0.0
-1.2302,0.7961,0.0
-1.2218,0.7913,0.0
-1.2133,0.7865,0.0
-1.2047,0.7817,0.0
-1.2736,0.7918,0.0
-1.2656,0.7871,0.0
-1.2574,0.7825,0.0
-1.2492,0.7777,0.0
-1.2409,0.7729,0.0
-1.2476,0.7719,0.0
-1.2394,0.7669,0.0
-1.2310,0.7619,0.0
-1.2225,0.7567,0.0
-1.2140,0.7515,0.0
-1.2178,0.7516,0.0
-1.2092,0.7463,0.0
-1.2005,0.7410,0.0
-1.1917,0.7357,0.0
-1.1828,0.7303,0.0
-1.1903,0.7269,0.0
-1.1814,0.7214,0.0
-1.1723,0.7159,0.0
-1.1632,0.7104,0.0
-1.1540,0.7048,0.0
-1.1617,0.7018,0.0
-1.1525,0.6962,0.0
-1.1431,0.6905,0.0
-1.1337,0.6849,0.0
-1.1242,0.6792,0.0
-1.1391,0.6704,0.0
-1.1298,0.6645,0.0
-1.1204,0.6586,0.0
-1.1109,0.6527,0.0
-1.1012,0.6467,0.0
-1.1172,0.6389,0.0
-1.1075,0.6329,0.0
-1.0977,0.6268,0.0
-1.0879,0.6206,0.0
-1.0779,0.6145,0.0
-1.1905,0.5804,0.0
-1.1814,0.5738,0.0
-1.1723,0.5672,0.0
-1.1630,0.5606,0.0
-1.1537,0.5539,0.0
-1.1580,0.5487,0.0
-1.1486,0.5420,0.0
-1.1391,0.5353,0.0
-1.1295,0.5285,0.0
-1.1198,0.5217,0.0
-1.1384,0.5170,0.0
-1.1288,0.5102,0.0
-1.1191,0.5033,0.0
-1.1093,0.4963,0.0
-1.0995,0.4893,0.0
-1.1187,0.4839,0.0
-1.1089,0.4769,0.0
-1.0991,0.4699,0.0
-1.0891,0.4628,0.0
-1.0791,0.4557,0.0
-1.1825,0.4608,0.0
-1.1732,0.4538,0.0
-1.1639,0.4467,0.0
-1.1546,0.4396,0.0
-1.1451,0.4324,0.0
-1.1370,0.4245,0.0
-1.1274,0.4172,0.0
-1.1178,0.4099,0.0
-1.1080,0.4026,0.0
-1.0982,0.3953,0.0
-1.1561,0.3969,0.0
-1.1467,0.3896,0.0
-1.1372,0.3823,0.0
-1.1276,0.3750,0.0
-1.1180,0.3676,0.0
-1.1102,0.3590,0.0
-1.1003,0.3516,0.0
-1.0904,0.3441,0.0
-1.0804,0.3366,0.0
-1.0703,0.3291,0.0
-1.0630,0.3211,0.0
-1.0528,0.3135,0.0
-1.0425,0.3059,0.0
-1.0321,0.2982,0.0
-1.0217,0.2905,0.0
-1.0158,0.2825,0.0
-1.0053,0.2747,0.0
-0.9946,0.2669,0.0
-0.9839,0.2591,0.0
-0.9731,0.2513,0.0
-0.9688,0.2428,0.0
-0.9579,0.2349,0.0
-0.9469,0.2270,0.0
-0.9358,0.2190,0.0
-0.9247,0.2111,0.0
-0.9183,0.2055,0.0
-0.9071,0.1975,0.0
-0.8958,0.1895,0.0
-0.8844,0.1815,0.0
-0.8729,0.1735,0.0
-0.8733,0.1648,0.0
-0.8618,0.1567,0.0
-0.8502,0.1486,0.0
-0.8385,0.1405,0.0
-0.8268,0.1323,0.0
-0.8304,0.1225,0.0
-0.8186,0.1143,0.0
-0.8068,0.1060,0.0
-0.7948,0.0978,0.0
-0.7828,0.0895,0.0
-0.6881,0.0720,0.0
-0.6753,0.0635,0.0
-0.6623,0.0549,0.0
-0.6493,0.0464,0.0
-0.6362,0.0378,0.0
-0.6378,0.0004,0.0
-0.6247,-0.0087,0.0
-0.6115,-0.0178,0.0
-0.5982,-0.0270,0.0
-0.5848,-0.0363,0.0
-0.5543,-0.0469,0.0
-0.5406,-0.0562,0.0
-0.5268,-0.0656,0.0
-0.5129,-0.0749,0.0
-0.4990,-0.0843,0.0
-0.4855,-0.0925,0.0
-0.4713,-0.1019,0.0
-0.4570,-0.1114,0.0
-0.4426,-0.1208,0.0
-0.4281,-0.1303,0.0
-0.4188,-0.1374,0.0
-0.4041,-0.1469,0.0
-0.3893,-0.1565,0.0
-0.3744,-0.1661,0.0
-0.3594,-0.1758,0.0
-0.4394,-0.1739,0.0
-0.4249,-0.1835,0.0
-0.4103,-0.1932,0.0
-0.3957,-0.2029,0.0
-0.3809,-0.2125,0.0
-0.3976,-0.2146,0.0
-0.3828,-0.2243,0.0
-0.3681,-0.2341,0.0
-0.3534,-0.2439,0.0
-0.3385,-0.2538,0.0
-0.3219,-0.2605,0.0
-0.3068,-0.2704,0.0
-0.2916,-0.2803,0.0
-0.2762,-0.2903,0.0
-0.2608,-0.3003,0.0
-0.2419,-0.3068,0.0
-0.2262,-0.3168,0.0
-0.2104,-0.3269,0.0
-0.1945,-0.3369,0.0
-0.1785,-0.3470,0.0
-0.1557,-0.3530,0.0
-0.1394,-0.3632,0.0
-0.1231,-0.3733,0.0
-0.1067,-0.3835,0.0
-0.0902,-0.3937,0.0
-0.1311,-0.4105,0.0
-0.1149,-0.4208,0.0
-0.0986,-0.4312,0.0
-0.0821,-0.4416,0.0
-0.0656,-0.4520,0.0
-0.0490,-0.4625,0.0
-0.0323,-0.4729,0.0
-0.0155,-0.4834,0.0
0.0014,-0.4939,0.0
0.0184,-0.5045,0.0
-0.2461,-0.4740,0.0
-0.2310,-0.4843,0.0
-0.2157,-0.4945,0.0
-0.2004,-0.5048,0.0
-0.1849,-0.5151,0.0
-0.1593,-0.5287,0.0
-0.1437,-0.5391,0.0
-0.1279,-0.5495,0.0
-0.1121,-0.5600,0.0
-0.0962,-0.5705,0.0
-0.2688,-0.5835,0.0
-0.2541,-0.5942,0.0
-0.2393,-0.6049,0.0
-0.2245,-0.6156,0.0
-0.2096,-0.6263,0.0
-0.1948,-0.6370,0.0
-0.1799,-0.6477,0.0
-0.1649,-0.6584,0.0
-0.1500,-0.6691,0.0
-0.1349,-0.6798,0.0
-0.1198,-0.6905,0.0
-0.1046,-0.7013,0.0
-0.0893,-0.7122,0.0
-0.0739,-0.7230,0.0
-0.0585,-0.7339,0.0
-0.0429,-0.7448,0.0
-0.0273,-0.7558,0.0
-0.0116,-0.7668,0.0
0.0041,-0.7777,0.0
0.0200,-0.7889,0.0
0.0361,-0.8001,0.0
0.0523,-0.8114,0.0
0.0685,-0.8227,0.0
0.0847,-0.8340,0.0
0.1010,-0.8454,0.0
0.1174,-0.8567,0.0
0.1338,-0.8681,0.0
0.1503,-0.8795,0.0
0.1669,-0.8908,0.0
0.1836,-0.9022,0.0
0.1894,-0.9104,0.0
0.2062,-0.9217,0.0
0.2231,-0.9331,0.0
0.2401,-0.9445,0.0
0.2572,-0.9558,0.0
0.2731,-0.9669,0.0
0.2903,-0.9783,0.0
0.3076,-0.9896,0.0
0.3251,-1.0010,0.0
0.3426,-1.0124,0.0
0.3796,-1.0258,0.0
0.3974,-1.0372,0.0
0.4152,-1.0487,0.0
0.4332,-1.0601,0.0
0.4512,-1.0715,0.0
0.4591,-1.0813,0.0
0.4773,-1.0927,0.0
0.4955,-1.1042,0.0
0.5139,-1.1157,0.0
0.5323,-1.1273,0.0
0.5511,-1.1388,0.0
0.5696,-1.1504,0.0
0.5883,-1.1620,0.0
0.6071,-1.1737,0.0
0.6259,-1.1854,0.0
0.6660,-1.1989,0.0
0.6851,-1.2107,0.0
0.7043,-1.2224,0.0
0.7236,-1.2342,0.0
0.7430,-1.2460,0.0
0.7624,-1.2578,0.0
0.7819,-1.2697,0.0
0.8015,-1.2815,0.0
0.8211,-1.2934,0.0
0.8409,-1.3052,0.0
0.8607,-1.3171,0.0
0.8806,-1.3290,0.0
0.9005,-1.3410,0.0
0.9206,-1.3529,0.0
0.9408,-1.3648,0.0
0.8609,-1.4252,0.0
0.8807,-1.4377,0.0
0.9007,-1.4503,0.0
0.9207,-1.4628,0.0
0.9408,-1.4754,0.0
0.8635,-1.4817,0.0
0.8833,-1.4943,0.0
0.9031,-1.5069,0.0
0.9230,-1.5196,0.0
0.9430,-1.5322,0.0
0.8474,-1.5334,0.0
0.8669,-1.5461,0.0
0.8865,-1.5587,0.0
0.9062,-1.5714,0.0
0.9260,-1.5841,0.0
0.9195,-1.6046,0.0
0.9394,-1.6174,0.0
0.9594,-1.6302,0.0
0.9795,-1.6430,0.0
0.9997,-1.6559,0.0
1.0200,-1.6687,0.0
1.0404,-1.6816,0.0
1.0609,-1.6945,0.0
1.0815,-1.7074,0.0
1.1021,-1.7204,0.0
1.1229,-1.7333,0.0
1.1438,-1.7463,0.0
1.1647,-1.7593,0.0
1.1857,-1.7723,0.0
1.2068,-1.7854,0.0
1.2280,-1.7985,0.0
1.2493,-1.8116,0.0
1.2707,-1.8247,0.0
1.2921,-1.8379,0.0
1.3136,-1.8510,0.0
1.3352,-1.8642,0.0
1.3569,-1.8774,0.0
1.3787,-1.8906,0.0
1.4006,-1.9039,0.0
1.4225,-1.9171,0.0
1.4445,-1.9304,0.0
1.4665,-1.9437,0.0
1.4887,-1.9570,0.0
1.5109,-1.9703,0.0
1.5332,-1.9836,0.0
1.5556,-1.9970,0.0
1.5780,-2.0103,0.0
1.6006,-2.0237,0.0
1.6232,-2.0371,0.0
1.6459,-2.0504,0.0
1.6688,-2.0638,0.0
1.6917,-2.0772,0.0
1.7147,-2.0906,0.0
1.7377,-2.1039,0.0
1.7608,-2.1173,0.0
1.7840,-2.1307,0.0
1.8073,-2.1441,0.0
1.8306,-2.1574,0.0
1.8540,-2.1708,0.0
1.8774,-2.1842,0.0
1.9010,-2.1976,0.0
1.9246,-2.2110,0.0
1.9483,-2.2244,0.0
1.9720,-2.2378,0.0
1.9959,-2.2513,0.0
2.0198,-2.2647,0.0
2.0438,-2.2781,0.0
2.0679,-2.2915,0.0
2.0920,-2.3050,0.0
2.1163,-2.3184,0.0
2.0922,-2.3460,0.0
2.1163,-2.3596,0.0
2.1404,-2.3732,0.0
2.1647,-2.3868,0.0
2.1890,-2.4005,0.0
2.2134,-2.4141,0.0
2.2378,-2.4278,0.0
2.2624,-2.4414,0.0
2.2869,-2.4551,0.0
2.3116,-2.4688,0.0
2.3364,-2.4824,0.0
2.3612,-2.4962,0.0
2.3861,-2.5099,0.0
2.4111,-2.5237,0.0
2.4362,-2.5374,0.0
2.4613,-2.5512,0.0
2.4866,-2.5650,0.0
2.5119,-2.5788,0.0
2.5373,-2.5926,0.0
2.5628,-2.6065,0.0
2.5883,-2.6203,0.0
2.6139,-2.6342,0.0
2.6397,-2.6480,0.0
2.6655,-2.6619,0.0
2.6914,-2.6757,0.0
2.4489,-2.5934,0.0
2.4736,-2.6066,0.0
2.4984,-2.6199,0.0
2.5232,-2.6332,0.0
2.5481,-2.6465,0.0
2.5731,-2.6598,0.0
2.5982,-2.6731,0.0
2.6233,-2.6864,0.0
2.6486,-2.6997,0.0
2.6739,-2.7130,0.0
2.6993,-2.7263,0.0
2.7248,-2.7395,0.0
2.7504,-2.7527,0.0
2.7761,-2.7659,0.0
2.8018,-2.7790,0.0
2.8276,-2.7922,0.0
2.8535,-2.8053,0.0
2.8794,-2.8184,0.0
2.9054,-2.8315,0.0
2.9315,-2.8445,0.0
2.9576,-2.8576,0.0
2.9838,-2.8707,0.0
3.0101,-2.8837,0.0
3.0361,-2.8966,0.0
3.0622,-2.9096,0.0
3.0883,-2.9225,0.0
3.1146,-2.9355,0.0
3.1408,-2.9484,0.0
3.1672,-2.9614,0.0
3.1936,-2.9743,0.0
3.2201,-2.9873,0.0
3.2467,-3.0002,0.0
3.2734,-3.0131,0.0
3.3001,-3.0261,0.0
3.3269,-3.0390,0.0
3.3538,-3.0519,0.0
3.3808,-3.0648,0.0
3.4078,-3.0778,0.0
3.4350,-3.0907,0.0
3.4622,-3.1036,0.0
3.4894,-3.1165,0.0
3.5168,-3.1294,0.0
3.5443,-3.1424,0.0
3.5718,-3.1553,0.0
3.5994,-3.1682,0.0
3.6271,-3.1811,0.0
3.6548,-3.1940,0.0
3.6827,-3.2069,0.0
3.7106,-3.2198,0.0
3.7386,-3.2327,0.0
3.7666,-3.2456,0.0
3.7948,-3.2584,0.0
3.8230,-3.2713,0.0
3.8514,-3.2842,0.0
3.8798,-3.2970,0.0
3.9083,-3.3099,0.0
3.9368,-3.3227,0.0
3.9655,-3.3356,0.0
3.9942,-3.3484,0.0
4.0230,-3.3612,0.0
4.0519,-3.3740,0.0
4.0809,-3.3869,0.0
4.1100,-3.3997,0.0
4.1391,-3.4125,0.0
4.1683,-3.4253,0.0
4.1976,-3.4381,0.0
4.2270,-3.4508,0.0
4.2564,-3.4636,0.0
4.2859,-3.4763,0.0
4.3152,-3.4890,0.0
4.3446,-3.5016,0.0
4.3741,-3.5143,0.0
4.4036,-3.5269,0.0
4.4333,-3.5396,0.0
4.4630,-3.5523,0.0
4.4928,-3.5650,0.0
4.5227,-3.5777,0.0
4.5527,-3.5903,0.0
4.5828,-3.6030,0.0
4.6130,-3.6157,0.0
4.6432,-3.6284,0.0
4.6736,-3.6410,0.0
4.7040,-3.6537,0.0
4.7345,-3.6663,0.0
4.7650,-3.6790,0.0
4.7957,-3.6916,0.0
4.8264,-3.7043,0.0
4.8573,-3.7169,0.0
4.8882,-3.7295,0.0
4.9192,-3.7421,0.0
4.9503,-3.7547,0.0
4.9814,-3.7673,0.0
5.0127,-3.7799,0.0
5.0440,-3.7924,0.0
5.0754,-3.8050,0.0
5.1069,-3.8175,0.0
5.1385,-3.8300,0.0
5.1701,-3.8425,0.0
5.2018,-3.8550,0.0
5.2336,-3.8675,0.0
5.2322,-3.8989,0.0
5.2640,-3.9115,0.0
5.2960,-3.9242,0.0
5.3280,-3.9368,0.0
5.3602,-3.9495,0.0
5.3785,-3.9597,0.0
5.4108,-3.9723,0.0
5.4431,-3.9850,0.0
5.4756,-3.9977,0.0
5.5081,-4.0104,0.0
5.5607,-4.0267,0.0
5.5936,-4.0394,0.0
5.6265,-4.0521,0.0
5.6594,-4.0648,0.0
5.6925,-4.0774,0.0
5.7352,-4.0917,0.0
5.7685,-4.1043,0.0
5.8018,-4.1168,0.0
5.8352,-4.1293,0.0
5.8687,-4.1418,0.0
5.9048,-4.1596,0.0
5.9385,-4.1721,0.0
5.9723,-4.1846,0.0
6.0061,-4.1970,0.0
6.0401,-4.2095,0.0
6.0741,-4.2219,0.0
6.1082,-4.2343,0.0
6.1423,-4.2467,0.0
6.1766,-4.2591,0.0
6.2109,-4.2714,0.0
6.2606,-4.2966,0.0
6.2952,-4.3091,0.0
6.3298,-4.3215,0.0
6.3646,-4.3340,0.0
6.3994,-4.3465,0.0
6.4844,-4.3423,0.0
6.5196,-4.3547,0.0
6.5548,-4.3670,0.0
6.5902,-4.3794,0.0
6.6256,-4.3918,0.0
6.8270,-4.3736,0.0
6.8632,-4.3857,0.0
6.8996,-4.3978,0.0
6.9360,-4.4099,0.0
6.9725,-4.4220,0.0
7.5488,-4.3740,0.0
7.5877,-4.3855,0.0
7.6266,-4.3971,0.0
7.6656,-4.4086,0.0
7.7047,-4.4201,0.0
7.9578,-4.5378,0.0
7.9979,-4.5497,0.0
8.0381,-4.5616,0.0
8.0785,-4.5734,0.0
8.1189,-4.5852,0.0
9.1615,-4.5207,0.0
9.2062,-4.5316,0.0
9.2510,-4.5426,0.0
9.2959,-4.5535,0.0
9.3409,-4.5643,0.0
10.3983,-4.5147,0.0
10.4476,-4.5248,0.0
10.4970,-4.5348,0.0
10.5466,-4.5448,0.0
10.5962,-4.5548,0.0
11.5306,-4.5036,0.0
11.5840,-4.5128,0.0
11.6375,-4.5220,0.0
11.6911,-4.5311,0.0
11.7448,-4.5402,0.0
11.7986,-4.5492,0.0
11.8525,-4.5582,0.0
11.9065,-4.5672,0.0
11.9607,-4.5761,0.0
12.0149,-4.5850,0.0
12.0692,-4.5938,0.0
12.1237,-4.6026,0.0
12.1782,-4.6113,0.0
12.2330,-4.6201,0.0
12.2878,-4.6288,0.0
12.3428,-4.6376,0.0
12.3980,-4.6463,0.0
12.4532,-4.6549,0.0
12.5086,-4.6636,0.0
12.5641,-4.6722,0.0
12.6198,-4.6808,0.0
12.6756,-4.6894,0.0
12.7315,-4.6979,0.0
12.7875,-4.7064,0.0
12.8437,-4.7148,0.0
12.9000,-4.7233,0.0
12.9564,-4.7316,0.0
13.0129,-4.7400,0.0
13.0696,-4.7483,0.0
13.1264,-4.7566,0.0
13.1833,-4.7648,0.0
13.2403,-4.7729,0.0
13.2975,-4.7811,0.0
13.3548,-4.7892,0.0
13.4122,-4.7974,0.0
13.4697,-4.8054,0.0
13.5274,-4.8135,0.0
13.5852,-4.8215,0.0
13.6432,-4.8295,0.0
13.7013,-4.8374,0.0
13.7595,-4.8453,0.0
13.8180,-4.8530,0.0
13.8765,-4.8608,0.0
13.9353,-4.8685,0.0
13.9941,-4.8762,0.0
14.0532,-4.8838,0.0
14.1123,-4.8914,0.0
14.1716,-4.8990,0.0
14.2310,-4.9064,0.0
14.2905,-4.9138,0.0
14.3501,-4.9211,0.0
14.4099,-4.9284,0.0
14.4697,-4.9356,0.0
14.5297,-4.9427,0.0
14.5898,-4.9499,0.0
14.6500,-4.9570,0.0
14.7104,-4.9641,0.0
14.7709,-4.9711,0.0
14.8315,-4.9781,0.0
14.8923,-4.9851,0.0
14.9533,-4.9921,0.0
15.0143,-4.9989,0.0
15.0755,-5.0058,0.0
15.1368,-5.0126,0.0
15.1983,-5.0194,0.0
15.2599,-5.0261,0.0
15.3216,-5.0328,0.0
15.3835,-5.0395,0.0
15.4455,-5.0461,0.0
15.5076,-5.0527,0.0
15.5698,-5.0592,0.0
15.6322,-5.0657,0.0
15.6947,-5.0721,0.0
15.7574,-5.0785,0.0
15.8201,-5.0849,0.0
15.8830,-5.0912,0.0
15.9460,-5.0974,0.0
16.0092,-5.1036,0.0
16.0724,-5.1097,0.0
16.1358,-5.1157,0.0
16.1993,-5.1217,0.0
16.2629,-5.1276,0.0
16.3266,-5.1335,0.0
16.3905,-5.1393,0.0
16.4544,-5.1450,0.0
16.5184,-5.1507,0.0
16.5825,-5.1564,0.0
16.6467,-5.1620,0.0
16.7110,-5.1675,0.0
16.7754,-5.1730,0.0
16.8398,-5.1784,0.0
16.9044,-5.1838,0.0
16.9691,-5.1891,0.0
17.0340,-5.1944,0.0
17.0989,-5.1996,0.0
17.1640,-5.2048,0.0
17.2291,-5.2099,0.0
17.2944,-5.2150,0.0
17.3598,-5.2200,0.0
17.4254,-5.2250,0.0
17.4910,-5.2299,0.0
17.5568,-5.2348,0.0
17.6227,-5.2396,0.0
17.6888,-5.2443,0.0
17.7550,-5.2490,0.0
17.8214,-5.2536,0.0
17.8880,-5.2581,0.0
17.9547,-5.2626,0.0
18.0215,-5.2670,0.0
18.0885,-5.2714,0.0
18.1556,-5.2758,0.0
18.2229,-5.2802,0.0
18.2902,-5.2845,0.0
18.3577,-5.2888,0.0
18.4253,-5.2931,0.0
18.4930,-5.2973,0.0
18.5609,-5.3015,0.0
18.6289,-5.3056,0.0
18.6970,-5.3097,0.0
18.7652,-5.3137,0.0
18.8335,-5.3177,0.0
18.9020,-5.3216,0.0
18.9706,-5.3255,0.0
19.0393,-5.3293,0.0
19.1081,-5.3331,0.0
19.1771,-5.3368,0.0
19.2462,-5.3404,0.0
19.3154,-5.3440,0.0
19.3847,-5.3476,0.0
19.4541,-5.3511,0.0
19.5237,-5.3545,0.0
19.5934,-5.3578,0.0
19.6632,-5.3611,0.0
19.7331,-5.3644,0.0
19.8031,-5.3676,0.0
19.8733,-5.3707,0.0
19.9436,-5.3737,0.0
20.0140,-5.3767,0.0
20.0845,-5.3796,0.0
20.1552,-5.3825,0.0
20.2259,-5.3852,0.0
20.2968,-5.3880,0.0
20.3678,-5.3906,0.0
20.4388,-5.3932,0.0
20.5101,-5.3957,0.0
20.5814,-5.3982,0.0
20.6528,-5.4006,0.0
20.7244,-5.4029,0.0
20.7960,-5.4052,0.0
20.8678,-5.4074,0.0
20.9397,-5.4096,0.0
21.0118,-5.4116,0.0
21.0839,-5.4136,0.0
21.1562,-5.4156,0.0
21.2286,-5.4175,0.0
21.3011,-5.4193,0.0
21.3737,-5.4211,0.0
21.4464,-5.4228,0.0
21.5193,-5.4244,0.0
21.6288,-5.4267,0.0
21.7020,-5.4282,0.0
21.7752,-5.4296,0.0
21.8486,-5.4309,0.0
21.9221,-5.4322,0.0
21.9958,-5.4334,0.0
22.0695,-5.4345,0.0
22.1804,-5.4361,0.0
22.2545,-5.4371,0.0
22.3287,-5.4380,0.0
22.4030,-5.4389,0.0
22.4775,-5.4397,0.0
22.5520,-5.4404,0.0
22.6267,-5.4411,0.0
22.7016,-5.4416,0.0
22.8139,-5.4424,0.0
22.8890,-5.4427,0.0
22.9641,-5.4430,0.0
23.0393,-5.4432,0.0
23.1146,-5.4433,0.0
23.1900,-5.4434,0.0
23.2655,-5.4433,0.0
23.3790,-5.4431,0.0
23.4548,-5.4429,0.0
23.5307,-5.4426,0.0
23.6067,-5.4422,0.0
23.6829,-5.4417,0.0
23.7591,-5.4412,0.0
23.8737,-5.4403,0.0
23.9119,-5.4399,0.0
24.0269,-5.4388,0.0
24.1036,-5.4379,0.0
24.1805,-5.4369,0.0
24.2575,-5.4359,0.0
24.3346,-5.4349,0.0
24.4119,-5.4337,0.0
24.5279,-5.4318,0.0
24.6055,-5.4305,0.0
24.6831,-5.4290,0.0
24.7609,-5.4275,0.0
24.8388,-5.4260,0.0
24.9168,-5.4243,0.0
24.9949,-5.4226,0.0
25.0731,-5.4208,0.0
25.1515,-5.4189,0.0
25.2693,-5.4160,0.0
25.3479,-5.4140,0.0
25.4267,-5.4120,0.0
25.5056,-5.4098,0.0
25.5847,-5.4077,0.0
25.6638,-5.4054,0.0
25.7431,-5.4031,0.0
25.8623,-5.3995,0.0
25.9420,-5.3970,0.0
26.0217,-5.3944,0.0
26.1016,-5.3918,0.0
26.1816,-5.3890,0.0
26.2617,-5.3862,0.0
26.3420,-5.3834,0.0
26.4626,-5.3789,0.0
26.5432,-5.3759,0.0
26.6238,-5.3728,0.0
26.7046,-5.3696,0.0
26.7856,-5.3663,0.0
26.8666,-5.3629,0.0
26.9477,-5.3593,0.0
27.0290,-5.3557,0.0
27.1510,-5.3500,0.0
27.2325,-5.3461,0.0
27.3141,-5.3422,0.0
27.3958,-5.3381,0.0
27.4776,-5.3340,0.0
27.5596,-5.3297,0.0
27.6417,-5.3254,0.0
27.7238,-5.3210,0.0
27.8474,-5.3142,0.0
27.9300,-5.3096,0.0
28.0127,-5.3049,0.0
28.0955,-5.3001,0.0
28.1785,-5.2951,0.0
28.2617,-5.2901,0.0
28.3450,-5.2850,0.0
28.4701,-5.2772,0.0
28.5537,-5.2719,0.0
28.6375,-5.2666,0.0
28.7213,-5.2611,0.0
28.8887,-5.7904,0.0
28.9734,-5.7867,0.0
29.1005,-5.7809,0.0
29.1430,-5.7789,0.0
29.2706,-5.7729,0.0
29.3558,-5.7688,0.0
29.4411,-5.7647,0.0
29.5266,-5.7604,0.0
29.6122,-5.7561,0.0
29.6979,-5.7517,0.0
29.7837,-5.7472,0.0
29.9128,-5.7403,0.0
29.9989,-5.7357,0.0
30.0852,-5.7309,0.0
30.1716,-5.7260,0.0
30.2581,-5.7211,0.0
30.3447,-5.7161,0.0
30.4314,-5.7111,0.0
30.5618,-5.7033,0.0
30.6488,-5.6981,0.0
30.7360,-5.6928,0.0
30.8232,-5.6874,0.0
30.9106,-5.6819,0.0
30.9981,-5.6764,0.0
31.0857,-5.6707,0.0
31.1734,-5.6650,0.0
31.3052,-5.6563,0.0
31.3933,-5.6504,0.0
31.4814,-5.6444,0.0
31.5696,-5.6383,0.0
31.6580,-5.6322,0.0
31.7465,-5.6259,0.0
31.8351,-5.6196,0.0
31.9682,-5.6099,0.0
32.0570,-5.6034,0.0
32.1459,-5.5968,0.0
32.2349,-5.5902,0.0
32.3240,-5.5835,0.0
32.4132,-5.5767,0.0
32.5025,-5.5698,0.0
32.5919,-5.5628,0.0
32.7263,-5.5522,0.0
32.8159,-5.5451,0.0
32.9057,-5.5378,0.0
32.9956,-5.5305,0.0
33.0856,-5.5231,0.0
33.1758,-5.5156,0.0
33.2660,-5.5080,0.0
33.4015,-5.4965,0.0
33.4920,-5.4887,0.0
33.5826,-5.4808,0.0
33.7358,-6.4009,0.0
33.8272,-6.3959,0.0
33.9187,-6.3908,0.0
34.0103,-6.3856,0.0
34.1020,-6.3804,0.0
34.2398,-6.3723,0.0
34.3318,-6.3669,0.0
34.4239,-6.3613,0.0
34.5161,-6.3557,0.0
34.6084,-6.3500,0.0
34.7008,-6.3442,0.0
34.7934,-6.3383,0.0
34.9324,-6.3293,0.0
35.0253,-6.3232,0.0
35.1182,-6.3170,0.0
35.2113,-6.3108,0.0
35.3045,-6.3044,0.0
35.3978,-6.2980,0.0
35.4912,-6.2915,0.0
35.5847,-6.2849,0.0
35.7251,-6.2748,0.0
35.8189,-6.2680,0.0
35.9128,-6.2611,0.0
36.0068,-6.2541,0.0
36.1010,-6.2470,0.0
36.1952,-6.2399,0.0
36.2896,-6.2326,0.0
36.4313,-6.2216,0.0
36.5259,-6.2142,0.0
36.6207,-6.2066,0.0
36.7155,-6.1990,0.0
36.8105,-6.1913,0.0
36.9055,-6.1834,0.0
37.0007,-6.1756,0.0
37.0961,-6.1676,0.0
37.2393,-6.1554,0.0
37.3349,-6.1472,0.0
37.4306,-6.1389,0.0
37.5264,-6.1306,0.0
37.6224,-6.1221,0.0
37.7184,-6.1136,0.0
37.8146,-6.1049,0.0
37.9591,-6.0918,0.0
38.0556,-6.0829,0.0
38.1521,-6.0740,0.0
38.2488,-6.0649,0.0
38.3456,-6.0558,0.0
38.4425,-6.0466,0.0
38.5395,-6.0373,0.0
38.6853,-6.0231,0.0
38.7825,-6.0136,0.0
38.8799,-6.0040,0.0
38.9774,-5.9943,0.0
39.0751,-5.9844,0.0
39.1728,-5.9746,0.0
39.2706,-5.9646,0.0
39.3685,-5.9545,0.0
39.5157,-5.9392,0.0
39.6139,-5.9289,0.0
39.7122,-5.9185,0.0
39.8106,-5.9080,0.0
39.9091,-5.8974,0.0
40.0078,-5.8867,0.0
40.1065,-5.8759,0.0
40.2548,-5.8596,0.0
40.3539,-5.8486,0.0
40.4530,-5.8375,0.0
40.5522,-5.8263,0.0
40.6515,-5.8151,0.0
40.7510,-5.8037,0.0
40.8505,-5.7922,0.0
40.9502,-5.7806,0.0
41.0999,-5.7631,0.0
41.1998,-5.7513,0.0
41.2998,-5.7394,0.0
41.4000,-5.7275,0.0
41.5002,-5.7154,0.0
41.6006,-5.7032,0.0
41.7010,-5.6909,0.0
41.8519,-5.6723,0.0
41.9526,-5.6598,0.0
42.0534,-5.6472,0.0
42.1544,-5.6345,0.0
42.2554,-5.6217,0.0
42.3565,-5.6089,0.0
42.4578,-5.5959,0.0
42.5591,-5.5828,0.0
42.7113,-5.5630,0.0
42.8130,-5.5496,0.0
42.9147,-5.5362,0.0
43.0166,-5.5226,0.0
43.1185,-5.5089,0.0
43.2206,-5.4951,0.0
43.3228,-5.4812,0.0
43.4763,-5.4602,0.0
43.5788,-5.4460,0.0
43.6813,-5.4317,0.0
43.7840,-5.4173,0.0
43.8868,-5.4029,0.0
43.9897,-5.3883,0.0
44.0927,-5.3736,0.0
44.1958,-5.3588,0.0
44.3507,-5.3364,0.0
44.4541,-5.3213,0.0
44.5576,-5.3062,0.0
44.6612,-5.2909,0.0
44.7649,-5.2755,0.0
44.8687,-5.2601,0.0
44.9726,-5.2445,0.0
45.1287,-5.2210,0.0
45.2328,-5.2051,0.0
45.3371,-5.1892,0.0
45.4415,-5.1732,0.0
45.5460,-5.1570,0.0
45.6506,-5.1408,0.0
45.7553,-5.1244,0.0
45.8600,-5.1080,0.0
46.0174,-5.0831,0.0
46.1225,-5.0664,0.0
46.2276,-5.0496,0.0
46.3329,-5.0327,0.0
46.4383,-5.0157,0.0
46.5437,-4.9986,0.0
46.6493,-4.9813,0.0
46.8078,-4.9553,0.0
46.9137,-4.9378,0.0
47.0196,-4.9202,0.0
47.1256,-4.9025,0.0
47.2317,-4.8847,0.0
47.3380,-4.8668,0.0
47.4443,-4.8488,0.0
47.5507,-4.8307,0.0
47.7106,-4.8034,0.0
47.8172,-4.7850,0.0
47.9239,-4.7666,0.0
48.0308,-4.7481,0.0
48.1377,-4.7295,0.0
48.2447,-4.7108,0.0
48.3517,-4.6920,0.0
48.5125,-4.6637,0.0
48.6198,-4.6447,0.0
48.7272,-4.6255,0.0
48.8347,-4.6063,0.0
48.9423,-4.5870,0.0
49.0500,-4.5676,0.0
49.1578,-4.5481,0.0
49.3197,-4.5186,0.0
49.4277,-4.4988,0.0
49.5358,-4.4789,0.0
49.6440,-4.4589,0.0
49.7523,-4.4388,0.0
49.8607,-4.4186,0.0
49.9692,-4.3983,0.0
50.0778,-4.3779,0.0
50.2408,-4.3471,0.0
50.3496,-4.3264,0.0
50.4584,-4.3056,0.0
50.5673,-4.2847,0.0
50.6763,-4.2637,0.0
50.7853,-4.2425,0.0
50.8944,-4.2213,0.0
51.0583,-4.1893,0.0
51.1676,-4.1678,0.0
51.2770,-4.1462,0.0
51.3865,-4.1245,0.0
51.4961,-4.1026,0.0
51.6058,-4.0807,0.0
51.7156,-4.0587,0.0
51.8255,-4.0365,0.0
51.9905,-4.0031,0.0
52.1006,-3.9807,0.0
52.2108,-3.9582,0.0
52.3211,-3.9356,0.0
52.4314,-3.9128,0.0
52.5418,-3.8900,0.0
52.6523,-3.8671,0.0
52.8182,-3.8325,0.0
52.9289,-3.8093,0.0
53.0397,-3.7860,0.0
53.1506,-3.7626,0.0
53.2616,-3.7391,0.0
53.3727,-3.7154,0.0
53.5395,-3.6798,0.0
53.5951,-3.6679,0.0
53.7622,-3.6320,0.0
53.8737,-3.6079,0.0
53.9852,-3.5837,0.0
54.0969,-3.5594,0.0
54.2087,-3.5350,0.0
54.3205,-3.5105,0.0
54.4325,-3.4859,0.0
54.6006,-3.4487,0.0
54.7127,-3.4238,0.0
54.8250,-3.3988,0.0
54.9374,-3.3737,0.0
55.0498,-3.3485,0.0
55.1624,-3.3231,0.0
55.2750,-3.2976,0.0
55.3877,-3.2721,0.0
55.5570,-3.2335,0.0
55.6700,-3.2076,0.0
55.7830,-3.1816,0.0
55.8962,-3.1555,0.0
56.0095,-3.1293,0.0
56.1229,-3.1030,0.0
56.2365,-3.0765,0.0
56.4069,-3.0365,0.0
56.5207,-3.0097,0.0
56.6346,-2.9827,0.0
56.7486,-2.9557,0.0
56.8626,-2.9285,0.0
56.9768,-2.9012,0.0
57.0910,-2.8737,0.0
57.2054,-2.8462,0.0
57.3771,-2.8047,0.0
57.4917,-2.7769,0.0
57.6064,-2.7490,0.0
57.7211,-2.7210,0.0
57.8360,-2.6928,0.0
57.9509,-2.6646,0.0
58.0659,-2.6362,0.0
58.2386,-2.5934,0.0
58.3539,-2.5647,0.0
58.4692,-2.5359,0.0
58.5846,-2.5070,0.0
58.7001,-2.4779,0.0
58.8157,-2.4488,0.0
58.9892,-2.4047,0.0
59.1050,-2.3752,0.0
59.2209,-2.3456,0.0
59.3368,-2.3159,0.0
59.4528,-2.2860,0.0
59.5689,-2.2560,0.0
59.6851,-2.2258,0.0
59.8014,-2.1956,0.0
59.9178,-2.1652,0.0
60.0925,-2.1194,0.0
60.2091,-2.0888,0.0
60.3259,-2.0580,0.0
60.4427,-2.0271,0.0
60.5597,-1.9961,0.0
60.6767,-1.9649,0.0
60.7938,-1.9337,0.0
60.9697,-1.8866,0.0
61.0870,-1.8550,0.0
61.2044,-1.8234,0.0
61.3220,-1.7916,0.0
61.4396,-1.7598,0.0
61.5573,-1.7278,0.0
61.7339,-1.6795,0.0
61.7928,-1.6634,0.0
61.9697,-1.6147,0.0
62.0877,-1.5821,0.0
62.2058,-1.5494,0.0
62.3239,-1.5165,0.0
62.4421,-1.4835,0.0
62.5604,-1.4504,0.0
62.6788,-1.4172,0.0
62.8565,-1.3671,0.0
62.9751,-1.3336,0.0
63.0938,-1.2999,0.0
63.2125,-1.2662,0.0
63.3313,-1.2323,0.0
63.4502,-1.1982,0.0
63.5692,-1.1641,0.0
63.6882,-1.1298,0.0
63.8668,-1.0781,0.0
63.9859,-1.0435,0.0
64.1051,-1.0087,0.0
64.2244,-0.9739,0.0
64.3437,-0.9388,0.0
64.4631,-0.9037,0.0
64.5826,-0.8684,0.0
64.7621,-0.8153,0.0
64.8818,-0.7797,0.0
65.0017,-0.7440,0.0
65.1217,-0.7081,0.0
65.2417,-0.6722,0.0
65.3619,-0.6361,0.0
65.4821,-0.5999,0.0
65.6025,-0.5635,0.0
65.7831,-0.5088,0.0
65.9037,-0.4722,0.0
66.0243,-0.4354,0.0
66.1450,-0.3985,0.0
66.2658,-0.3615,0.0
66.3868,-0.3244,0.0
66.5684,-0.2686,0.0
66.6895,-0.2312,0.0
66.8108,-0.1938,0.0
66.9322,-0.1562,0.0
67.0537,-0.1185,0.0
67.1752,-0.0807,0.0
67.2969,-0.0428,0.0
67.4186,-0.0048,0.0
67.5404,0.0334,0.0
67.7232,0.0908,0.0
67.8452,0.1292,0.0
67.9673,0.1678,0.0
68.0894,0.2065,0.0
68.2116,0.2453,0.0
68.3339,0.2842,0.0
68.4563,0.3232,0.0
68.6400,0.3820,0.0
68.7625,0.4214,0.0
68.8851,0.4609,0.0
69.0078,0.5004,0.0
69.1306,0.5402,0.0
69.2534,0.5800,0.0
69.4377,0.6400,0.0
69.4992,0.6601,0.0
69.6837,0.7205,0.0
69.8067,0.7610,0.0
69.9298,0.8017,0.0
70.0529,0.8424,0.0
70.1761,0.8833,0.0
70.2994,0.9244,0.0
70.4227,0.9655,0.0
70.6078,1.0274,0.0
70.7313,1.0689,0.0
70.8549,1.1104,0.0
70.9785,1.1520,0.0
71.1022,1.1938,0.0
71.2260,1.2357,0.0
71.3499,1.2777,0.0
71.5358,1.3409,0.0
71.6598,1.3832,0.0
71.7839,1.4256,0.0
71.9081,1.4681,0.0
72.0324,1.5108,0.0
72.1567,1.5536,0.0
72.2811,1.5965,0.0
72.4055,1.6395,0.0
72.5923,1.7043,0.0
72.7169,1.7476,0.0
72.8416,1.7911,0.0
72.9664,1.8346,0.0
73.0912,1.8783,0.0
73.2160,1.9222,0.0
73.3410,1.9661,0.0
73.5285,2.0323,0.0
73.6536,2.0766,0.0
73.7788,2.1210,0.0
73.9040,2.1655,0.0
74.0293,2.2101,0.0
74.1547,2.2549,0.0
74.2801,2.2998,0.0
74.4056,2.3448,0.0
74.5940,2.4126,0.0
74.7196,2.4579,0.0
74.8453,2.5034,0.0
74.9711,2.5490,0.0
75.0970,2.5948,0.0
75.2229,2.6407,0.0
75.3489,2.6867,0.0
75.5380,2.7559,0.0
75.6642,2.8022,0.0
75.7904,2.8487,0.0
75.9166,2.8953,0.0
76.0429,2.9420,0.0
76.1691,2.9888,0.0
76.2954,3.0357,0.0
76.4850,3.1062,0.0
76.6114,3.1535,0.0
76.7378,3.2008,0.0
76.8643,3.2482,0.0
76.9909,3.2958,0.0
77.1175,3.3435,0.0
77.2441,3.3913,0.0
77.3709,3.4393,0.0
77.5610,3.5114,0.0
77.6879,3.5597,0.0
77.8148,3.6081,0.0
77.9418,3.6566,0.0
78.0688,3.7053,0.0
78.1959,3.7541,0.0
78.3230,3.8030,0.0
78.5138,3.8766,0.0
78.6411,3.9258,0.0
78.9619,3.0898,0.0
79.0901,3.1374,0.0
79.2184,3.1852,0.0
79.3467,3.2331,0.0
79.4751,3.2812,0.0
79.6036,3.3293,0.0
79.7964,3.4018,0.0
79.9250,3.4503,0.0
80.0537,3.4989,0.0
80.1824,3.5476,0.0
80.3112,3.5965,0.0
80.4400,3.6455,0.0
80.5690,3.6947,0.0
80.6979,3.7439,0.0
80.8915,3.8181,0.0
81.1815,2.6688,0.0
81.3115,2.7160,0.0
81.4417,2.7634,0.0
81.5718,2.8108,0.0
81.7020,2.8584,0.0
81.8323,2.9061,0.0
82.0279,2.9780,0.0
82.1583,3.0260,0.0
82.2888,3.0742,0.0
82.4193,3.1224,0.0
82.5499,3.1709,0.0
82.6806,3.2194,0.0
82.8113,3.2681,0.0
83.0075,3.3413,0.0
83.1384,3.3903,0.0
83.2693,3.4395,0.0
83.4003,3.4887,0.0
83.5313,3.5381,0.0
83.6624,3.5876,0.0
83.7936,3.6372,0.0
83.9248,3.6870,0.0
84.1217,3.7619,0.0
84.2530,3.8119,0.0
84.3844,3.8622,0.0
84.5158,3.9126,0.0
84.6473,3.9631,0.0
84.7787,4.0137,0.0
84.9103,4.0645,0.0
85.1076,4.1408,0.0
85.2393,4.1919,0.0
85.3710,4.2430,0.0
85.5027,4.2943,0.0
85.6345,4.3457,0.0
85.7664,4.3972,0.0
85.8983,4.4489,0.0
86.0303,4.5006,0.0
86.2283,4.5785,0.0
86.3604,4.6306,0.0
86.4926,4.6828,0.0
86.6248,4.7351,0.0
86.7571,4.7876,0.0
86.8894,4.8402,0.0
87.0217,4.8929,0.0
87.2204,4.9722,0.0
87.3529,5.0252,0.0
87.4854,5.0784,0.0
87.6180,5.1317,0.0
87.7507,5.1851,0.0
87.8834,5.2387,0.0
88.0162,5.2924,0.0
88.1490,5.3462,0.0
88.3483,5.4272,0.0
88.4812,5.4813,0.0
88.6142,5.5356,0.0
88.7473,5.5900,0.0
88.8804,5.6445,0.0
89.0135,5.6992,0.0
89.1467,5.7540,0.0
89.3466,5.8364,0.0
89.4799,5.8916,0.0
89.7568,4.9626,0.0
89.8909,5.0160,0.0
90.0251,5.0696,0.0
90.1594,5.1233,0.0
90.3608,5.2041,0.0
90.4280,5.2311,0.0
90.6297,5.3123,0.0
90.7642,5.3666,0.0
90.8987,5.4210,0.0
91.0333,5.4756,0.0
91.1680,5.5303,0.0
91.3027,5.5851,0.0
91.4375,5.6401,0.0
91.6397,5.7228,0.0
91.7745,5.7781,0.0
91.9094,5.8335,0.0
92.0443,5.8890,0.0
92.1793,5.9446,0.0
92.3143,6.0004,0.0
92.4493,6.0563,0.0
92.5844,6.1124,0.0
92.7871,6.1967,0.0
92.9223,6.2530,0.0
93.0576,6.3095,0.0
93.1929,6.3661,0.0
93.3282,6.4229,0.0
93.4636,6.4798,0.0
93.6668,6.5653,0.0
93.8023,6.6225,0.0
93.9379,6.6798,0.0
94.0735,6.7373,0.0
94.2092,6.7949,0.0
94.3450,6.8526,0.0
94.4807,6.9104,0.0
94.6166,6.9683,0.0
94.8204,7.0555,0.0
94.9563,7.1138,0.0
95.0923,7.1723,0.0
95.2283,7.2308,0.0
95.3643,7.2895,0.0
95.5004,7.3484,0.0
95.6365,7.4073,0.0
95.7727,7.4664,0.0
95.9770,7.5553,0.0
96.1133,7.6148,0.0
96.2496,7.6743,0.0
96.3859,7.7340,0.0
96.5223,7.7939,0.0
96.6587,7.8538,0.0
96.7952,7.9139,0.0
97.0000,8.0043,0.0
97.1366,8.0648,0.0
97.2733,8.1253,0.0
97.4101,8.1860,0.0
97.5469,8.2469,0.0
97.6838,8.3079,0.0
97.8207,8.3690,0.0
97.9577,8.4302,0.0
98.1632,8.5224,0.0
98.3003,8.5839,0.0
98.4374,8.6457,0.0
98.5745,8.7075,0.0
98.7117,8.7695,0.0
98.8490,8.8316,0.0
98.9863,8.8938,0.0
99.1923,8.9874,0.0
99.3298,9.0500,0.0
99.4673,9.1127,0.0
99.6048,9.1756,0.0
99.7425,9.2387,0.0
99.8801,9.3018,0.0
100.0178,9.3651,0.0
100.1555,9.4286,0.0
100.3622,9.5240,0.0
100.5001,9.5878,0.0
104.6112,-13.1067,0.0
104.7665,-13.0839,0.0
104.9219,-13.0610,0.0
105.0773,-13.0380,0.0
105.2328,-13.0149,0.0
105.4662,-12.9800,0.0
105.6219,-12.9567,0.0
105.7777,-12.9332,0.0
105.9336,-12.9097,0.0
106.0895,-12.8861,0.0
106.2454,-12.8624,0.0
106.4014,-12.8386,0.0
106.5575,-12.8148,0.0
106.7916,-12.7788,0.0
106.9478,-12.7548,0.0
104.8463,-12.9444,0.0
104.9984,-12.9217,0.0
105.1506,-12.8988,0.0
105.3028,-12.8759,0.0
105.4551,-12.8529,0.0
105.6837,-12.8182,0.0
105.8361,-12.7949,0.0
105.9887,-12.7716,0.0
106.1413,-12.7481,0.0
106.2940,-12.7246,0.0
106.4467,-12.7010,0.0
106.5995,-12.6773,0.0
106.7524,-12.6535,0.0
103.1232,-13.2914,0.0
103.2694,-13.2704,0.0
103.4156,-13.2494,0.0
103.5619,-13.2282,0.0
103.7083,-13.2070,0.0
102.3934,-13.6258,0.0
102.5374,-13.6059,0.0
102.7536,-13.5760,0.0
102.8977,-13.5560,0.0
103.0419,-13.5359,0.0
103.3701,-13.3254,0.0
103.5147,-13.3046,0.0
103.6594,-13.2837,0.0
103.8041,-13.2628,0.0
103.9489,-13.2418,0.0
104.3891,-12.9511,0.0
104.5342,-12.9292,0.0
104.6794,-12.9072,0.0
104.8246,-12.8852,0.0
104.9699,-12.8631,0.0
105.3594,-12.5323,0.0
105.5051,-12.5091,0.0
105.7237,-12.4741,0.0
105.8696,-12.4507,0.0
106.0119,-12.4280,0.0
106.1578,-12.4045,0.0
106.3038,-12.3808,0.0
106.4498,-12.3571,0.0
106.5959,-12.3332,0.0
106.8152,-12.2973,0.0
106.9614,-12.2733,0.0
107.1077,-12.2492,0.0
107.2541,-12.2249,0.0
107.4005,-12.2006,0.0
107.5425,-12.1790,0.0
107.6890,-12.1544,0.0
107.8356,-12.1298,0.0
108.0556,-12.0927,0.0
108.2023,-12.0678,0.0
108.3491,-12.0429,0.0
108.4960,-12.0179,0.0
108.6429,-11.9928,0.0
108.7898,-11.9676,0.0
108.9368,-11.9423,0.0
109.1575,-11.9042,0.0
109.3046,-11.8787,0.0
109.4518,-11.8531,0.0
109.5991,-11.8275,0.0
109.7464,-11.8017,0.0
109.8937,-11.7758,0.0
110.0412,-11.7499,0.0
110.1886,-11.7239,0.0
110.4100,-11.6847,0.0
110.5576,-11.6584,0.0
110.7052,-11.6321,0.0
110.8530,-11.6057,0.0
111.0008,-11.5791,0.0
111.1486,-11.5525,0.0
111.2966,-11.5258,0.0
111.5185,-11.4855,0.0
111.6666,-11.4584,0.0
111.8383,-11.4264,0.0
111.9865,-11.3991,0.0
112.1347,-11.3717,0.0
112.2829,-11.3442,0.0
112.4312,-11.3167,0.0
112.5796,-11.2890,0.0
112.8022,-11.2473,0.0
112.9507,-11.2194,0.0
113.0993,-11.1915,0.0
113.2479,-11.1634,0.0
113.3966,-11.1352,0.0
113.5454,-11.1069,0.0
113.6942,-11.0784,0.0
113.9176,-11.0357,0.0
114.0666,-11.0070,0.0
114.2157,-10.9783,0.0
114.3648,-10.9495,0.0
114.5139,-10.9206,0.0
114.6631,-10.8917,0.0
114.8272,-10.8705,0.0
114.9018,-10.8560,0.0
115.1256,-10.8122,0.0
115.2748,-10.7829,0.0
115.4241,-10.7536,0.0
115.3112,-10.8079,0.0
115.4602,-10.7785,0.0
115.6091,-10.7491,0.0
115.8327,-10.7048,0.0
115.9290,-10.6822,0.0
116.0780,-10.6524,0.0
116.2271,-10.6226,0.0
116.3762,-10.5927,0.0
116.5254,-10.5627,0.0
116.6747,-10.5326,0.0
116.7297,-10.5195,0.0
116.8788,-10.4893,0.0
117.1027,-10.4438,0.0
117.2520,-10.4133,0.0
117.2982,-10.4000,0.0
117.4474,-10.3694,0.0
117.5966,-10.3386,0.0
117.7459,-10.3077,0.0
117.8952,-10.2767,0.0
118.0029,-10.2449,0.0
118.1520,-10.2135,0.0
118.3012,-10.1821,0.0
118.4504,-10.1506,0.0
118.5996,-10.1190,0.0
118.2221,-10.2200,0.0
118.3705,-10.1882,0.0
118.5931,-10.1404,0.0
118.7416,-10.1084,0.0
118.0197,-10.4308,0.0
118.1668,-10.3978,0.0
118.3138,-10.3648,0.0
118.4609,-10.3316,0.0
118.6081,-10.2984,0.0
118.6804,-10.2286,0.0
118.9010,-10.1783,0.0
119.0481,-10.1446,0.0
119.1952,-10.1108,0.0
119.3423,-10.0770,0.0
119.4052,-10.0058,0.0
119.5522,-9.9716,0.0
119.6992,-9.9374,0.0
119.9198,-9.8858,0.0
119.9772,-9.8146,0.0
120.1241,-9.7799,0.0
120.2710,-9.7451,0.0
120.4179,-9.7103,0.0
120.5649,-9.6753,0.0
120.6136,-9.6165,0.0
120.7604,-9.5813,0.0
120.9806,-9.5283,0.0
121.1274,-9.4928,0.0
121.2742,-9.4573,0.0
121.3179,-9.3978,0.0
121.4644,-9.3620,0.0
121.6109,-9.3261,0.0
121.7575,-9.2901,0.0
121.8485,-9.2412,0.0
121.9948,-9.2049,0.0
122.1411,-9.1685,0.0
122.2875,-9.1320,0.0
122.4339,-9.0955,0.0
122.4906,-9.0635,0.0
122.6369,-9.0265,0.0
122.7832,-8.9895,0.0
123.0028,-8.9337,0.0
123.0099,-8.9220,0.0
123.1560,-8.8846,0.0
123.3021,-8.8471,0.0
123.4483,-8.8095,0.0
123.5945,-8.7718,0.0
123.6040,-8.7573,0.0
123.8229,-8.7003,0.0
123.9688,-8.6623,0.0
124.1148,-8.6242,0.0
124.2608,-8.5861,0.0
124.2766,-8.5772,0.0
124.4222,-8.5390,0.0
124.5679,-8.5006,0.0
124.7136,-8.4622,0.0
124.7758,-8.4973,0.0
124.9212,-8.4587,0.0
125.0666,-8.4199,0.0
125.2120,-8.3811,0.0
125.3574,-8.3422,0.0
125.3638,-8.3557,0.0
125.5089,-8.3166,0.0
125.7267,-8.2577,0.0
125.8719,-8.2183,0.0
126.0171,-8.1788,0.0
126.0197,-8.2085,0.0
126.1645,-8.1687,0.0
126.3093,-8.1288,0.0
126.5266,-8.0688,0.0
126.5990,-8.0488,0.0
126.6749,-8.0695,0.0
126.8194,-8.0292,0.0
126.9639,-7.9887,0.0
127.1085,-7.9482,0.0
127.1146,-8.0040,0.0
127.2587,-7.9633,0.0
127.4029,-7.9224,0.0
127.6192,-7.8610,0.0
127.7634,-7.8199,0.0
127.7639,-7.9111,0.0
127.9077,-7.8698,0.0
128.0516,-7.8284,0.0
128.1955,-7.7870,0.0
128.4114,-7.7246,0.0
128.3475,-7.8197,0.0
128.5628,-7.7571,0.0
128.7064,-7.7153,0.0
128.8500,-7.6733,0.0
128.9936,-7.6313,0.0
129.0028,-7.7188,0.0
129.1460,-7.6766,0.0
129.2892,-7.6343,0.0
129.5040,-7.5707,0.0
129.5162,-7.6679,0.0
129.6591,-7.6253,0.0
129.8019,-7.5826,0.0
129.9448,-7.5399,0.0
130.0877,-7.4970,0.0
130.1025,-7.5979,0.0
130.3163,-7.5334,0.0
130.4589,-7.4902,0.0
130.6014,-7.4470,0.0
130.6165,-7.5621,0.0
130.7587,-7.5187,0.0
130.9009,-7.4753,0.0
131.0432,-7.4317,0.0
131.1854,-7.3881,0.0
131.2699,-7.5040,0.0
131.4118,-7.4601,0.0
131.5537,-7.4162,0.0
131.6955,-7.3722,0.0
131.8374,-7.3281,0.0
131.8453,-7.4874,0.0
131.9868,-7.4432,0.0
132.1991,-7.3769,0.0
132.3406,-7.3326,0.0
132.4822,-7.2882,0.0
132.6238,-7.2437,0.0
132.7655,-7.1992,0.0
132.9071,-7.1545,0.0
133.0487,-7.1098,0.0
133.1904,-7.0651,0.0
133.4029,-6.9977,0.0
133.5446,-6.9528,0.0
133.6862,-6.9077,0.0
133.8279,-6.8625,0.0
133.9696,-6.8173,0.0
134.1113,-6.7720,0.0
134.2529,-6.7266,0.0
134.4655,-6.6584,0.0
134.6071,-6.6127,0.0
134.7488,-6.5671,0.0
134.8905,-6.5213,0.0
135.0322,-6.4754,0.0
135.1738,-6.4295,0.0
135.3155,-6.3834,0.0
135.4571,-6.3373,0.0
135.6696,-6.2678,0.0
135.8112,-6.2213,0.0
135.9528,-6.1747,0.0
136.0945,-6.1280,0.0
136.2361,-6.0812,0.0
136.3777,-6.0343,0.0
136.5193,-5.9873,0.0
136.5525,-6.5895,0.0
136.6945,-6.5421,0.0
136.8364,-6.4947,0.0
136.9783,-6.4471,0.0
137.1201,-6.3994,0.0
137.2619,-6.3517,0.0
137.4036,-6.3038,0.0
137.5453,-6.2558,0.0
137.7579,-6.1837,0.0
137.8995,-6.1354,0.0
138.0412,-6.0871,0.0
138.1828,-6.0386,0.0
138.3244,-5.9901,0.0
138.4660,-5.9415,0.0
138.6076,-5.8927,0.0
138.7907,-5.8792,0.0
138.9324,-5.8303,0.0
139.0740,-5.7814,0.0
139.2156,-5.7323,0.0
139.3573,-5.6832,0.0
139.4900,-5.6535,0.0
139.6318,-5.6042,0.0
139.7735,-5.5548,0.0
139.9864,-5.4809,0.0
140.1157,-5.4648,0.0
140.2578,-5.4154,0.0
140.3998,-5.3660,0.0
140.5419,-5.3164,0.0
140.6839,-5.2668,0.0
140.8101,-5.2614,0.0
141.0234,-5.1867,0.0
141.1655,-5.1368,0.0
141.3077,-5.0869,0.0
141.4316,-5.0873,0.0
141.5739,-5.0372,0.0
141.7161,-4.9871,0.0
141.8584,-4.9368,0.0
142.0717,-4.8614,0.0
142.1924,-4.8704,0.0
142.3346,-4.8200,0.0
142.4769,-4.7695,0.0
142.6191,-4.7189,0.0
142.7614,-4.6682,0.0
142.8790,-4.6869,0.0
143.0214,-4.6362,0.0
143.2348,-4.5598,0.0
143.3772,-4.5089,0.0
143.5195,-4.4578,0.0
143.6342,-4.4862,0.0
143.7766,-4.4350,0.0
143.9190,-4.3837,0.0
144.0615,-4.3323,0.0
144.2442,-4.3478,0.0
144.3868,-4.2963,0.0
144.5294,-4.2446,0.0
144.6719,-4.1929,0.0
144.8145,-4.1412,0.0
144.9231,-4.1984,0.0
145.0658,-4.1465,0.0
145.2086,-4.0946,0.0
145.4227,-4.0167,0.0
145.5654,-3.9646,0.0
145.7081,-3.9124,0.0
145.8508,-3.8602,0.0
145.9935,-3.8078,0.0
146.1362,-3.7554,0.0
146.2789,-3.7029,0.0
146.4929,-3.6239,0.0
146.6355,-3.5713,0.0
146.7781,-3.5185,0.0
146.9207,-3.4657,0.0
147.0633,-3.4128,0.0
147.2059,-3.3599,0.0
147.3484,-3.3069,0.0
147.4909,-3.2538,0.0
147.7047,-3.1739,0.0
147.8472,-3.1206,0.0
147.9897,-3.0672,0.0
148.1322,-3.0136,0.0
148.2746,-2.9600,0.0
148.4171,-2.9063,0.0
148.5595,-2.8525,0.0
148.7731,-2.7716,0.0
148.9155,-2.7176,0.0
149.0579,-2.6635,0.0
149.2003,-2.6093,0.0
149.3427,-2.5551,0.0
149.4850,-2.5007,0.0
149.6274,-2.4463,0.0
149.7697,-2.3918,0.0
149.9831,-2.3098,0.0
150.1254,-2.2551,0.0
150.2677,-2.2003,0.0
150.4099,-2.1455,0.0
150.5522,-2.0905,0.0
150.6882,-2.0886,0.0
150.8304,-2.0334,0.0
151.0437,-1.9504,0.0
151.1858,-1.8951,0.0
151.3279,-1.8397,0.0
151.4701,-1.7842,0.0
151.6122,-1.7287,0.0
151.7542,-1.6731,0.0
151.8963,-1.6174,0.0
152.0190,-1.7352,0.0
152.2322,-1.6511,0.0
152.3743,-1.5949,0.0
152.5164,-1.5387,0.0
152.6584,-1.4823,0.0
152.8005,-1.4259,0.0
152.9425,-1.3695,0.0
153.0845,-1.3129,0.0
