-0.0054,-0.0024,0.0
-0.0052,-0.0024,0.0
-0.0044,-0.0023,0.0
-0.0036,-0.0023,0.0
-0.0026,-0.0023,0.0
-0.0012,-0.0024,0.0
0.0010,-0.0025,0.0
0.0030,-0.0026,0.0
0.0051,-0.0026,0.0
0.0076,-0.0026,0.0
0.0133,-0.0025,0.0
0.0150,-0.0025,0.0
0.0184,-0.0024,0.0
0.0225,-0.0022,0.0
0.0301,-0.0019,0.0
0.0345,-0.0017,0.0
0.0413,-0.0014,0.0
0.0464,-0.0011,0.0
0.0516,-0.0008,0.0
0.0571,-0.0005,0.0
0.0668,0.0001,0.0
0.0722,0.0005,0.0
0.0785,0.0010,0.0
0.0843,0.0014,0.0
0.0974,0.0024,0.0
0.1039,0.0029,0.0
0.1113,0.0034,0.0
0.1259,0.0045,0.0
0.1320,0.0050,0.0
0.1390,0.0055,0.0
0.1541,0.0067,0.0
0.1622,0.0074,0.0
0.1703,0.0080,0.0
0.1767,0.0086,0.0
0.1903,0.0098,0.0
0.1958,0.0102,0.0
0.2113,0.0116,0.0
0.2177,0.0122,0.0
0.2251,0.0129,0.0
0.2389,0.0143,0.0
0.2453,0.0149,0.0
0.2536,0.0157,0.0
0.2702,0.0174,0.0
0.2785,0.0183,0.0
0.2841,0.0189,0.0
0.2924,0.0198,0.0
0.3081,0.0215,0.0
0.3163,0.0225,0.0
0.3246,0.0236,0.0
0.3374,0.0252,0.0
0.3456,0.0263,0.0
0.3538,0.0274,0.0
0.3620,0.0286,0.0
0.3757,0.0306,0.0
0.3838,0.0318,0.0
0.3920,0.0330,0.0
0.4002,0.0343,0.0
0.4147,0.0366,0.0
0.4210,0.0377,0.0
0.4283,0.0389,0.0
0.4445,0.0416,0.0
0.4518,0.0429,0.0
0.4590,0.0441,0.0
0.4743,0.0469,0.0
0.4825,0.0484,0.0
0.4897,0.0497,0.0
0.4978,0.0512,0.0
0.5113,0.0538,0.0
0.5176,0.0550,0.0
0.5248,0.0565,0.0
0.5338,0.0583,0.0
0.5491,0.0614,0.0
0.5562,0.0629,0.0
0.5643,0.0646,0.0
0.5796,0.0679,0.0
0.5877,0.0696,0.0
0.5959,0.0713,0.0
0.6077,0.0738,0.0
0.6159,0.0755,0.0
0.6241,0.0773,0.0
0.6323,0.0790,0.0
0.6469,0.0821,0.0
0.6543,0.0836,0.0
0.6625,0.0854,0.0
0.6698,0.0870,0.0
0.6854,0.0903,0.0
0.6928,0.0919,0.0
0.7001,0.0935,0.0
0.7157,0.0970,0.0
0.7240,0.0988,0.0
0.7313,0.1005,0.0
0.7387,0.1021,0.0
0.7543,0.1057,0.0
0.7626,0.1076,0.0
0.7699,0.1093,0.0
0.7782,0.1112,0.0
0.7919,0.1145,0.0
0.8001,0.1165,0.0
0.8084,0.1186,0.0
0.8166,0.1207,0.0
0.8303,0.1242,0.0
0.8376,0.1262,0.0
0.8457,0.1284,0.0
0.8538,0.1306,0.0
0.8701,0.1351,0.0
0.8755,0.1366,0.0
0.8890,0.1404,0.0
0.8971,0.1427,0.0
0.9052,0.1451,0.0
0.9124,0.1472,0.0
0.9259,0.1511,0.0
0.9330,0.1532,0.0
0.9410,0.1556,0.0
0.9552,0.1600,0.0
0.9623,0.1621,0.0
0.9755,0.1663,0.0
0.9843,0.1691,0.0
0.9914,0.1713,0.0
0.9975,0.1733,0.0
1.0107,0.1775,0.0
1.0186,0.1801,0.0
1.0265,0.1826,0.0
1.0405,0.1871,0.0
1.0485,0.1896,0.0
1.0537,0.1913,0.0
1.0678,0.1958,0.0
1.0749,0.1980,0.0
1.0828,0.2005,0.0
1.0969,0.2050,0.0
1.1039,0.2072,0.0
1.1119,0.2097,0.0
1.1198,0.2122,0.0
1.1277,0.2148,0.0
1.1409,0.2190,0.0
1.1488,0.2215,0.0
1.1611,0.2255,0.0
1.1690,0.2280,0.0
1.1761,0.2303,0.0
1.1884,0.2343,0.0
1.1964,0.2368,0.0
1.2045,0.2393,0.0
1.2197,0.2441,0.0
1.2269,0.2463,0.0
1.2323,0.2480,0.0
1.2475,0.2528,0.0
1.2556,0.2554,0.0
1.2628,0.2577,0.0
1.2754,0.2617,0.0
1.2825,0.2640,0.0
1.2906,0.2667,0.0
1.3057,0.2717,0.0
1.3128,0.2740,0.0
1.3191,0.2761,0.0
1.3333,0.2809,0.0
1.3403,0.2833,0.0
1.3474,0.2858,0.0
1.3615,0.2908,0.0
1.3659,0.2924,0.0
1.3801,0.2975,0.0
1.3880,0.3003,0.0
1.3960,0.3032,0.0
1.4075,0.3073,0.0
1.4146,0.3099,0.0
1.4226,0.3127,0.0
1.4306,0.3156,0.0
1.4466,0.3214,0.0
1.4520,0.3233,0.0
1.4582,0.3256,0.0
1.4742,0.3315,0.0
1.4822,0.3344,0.0
1.4893,0.3370,0.0
1.5035,0.3423,0.0
1.5115,0.3453,0.0
1.5186,0.3480,0.0
1.5266,0.3510,0.0
1.5399,0.3560,0.0
1.5452,0.3581,0.0
1.5532,0.3611,0.0
1.5682,0.3669,0.0
1.5753,0.3697,0.0
1.5877,0.3745,0.0
1.5956,0.3776,0.0
1.6036,0.3808,0.0
1.6107,0.3836,0.0
1.6257,0.3896,0.0
1.6301,0.3913,0.0
1.6451,0.3974,0.0
1.6530,0.4006,0.0
1.6601,0.4035,0.0
1.6671,0.4064,0.0
1.6802,0.4119,0.0
1.6880,0.4152,0.0
1.6959,0.4186,0.0
1.7036,0.4220,0.0
1.7114,0.4255,0.0
1.7165,0.4278,0.0
1.7302,0.4340,0.0
1.7379,0.4375,0.0
1.7447,0.4407,0.0
1.7507,0.4435,0.0
1.7626,0.4491,0.0
1.7693,0.4523,0.0
1.7769,0.4559,0.0
1.7913,0.4629,0.0
1.7980,0.4661,0.0
1.8031,0.4686,0.0
1.8098,0.4719,0.0
1.8249,0.4794,0.0
1.8324,0.4832,0.0
1.8400,0.4869,0.0
1.8441,0.4890,0.0
1.8584,0.4962,0.0
1.8650,0.4995,0.0
1.8726,0.5033,0.0
1.8793,0.5066,0.0
1.8910,0.5124,0.0
1.8977,0.5158,0.0
1.9052,0.5195,0.0
1.9128,0.5232,0.0
1.9195,0.5266,0.0
1.9313,0.5324,0.0
1.9380,0.5357,0.0
1.9455,0.5394,0.0
1.9531,0.5432,0.0
1.9665,0.5498,0.0
1.9716,0.5523,0.0
1.9792,0.5560,0.0
1.9868,0.5597,0.0
2.0013,0.5668,0.0
2.0090,0.5705,0.0
2.0133,0.5725,0.0
2.0202,0.5758,0.0
2.0288,0.5800,0.0
2.0425,0.5866,0.0
2.0485,0.5895,0.0
2.0552,0.5929,0.0
2.0687,0.5996,0.0
2.0763,0.6034,0.0
2.0830,0.6068,0.0
2.0897,0.6102,0.0
2.1031,0.6172,0.0
2.1106,0.6211,0.0
2.1172,0.6247,0.0
2.1247,0.6287,0.0
2.1321,0.6327,0.0
2.1445,0.6394,0.0
2.1519,0.6435,0.0
2.1593,0.6476,0.0
2.1668,0.6516,0.0
2.1742,0.6556,0.0
2.1858,0.6619,0.0
2.1933,0.6660,0.0
2.2007,0.6700,0.0
2.2081,0.6740,0.0
2.2156,0.6781,0.0
2.2271,0.6844,0.0
2.2329,0.6875,0.0
2.2404,0.6916,0.0
2.2536,0.6988,0.0
2.2602,0.7024,0.0
2.2643,0.7047,0.0
2.2783,0.7124,0.0
2.2857,0.7165,0.0
2.2923,0.7201,0.0
2.2989,0.7238,0.0
2.3054,0.7274,0.0
2.3185,0.7349,0.0
2.3251,0.7386,0.0
2.3308,0.7419,0.0
2.3430,0.7490,0.0
2.3495,0.7528,0.0
2.3568,0.7571,0.0
2.3640,0.7615,0.0
2.3713,0.7658,0.0
2.3842,0.7736,0.0
2.3907,0.7775,0.0
2.3963,0.7810,0.0
2.4036,0.7854,0.0
2.4108,0.7899,0.0
2.4173,0.7939,0.0
2.4317,0.8028,0.0
2.4381,0.8069,0.0
2.4453,0.8114,0.0
2.4525,0.8159,0.0
2.4645,0.8235,0.0
2.4717,0.8281,0.0
2.4773,0.8317,0.0
2.4837,0.8357,0.0
2.4965,0.8439,0.0
2.5022,0.8475,0.0
2.5078,0.8511,0.0
2.5150,0.8557,0.0
2.5223,0.8603,0.0
2.5362,0.8690,0.0
2.5428,0.8730,0.0
2.5535,0.8796,0.0
2.5602,0.8837,0.0
2.5668,0.8878,0.0
2.5743,0.8924,0.0
2.5868,0.9000,0.0
2.5934,0.9041,0.0
2.6001,0.9082,0.0
2.6076,0.9129,0.0
2.6151,0.9175,0.0
2.6285,0.9257,0.0
2.6360,0.9303,0.0
2.6444,0.9355,0.0
2.6510,0.9396,0.0
2.6577,0.9437,0.0
2.6702,0.9515,0.0
2.6768,0.9557,0.0
2.6835,0.9599,0.0
2.6910,0.9646,0.0
2.7034,0.9726,0.0
2.7100,0.9768,0.0
2.7149,0.9800,0.0
2.7279,0.9884,0.0
2.7352,0.9932,0.0
2.7417,0.9974,0.0
2.7521,1.0043,0.0
2.7593,1.0090,0.0
2.7665,1.0138,0.0
2.7728,1.0181,0.0
2.7792,1.0223,0.0
2.7918,1.0310,0.0
2.7981,1.0354,0.0
2.8035,1.0392,0.0
2.8106,1.0442,0.0
2.8176,1.0492,0.0
2.8308,1.0587,0.0
2.8377,1.0637,0.0
2.8447,1.0688,0.0
2.8509,1.0733,0.0
2.8578,1.0785,0.0
2.8693,1.0870,0.0
2.8754,1.0916,0.0
2.8808,1.0957,0.0
2.8885,1.1014,0.0
2.8954,1.1067,0.0
2.9077,1.1159,0.0
2.9147,1.1211,0.0
2.9217,1.1264,0.0
2.9280,1.1310,0.0
2.9350,1.1362,0.0
2.9468,1.1449,0.0
2.9524,1.1490,0.0
2.9579,1.1531,0.0
2.9650,1.1583,0.0
2.9783,1.1683,0.0
2.9846,1.1730,0.0
2.9909,1.1777,0.0
2.9979,1.1830,0.0
3.0050,1.1882,0.0
3.0176,1.1977,0.0
3.0239,1.2023,0.0
3.0287,1.2058,0.0
3.0350,1.2105,0.0
3.0493,1.2210,0.0
3.0557,1.2256,0.0
3.0620,1.2303,0.0
3.0723,1.2379,0.0
3.0793,1.2433,0.0
3.0856,1.2480,0.0
3.0926,1.2534,0.0
3.1042,1.2624,0.0
3.1112,1.2678,0.0
3.1174,1.2726,0.0
3.1236,1.2773,0.0
3.1351,1.2863,0.0
3.1412,1.2911,0.0
3.1465,1.2953,0.0
3.1534,1.3007,0.0
3.1602,1.3061,0.0
3.1730,1.3164,0.0
3.1790,1.3213,0.0
3.1834,1.3250,0.0
3.1946,1.3343,0.0
3.2005,1.3392,0.0
3.2065,1.3442,0.0
3.2177,1.3534,0.0
3.2237,1.3584,0.0
3.2305,1.3639,0.0
3.2372,1.3694,0.0
3.2440,1.3750,0.0
3.2552,1.3843,0.0
3.2612,1.3893,0.0
3.2672,1.3943,0.0
3.2739,1.4000,0.0
3.2806,1.4057,0.0
3.2865,1.4108,0.0
3.2992,1.4216,0.0
3.3058,1.4273,0.0
3.3125,1.4331,0.0
3.3191,1.4389,0.0
3.3294,1.4479,0.0
3.3352,1.4531,0.0
3.3404,1.4576,0.0
3.3469,1.4635,0.0
3.3535,1.4693,0.0
3.3651,1.4798,0.0
3.3702,1.4844,0.0
3.3760,1.4896,0.0
3.3826,1.4954,0.0
3.3943,1.5058,0.0
3.4001,1.5110,0.0
3.4052,1.5155,0.0
3.4118,1.5213,0.0
3.4183,1.5271,0.0
3.4307,1.5381,0.0
3.4365,1.5433,0.0
3.4409,1.5472,0.0
3.4474,1.5530,0.0
3.4605,1.5647,0.0
3.4663,1.5699,0.0
3.4750,1.5777,0.0
3.4815,1.5836,0.0
3.4865,1.5881,0.0
3.4930,1.5940,0.0
3.4995,1.5999,0.0
3.5110,1.6104,0.0
3.5175,1.6164,0.0
3.5225,1.6210,0.0
3.5289,1.6269,0.0
3.5354,1.6329,0.0
3.5468,1.6435,0.0
3.5532,1.6495,0.0
3.5596,1.6555,0.0
3.5653,1.6608,0.0
3.5710,1.6661,0.0
3.5773,1.6720,0.0
3.5871,1.6813,0.0
3.5927,1.6866,0.0
3.5990,1.6926,0.0
3.6046,1.6979,0.0
3.6151,1.7080,0.0
3.6200,1.7127,0.0
3.6256,1.7181,0.0
3.6375,1.7297,0.0
3.6431,1.7352,0.0
3.6522,1.7441,0.0
3.6579,1.7497,0.0
3.6635,1.7552,0.0
3.6698,1.7615,0.0
3.6754,1.7671,0.0
3.6864,1.7785,0.0
3.6912,1.7834,0.0
3.6966,1.7892,0.0
3.7075,1.8007,0.0
3.7129,1.8064,0.0
3.7182,1.8122,0.0
3.7276,1.8224,0.0
3.7336,1.8290,0.0
3.7389,1.8348,0.0
3.7441,1.8407,0.0
3.7540,1.8517,0.0
3.7599,1.8584,0.0
3.7658,1.8651,0.0
3.7717,1.8717,0.0
3.7775,1.8784,0.0
3.7834,1.8851,0.0
3.7925,1.8956,0.0
3.7976,1.9016,0.0
3.8034,1.9083,0.0
3.8079,1.9136,0.0
3.8189,1.9264,0.0
3.8240,1.9324,0.0
3.8291,1.9385,0.0
3.8349,1.9453,0.0
3.8444,1.9567,0.0
3.8495,1.9627,0.0
3.8572,1.9719,0.0
3.8629,1.9787,0.0
3.8680,1.9848,0.0
3.8736,1.9917,0.0
3.8787,1.9978,0.0
3.8882,2.0093,0.0
3.8939,2.0162,0.0
3.8989,2.0223,0.0
3.9033,2.0277,0.0
3.9127,2.0393,0.0
3.9178,2.0454,0.0
3.9234,2.0524,0.0
3.9291,2.0593,0.0
3.9341,2.0654,0.0
3.9442,2.0776,0.0
3.9473,2.0814,0.0
3.9530,2.0882,0.0
3.9638,2.1010,0.0
3.9688,2.1070,0.0
3.9771,2.1167,0.0
3.9803,2.1205,0.0
3.9853,2.1264,0.0
3.9961,2.1391,0.0
4.0018,2.1458,0.0
4.0069,2.1518,0.0
4.0119,2.1577,0.0
4.0170,2.1637,0.0
4.0277,2.1763,0.0
4.0328,2.1823,0.0
4.0372,2.1876,0.0
4.0453,2.1973,0.0
4.0503,2.2034,0.0
4.0559,2.2103,0.0
4.0609,2.2164,0.0
4.0701,2.2279,0.0
4.0751,2.2341,0.0
4.0806,2.2410,0.0
4.0861,2.2480,0.0
4.0960,2.2604,0.0
4.1010,2.2666,0.0
4.1041,2.2705,0.0
4.1141,2.2830,0.0
4.1191,2.2892,0.0
4.1248,2.2963,0.0
4.1336,2.3072,0.0
4.1386,2.3135,0.0
4.1437,2.3198,0.0
4.1493,2.3268,0.0
4.1544,2.3331,0.0
4.1645,2.3457,0.0
4.1676,2.3497,0.0
4.1727,2.3560,0.0
4.1840,2.3702,0.0
4.1885,2.3757,0.0
4.1935,2.3820,0.0
4.1985,2.3883,0.0
4.2042,2.3954,0.0
4.2098,2.4026,0.0
4.2205,2.4160,0.0
4.2255,2.4224,0.0
4.2299,2.4280,0.0
4.2405,2.4415,0.0
4.2455,2.4479,0.0
4.2505,2.4542,0.0
4.2555,2.4605,0.0
4.2605,2.4668,0.0
4.2718,2.4809,0.0
4.2768,2.4871,0.0
4.2819,2.4933,0.0
4.2869,2.4995,0.0
4.2969,2.5119,0.0
4.3024,2.5189,0.0
4.3074,2.5251,0.0
4.3123,2.5313,0.0
4.3172,2.5376,0.0
4.3277,2.5508,0.0
4.3326,2.5571,0.0
4.3375,2.5633,0.0
4.3425,2.5695,0.0
4.3517,2.5813,0.0
4.3566,2.5875,0.0
4.3616,2.5938,0.0
4.3671,2.6009,0.0
4.3769,2.6135,0.0
4.3818,2.6199,0.0
4.3867,2.6263,0.0
4.3916,2.6327,0.0
4.4013,2.6457,0.0
4.4062,2.6521,0.0
4.4110,2.6586,0.0
4.4153,2.6644,0.0
4.4255,2.6783,0.0
4.4304,2.6848,0.0
4.4346,2.6906,0.0
4.4394,2.6972,0.0
4.4448,2.7046,0.0
4.4550,2.7187,0.0
4.4604,2.7261,0.0
4.4652,2.7328,0.0
4.4699,2.7394,0.0
4.4741,2.7452,0.0
4.4848,2.7602,0.0
4.4896,2.7669,0.0
4.4938,2.7728,0.0
4.5021,2.7845,0.0
4.5069,2.7912,0.0
4.5122,2.7987,0.0
4.5176,2.8063,0.0
4.5265,2.8188,0.0
4.5313,2.8255,0.0
4.5354,2.8313,0.0
4.5408,2.8388,0.0
4.5509,2.8529,0.0
4.5556,2.8595,0.0
4.5603,2.8661,0.0
4.5650,2.8727,0.0
4.5703,2.8801,0.0
4.5794,2.8933,0.0
4.5840,2.8999,0.0
4.5885,2.9066,0.0
4.5964,2.9181,0.0
4.6009,2.9247,0.0
4.6059,2.9321,0.0
4.6104,2.9386,0.0
4.6193,2.9516,0.0
4.6232,2.9573,0.0
4.6276,2.9638,0.0
4.6331,2.9719,0.0
4.6374,2.9785,0.0
4.6454,2.9908,0.0
4.6496,2.9975,0.0
4.6537,3.0042,0.0
4.6583,3.0117,0.0
4.6660,3.0244,0.0
4.6700,3.0312,0.0
4.6740,3.0380,0.0
4.6775,3.0439,0.0
4.6859,3.0585,0.0
4.6898,3.0654,0.0
4.6961,3.0766,0.0
4.6999,3.0836,0.0
4.7061,3.0949,0.0
4.7099,3.1018,0.0
4.7132,3.1079,0.0
4.7202,3.1211,0.0
4.7244,3.1290,0.0
4.7281,3.1361,0.0
4.7317,3.1431,0.0
4.7385,3.1565,0.0
4.7416,3.1627,0.0
4.7448,3.1689,0.0
4.7488,3.1770,0.0
4.7563,3.1921,0.0
4.7598,3.1993,0.0
4.7632,3.2065,0.0
4.7667,3.2137,0.0
4.7706,3.2218,0.0
4.7770,3.2353,0.0
4.7804,3.2425,0.0
4.7838,3.2498,0.0
4.7905,3.2643,0.0
4.7926,3.2689,0.0
4.7964,3.2771,0.0
4.8029,3.2917,0.0
4.8062,3.2990,0.0
4.8099,3.3073,0.0
4.8131,3.3147,0.0
4.8167,3.3229,0.0
4.8231,3.3377,0.0
4.8266,3.3461,0.0
4.8302,3.3544,0.0
4.8325,3.3600,0.0
4.8383,3.3740,0.0
4.8414,3.3814,0.0
4.8444,3.3889,0.0
4.8502,3.4030,0.0
4.8537,3.4114,0.0
4.8568,3.4189,0.0
4.8596,3.4255,0.0
4.8651,3.4387,0.0
4.8683,3.4463,0.0
4.8727,3.4567,0.0
4.8758,3.4642,0.0
4.8818,3.4784,0.0
4.8846,3.4851,0.0
4.8874,3.4917,0.0
4.8937,3.5069,0.0
4.8969,3.5145,0.0
4.8997,3.5211,0.0
4.9028,3.5288,0.0
4.9090,3.5440,0.0
4.9109,3.5488,0.0
4.9169,3.5642,0.0
4.9195,3.5709,0.0
4.9221,3.5777,0.0
4.9278,3.5921,0.0
4.9309,3.5997,0.0
4.9336,3.6064,0.0
4.9386,3.6189,0.0
4.9414,3.6256,0.0
4.9476,3.6409,0.0
4.9514,3.6505,0.0
4.9536,3.6563,0.0
4.9589,3.6698,0.0
4.9614,3.6766,0.0
4.9640,3.6834,0.0
4.9684,3.6950,0.0
4.9713,3.7027,0.0
4.9742,3.7104,0.0
4.9801,3.7257,0.0
4.9830,3.7334,0.0
4.9855,3.7400,0.0
4.9917,3.7563,0.0
4.9942,3.7629,0.0
4.9971,3.7705,0.0
5.0024,3.7848,0.0
5.0053,3.7924,0.0
5.0085,3.8010,0.0
5.0113,3.8086,0.0
5.0142,3.8162,0.0
5.0198,3.8315,0.0
5.0237,3.8419,0.0
5.0265,3.8495,0.0
5.0293,3.8572,0.0
5.0321,3.8648,0.0
5.0374,3.8791,0.0
5.0402,3.8868,0.0
5.0433,3.8955,0.0
5.0482,3.9090,0.0
5.0510,3.9168,0.0
5.0539,3.9245,0.0
5.0581,3.9361,0.0
5.0610,3.9438,0.0
5.0635,3.9505,0.0
5.0688,3.9650,0.0
5.0717,3.9727,0.0
5.0745,3.9803,0.0
5.0799,3.9948,0.0
5.0820,4.0005,0.0
5.0873,4.0150,0.0
5.0901,4.0228,0.0
5.0921,4.0286,0.0
5.0972,4.0432,0.0
5.0995,4.0501,0.0
5.1018,4.0570,0.0
5.1070,4.0727,0.0
5.1095,4.0806,0.0
5.1124,4.0895,0.0
5.1124,4.0895,0.0
5.1124,4.0895,0.0
5.1124,4.0895,0.0
5.1124,4.0895,0.0
5.1124,4.0895,0.0
5.1524,4.2194,0.0
5.1751,4.3049,0.0
5.1767,4.3120,0.0
5.1786,4.3201,0.0
5.1807,4.3293,0.0
5.1845,4.3466,0.0
5.1861,4.3537,0.0
5.1876,4.3608,0.0
5.1912,4.3771,0.0
5.1925,4.3832,0.0
5.1957,4.3975,0.0
5.1970,4.4037,0.0
5.2004,4.4189,0.0
5.2023,4.4270,0.0
5.2043,4.4361,0.0
5.2063,4.4451,0.0
5.2082,4.4532,0.0
5.2100,4.4612,0.0
5.2135,4.4773,0.0
5.2155,4.4863,0.0
5.2173,4.4944,0.0
5.2190,4.5024,0.0
5.2225,4.5186,0.0
5.2242,4.5268,0.0
5.2261,4.5360,0.0
5.2278,4.5441,0.0
5.2312,4.5605,0.0
5.2330,4.5698,0.0
5.2347,4.5780,0.0
5.2373,4.5914,0.0
5.2389,4.5996,0.0
5.2406,4.6079,0.0
5.2421,4.6162,0.0
5.2439,4.6255,0.0
5.2457,4.6348,0.0
5.2490,4.6525,0.0
5.2503,4.6597,0.0
5.2518,4.6680,0.0
5.2547,4.6836,0.0
5.2567,4.6951,0.0
5.2582,4.7034,0.0
5.2595,4.7107,0.0
5.2609,4.7191,0.0
5.2638,4.7358,0.0
5.2655,4.7451,0.0
5.2669,4.7535,0.0
5.2682,4.7608,0.0
5.2712,4.7785,0.0
5.2722,4.7848,0.0
5.2745,4.7983,0.0
5.2756,4.8046,0.0
5.2780,4.8192,0.0
5.2791,4.8266,0.0
5.2804,4.8349,0.0
5.2817,4.8433,0.0
5.2842,4.8612,0.0
5.2854,4.8696,0.0
5.2865,4.8780,0.0
5.2886,4.8926,0.0
5.2898,4.9009,0.0
5.2913,4.9103,0.0
5.2935,4.9248,0.0
5.2949,4.9341,0.0
5.2960,4.9414,0.0
5.2975,4.9507,0.0
5.2988,4.9589,0.0
5.3013,4.9755,0.0
5.3026,4.9837,0.0
5.3038,4.9920,0.0
5.3057,5.0044,0.0
5.3069,5.0126,0.0
5.3092,5.0281,0.0
5.3104,5.0364,0.0
5.3116,5.0447,0.0
5.3128,5.0529,0.0
5.3151,5.0694,0.0
5.3163,5.0776,0.0
5.3174,5.0858,0.0
5.3185,5.0941,0.0
5.3204,5.1085,0.0
5.3215,5.1168,0.0
5.3226,5.1251,0.0
5.3236,5.1334,0.0
5.3258,5.1510,0.0
5.3268,5.1594,0.0
5.3278,5.1677,0.0
5.3297,5.1833,0.0
5.3306,5.1916,0.0
5.3316,5.2000,0.0
5.3331,5.2135,0.0
5.3340,5.2218,0.0
5.3348,5.2291,0.0
5.3366,5.2446,0.0
5.3375,5.2528,0.0
5.3384,5.2612,0.0
5.3393,5.2695,0.0
5.3410,5.2863,0.0
5.3418,5.2948,0.0
5.3426,5.3032,0.0
5.3438,5.3170,0.0
5.3446,5.3266,0.0
5.3453,5.3351,0.0
5.3466,5.3512,0.0
5.3474,5.3608,0.0
5.3481,5.3705,0.0
5.3488,5.3801,0.0
5.3493,5.3877,0.0
5.3499,5.3963,0.0
5.3509,5.4135,0.0
5.3512,5.4189,0.0
5.3521,5.4373,0.0
5.3525,5.4459,0.0
5.3529,5.4556,0.0
5.3533,5.4643,0.0
5.3536,5.4730,0.0
5.3542,5.4903,0.0
5.3545,5.4979,0.0
5.3547,5.5066,0.0
5.3550,5.5164,0.0
5.3555,5.5337,0.0
5.3557,5.5423,0.0
5.3559,5.5509,0.0
5.3560,5.5595,0.0
5.3562,5.5757,0.0
5.3563,5.5843,0.0
5.3564,5.5929,0.0
5.3564,5.6100,0.0
5.3564,5.6186,0.0
5.3563,5.6272,0.0
5.3562,5.6422,0.0
5.3561,5.6508,0.0
5.3560,5.6583,0.0
5.3558,5.6670,0.0
5.3556,5.6842,0.0
5.3555,5.6939,0.0
5.3554,5.7025,0.0
5.3554,5.7111,0.0
5.3552,5.7283,0.0
5.3552,5.7369,0.0
5.3551,5.7466,0.0
5.3550,5.7563,0.0
5.3549,5.7638,0.0
5.3548,5.7799,0.0
5.3547,5.7884,0.0
5.3546,5.7969,0.0
5.3545,5.8065,0.0
5.3542,5.8234,0.0
5.3540,5.8319,0.0
5.3538,5.8414,0.0
5.3537,5.8488,0.0
5.3532,5.8647,0.0
5.3530,5.8732,0.0
5.3527,5.8818,0.0
5.3524,5.8914,0.0
5.3521,5.9011,0.0
5.3514,5.9193,0.0
5.3511,5.9279,0.0
5.3508,5.9365,0.0
5.3504,5.9451,0.0
5.3497,5.9613,0.0
5.3493,5.9699,0.0
5.3490,5.9775,0.0
5.3481,5.9958,0.0
5.3476,6.0055,0.0
5.3472,6.0142,0.0
5.3466,6.0239,0.0
5.3462,6.0314,0.0
5.3452,6.0487,0.0
5.3447,6.0574,0.0
5.3438,6.0714,0.0
5.3433,6.0800,0.0
5.3427,6.0887,0.0
5.3421,6.0973,0.0
5.3409,6.1146,0.0
5.3402,6.1243,0.0
5.3396,6.1330,0.0
5.3390,6.1416,0.0
5.3383,6.1503,0.0
5.3370,6.1675,0.0
5.3365,6.1730,0.0
5.3352,6.1892,0.0
5.3345,6.1978,0.0
5.3337,6.2064,0.0
5.3330,6.2151,0.0
5.3321,6.2248,0.0
5.3305,6.2431,0.0
5.3297,6.2518,0.0
5.3288,6.2604,0.0
5.3280,6.2690,0.0
5.3266,6.2831,0.0
5.3258,6.2917,0.0
5.3248,6.3014,0.0
5.3230,6.3187,0.0
5.3221,6.3273,0.0
5.3212,6.3359,0.0
5.3201,6.3456,0.0
5.3192,6.3543,0.0
5.3172,6.3715,0.0
5.3161,6.3812,0.0
5.3145,6.3952,0.0
5.3135,6.4038,0.0
5.3124,6.4124,0.0
5.3114,6.4211,0.0
5.3103,6.4297,0.0
5.3091,6.4394,0.0
5.3069,6.4566,0.0
5.3058,6.4652,0.0
5.3047,6.4738,0.0
5.3022,6.4921,0.0
5.3009,6.5017,0.0
5.2996,6.5112,0.0
5.2986,6.5195,0.0
5.2977,6.5269,0.0
5.2958,6.5424,0.0
5.2947,6.5518,0.0
5.2937,6.5601,0.0
5.2927,6.5684,0.0
5.2906,6.5850,0.0
5.2895,6.5934,0.0
5.2882,6.6028,0.0
5.2869,6.6122,0.0
5.2858,6.6205,0.0
5.2836,6.6362,0.0
5.2824,6.6446,0.0
5.2810,6.6539,0.0
5.2796,6.6633,0.0
5.2769,6.6800,0.0
5.2756,6.6883,0.0
5.2742,6.6966,0.0
5.2728,6.7049,0.0
5.2712,6.7142,0.0
5.2684,6.7298,0.0
5.2673,6.7360,0.0
5.2645,6.7515,0.0
5.2628,6.7608,0.0
5.2612,6.7691,0.0
5.2595,6.7784,0.0
5.2579,6.7867,0.0
5.2547,6.8032,0.0
5.2531,6.8115,0.0
5.2512,6.8208,0.0
5.2496,6.8290,0.0
5.2479,6.8373,0.0
5.2445,6.8537,0.0
5.2437,6.8579,0.0
5.2401,6.8753,0.0
5.2384,6.8835,0.0
5.2369,6.8907,0.0
5.2352,6.8989,0.0
5.2314,6.9172,0.0
5.2299,6.9244,0.0
5.2281,6.9325,0.0
5.2265,6.9397,0.0
5.2226,6.9571,0.0
5.2212,6.9632,0.0
5.2193,6.9714,0.0
5.2154,6.9877,0.0
5.2134,6.9959,0.0
5.2111,7.0050,0.0
5.2093,7.0122,0.0
5.2049,7.0285,0.0
5.2027,7.0366,0.0
5.2003,7.0447,0.0
5.1959,7.0599,0.0
5.1934,7.0681,0.0
5.1910,7.0762,0.0
5.1885,7.0843,0.0
5.1834,7.1006,0.0
5.1809,7.1087,0.0
5.1780,7.1179,0.0
5.1753,7.1260,0.0
5.1727,7.1341,0.0
5.1674,7.1504,0.0
5.1643,7.1596,0.0
5.1605,7.1707,0.0
5.1578,7.1789,0.0
5.1553,7.1860,0.0
5.1525,7.1941,0.0
5.1468,7.2104,0.0
5.1436,7.2195,0.0
5.1407,7.2277,0.0
5.1377,7.2359,0.0
5.1317,7.2524,0.0
5.1287,7.2606,0.0
5.1264,7.2668,0.0
5.1202,7.2833,0.0
5.1175,7.2906,0.0
5.1147,7.2979,0.0
5.1112,7.3072,0.0
5.1076,7.3165,0.0
5.1003,7.3352,0.0
5.0971,7.3435,0.0
5.0938,7.3518,0.0
5.0905,7.3602,0.0
5.0847,7.3747,0.0
5.0814,7.3830,0.0
5.0780,7.3913,0.0
5.0713,7.4079,0.0
5.0674,7.4172,0.0
5.0636,7.4265,0.0
5.0601,7.4348,0.0
5.0537,7.4503,0.0
5.0498,7.4596,0.0
5.0463,7.4678,0.0
5.0424,7.4771,0.0
5.0349,7.4945,0.0
5.0314,7.5027,0.0
5.0278,7.5110,0.0
5.0206,7.5274,0.0
5.0170,7.5356,0.0
5.0139,7.5427,0.0
5.0075,7.5571,0.0
5.0038,7.5653,0.0
4.9964,7.5816,0.0
4.9923,7.5908,0.0
4.9885,7.5990,0.0
4.9815,7.6143,0.0
4.9773,7.6234,0.0
4.9730,7.6326,0.0
4.9692,7.6407,0.0
4.9615,7.6570,0.0
4.9577,7.6651,0.0
4.9533,7.6743,0.0
4.9490,7.6834,0.0
4.9407,7.7006,0.0
4.9367,7.7087,0.0
4.9333,7.7158,0.0
4.9248,7.7330,0.0
4.9209,7.7410,0.0
4.9174,7.7481,0.0
4.9089,7.7651,0.0
4.9049,7.7731,0.0
4.9004,7.7821,0.0
4.8924,7.7980,0.0
4.8884,7.8060,0.0
4.8844,7.8139,0.0
4.8804,7.8219,0.0
4.8723,7.8377,0.0
4.8682,7.8456,0.0
4.8641,7.8535,0.0
4.8560,7.8693,0.0
4.8519,7.8772,0.0
4.8467,7.8870,0.0
4.8380,7.9037,0.0
4.8338,7.9115,0.0
4.8307,7.9174,0.0
4.8224,7.9331,0.0
4.8177,7.9419,0.0
4.8136,7.9498,0.0
4.8053,7.9655,0.0
4.8006,7.9743,0.0
4.7960,7.9831,0.0
4.7918,7.9910,0.0
4.7836,8.0066,0.0
4.7805,8.0125,0.0
4.7722,8.0282,0.0
4.7681,8.0360,0.0
4.7640,8.0439,0.0
4.7557,8.0595,0.0
4.7520,8.0664,0.0
4.7479,8.0742,0.0
4.7390,8.0908,0.0
4.7348,8.0986,0.0
4.7280,8.1113,0.0
4.7238,8.1191,0.0
4.7196,8.1269,0.0
4.7112,8.1425,0.0
4.7070,8.1502,0.0
4.7022,8.1590,0.0
4.6975,8.1678,0.0
4.6879,8.1852,0.0
4.6836,8.1930,0.0
4.6793,8.2008,0.0
4.6718,8.2143,0.0
4.6670,8.2231,0.0
4.6622,8.2318,0.0
4.6535,8.2473,0.0
4.6492,8.2550,0.0
4.6443,8.2637,0.0
4.6394,8.2724,0.0
4.6307,8.2878,0.0
4.6263,8.2955,0.0
4.6219,8.3032,0.0
4.6137,8.3177,0.0
4.6087,8.3264,0.0
4.6038,8.3350,0.0
4.5949,8.3504,0.0
4.5899,8.3590,0.0
4.5849,8.3677,0.0
4.5804,8.3753,0.0
4.5715,8.3907,0.0
4.5670,8.3983,0.0
4.5620,8.4069,0.0
4.5541,8.4203,0.0
4.5501,8.4270,0.0
4.5410,8.4423,0.0
4.5364,8.4499,0.0
4.5318,8.4575,0.0
4.5266,8.4660,0.0
4.5172,8.4812,0.0
4.5125,8.4887,0.0
4.5037,8.5029,0.0
4.5001,8.5085,0.0
4.4947,8.5170,0.0
4.4852,8.5320,0.0
4.4804,8.5395,0.0
4.4761,8.5461,0.0
4.4658,8.5620,0.0
4.4603,8.5704,0.0
4.4555,8.5778,0.0
4.4456,8.5927,0.0
4.4413,8.5992,0.0
4.4358,8.6076,0.0
4.4308,8.6150,0.0
4.4203,8.6308,0.0
4.4153,8.6382,0.0
4.4097,8.6465,0.0
4.4040,8.6548,0.0
4.3933,8.6705,0.0
4.3883,8.6778,0.0
4.3801,8.6898,0.0
4.3756,8.6962,0.0
4.3661,8.7100,0.0
4.3610,8.7173,0.0
4.3552,8.7255,0.0
4.3501,8.7329,0.0
4.3391,8.7484,0.0
4.3340,8.7557,0.0
4.3242,8.7693,0.0
4.3190,8.7766,0.0
4.3151,8.7820,0.0
4.3040,8.7975,0.0
4.2988,8.8047,0.0
4.2936,8.8119,0.0
4.2830,8.8264,0.0
4.2771,8.8345,0.0
4.2711,8.8426,0.0
4.2612,8.8562,0.0
4.2559,8.8635,0.0
4.2500,8.8716,0.0
4.2427,8.8816,0.0
4.2374,8.8888,0.0
4.2268,8.9033,0.0
4.2215,8.9106,0.0
4.2156,8.9188,0.0
4.2050,8.9333,0.0
4.2003,8.9396,0.0
4.1956,8.9460,0.0
4.1843,8.9614,0.0
4.1783,8.9695,0.0
4.1729,8.9767,0.0
4.1669,8.9849,0.0
4.1568,8.9984,0.0
4.1515,9.0057,0.0
4.1454,9.0138,0.0
4.1346,9.0282,0.0
4.1292,9.0354,0.0
4.1238,9.0426,0.0
4.1123,9.0578,0.0
4.1070,9.0648,0.0
4.1017,9.0718,0.0
4.0917,9.0848,0.0
4.0850,9.0935,0.0
4.0791,9.1012,0.0
4.0737,9.1081,0.0
4.0631,9.1217,0.0
4.0577,9.1285,0.0
4.0524,9.1353,0.0
4.0410,9.1497,0.0
4.0356,9.1565,0.0
4.0303,9.1632,0.0
4.0188,9.1775,0.0
4.0134,9.1842,0.0
4.0073,9.1918,0.0
4.0019,9.1985,0.0
3.9909,9.2118,0.0
3.9854,9.2185,0.0
3.9791,9.2260,0.0
3.9729,9.2336,0.0
3.9617,9.2471,0.0
3.9560,9.2539,0.0
3.9475,9.2640,0.0
3.9411,9.2716,0.0
3.9303,9.2844,0.0
3.9245,9.2912,0.0
3.9187,9.2980,0.0
3.9121,9.3057,0.0
3.8996,9.3202,0.0
3.8938,9.3270,0.0
3.8827,9.3398,0.0
3.8768,9.3466,0.0
3.8708,9.3534,0.0
3.8641,9.3611,0.0
3.8520,9.3747,0.0
3.8459,9.3815,0.0
3.8398,9.3883,0.0
3.8330,9.3959,0.0
3.8199,9.4103,0.0
3.8137,9.4170,0.0
3.8021,9.4297,0.0
3.7951,9.4373,0.0
3.7881,9.4448,0.0
3.7818,9.4515,0.0
3.7692,9.4649,0.0
3.7629,9.4716,0.0
3.7558,9.4791,0.0
3.7487,9.4866,0.0
3.7359,9.4999,0.0
3.7295,9.5066,0.0
3.7207,9.5157,0.0
3.7119,9.5248,0.0
3.7055,9.5314,0.0
3.6925,9.5446,0.0
3.6860,9.5511,0.0
3.6804,9.5569,0.0
3.6657,9.5716,0.0
3.6592,9.5781,0.0
3.6527,9.5846,0.0
3.6429,9.5944,0.0
3.6305,9.6066,0.0
3.6239,9.6131,0.0
3.6173,9.6196,0.0
3.6040,9.6325,0.0
3.5974,9.6390,0.0
3.5899,9.6462,0.0
3.5799,9.6558,0.0
3.5732,9.6622,0.0
3.5623,9.6725,0.0
3.5522,9.6819,0.0
3.5447,9.6889,0.0
3.5380,9.6951,0.0
3.5246,9.7074,0.0
3.5180,9.7136,0.0
3.5106,9.7206,0.0
3.5041,9.7268,0.0
3.4903,9.7400,0.0
3.4839,9.7462,0.0
3.4775,9.7524,0.0
3.4679,9.7617,0.0
3.4607,9.7686,0.0
3.4480,9.7810,0.0
3.4416,9.7872,0.0
3.4345,9.7941,0.0
3.4273,9.8011,0.0
3.4138,9.8141,0.0
3.4075,9.8203,0.0
3.4019,9.8256,0.0
3.3908,9.8363,0.0
3.3844,9.8424,0.0
3.3716,9.8546,0.0
3.3652,9.8607,0.0
3.3532,9.8721,0.0
3.3459,9.8789,0.0
3.3395,9.8849,0.0
3.3322,9.8917,0.0
3.3201,9.9030,0.0
3.3136,9.9089,0.0
3.3039,9.9179,0.0
3.2933,9.9276,0.0
3.2876,9.9328,0.0
3.2810,9.9387,0.0
3.2679,9.9505,0.0
3.2605,9.9572,0.0
3.2540,9.9631,0.0
3.2416,9.9741,0.0
3.2350,9.9799,0.0
3.2225,9.9908,0.0
3.2157,9.9966,0.0
3.2089,10.0024,0.0
3.1952,10.0139,0.0
3.1875,10.0204,0.0
3.1797,10.0268,0.0
3.1727,10.0325,0.0
3.1588,10.0437,0.0
3.1518,10.0492,0.0
3.1395,10.0587,0.0
3.1315,10.0648,0.0
3.1244,10.0701,0.0
3.1173,10.0754,0.0
3.1031,10.0860,0.0
3.0959,10.0912,0.0
3.0879,10.0970,0.0
3.0735,10.1073,0.0
3.0662,10.1124,0.0
3.0599,10.1169,0.0
3.0445,10.1276,0.0
3.0372,10.1327,0.0
3.0299,10.1377,0.0
3.0172,10.1464,0.0
3.0107,10.1507,0.0
2.9951,10.1612,0.0
2.9869,10.1668,0.0
2.9795,10.1716,0.0
2.9656,10.1808,0.0
2.9573,10.1862,0.0
2.9490,10.1916,0.0
2.9415,10.1964,0.0
2.9285,10.2048,0.0
2.9173,10.2120,0.0
2.9089,10.2173,0.0
2.9014,10.2220,0.0
2.8874,10.2308,0.0
2.8799,10.2355,0.0
2.8723,10.2401,0.0
2.8573,10.2493,0.0
2.8497,10.2539,0.0
2.8355,10.2625,0.0
2.8298,10.2659,0.0
2.8232,10.2700,0.0
2.8070,10.2798,0.0
2.7994,10.2845,0.0
2.7917,10.2892,0.0
2.7764,10.2986,0.0
2.7678,10.3039,0.0
2.7601,10.3086,0.0
2.7447,10.3181,0.0
2.7380,10.3222,0.0
2.7254,10.3299,0.0
2.7167,10.3352,0.0
2.7022,10.3441,0.0
2.6945,10.3488,0.0
2.6867,10.3535,0.0
2.6780,10.3588,0.0
2.6615,10.3687,0.0
2.6538,10.3734,0.0
2.6460,10.3780,0.0
2.6344,10.3850,0.0
2.6256,10.3902,0.0
2.6101,10.3994,0.0
2.6023,10.4040,0.0
2.5945,10.4086,0.0
2.5790,10.4178,0.0
2.5702,10.4229,0.0
2.5615,10.4280,0.0
2.5537,10.4326,0.0
2.5391,10.4411,0.0
2.5264,10.4485,0.0
2.5186,10.4530,0.0
2.5118,10.4570,0.0
2.4981,10.4649,0.0
2.4903,10.4694,0.0
2.4737,10.4789,0.0
2.4658,10.4834,0.0
2.4580,10.4879,0.0
2.4433,10.4963,0.0
2.4325,10.5024,0.0
2.4236,10.5074,0.0
2.4157,10.5119,0.0
2.4078,10.5164,0.0
2.3929,10.5247,0.0
2.3839,10.5297,0.0
2.3749,10.5347,0.0
2.3589,10.5436,0.0
2.3509,10.5480,0.0
2.3368,10.5558,0.0
2.3277,10.5607,0.0
2.3197,10.5651,0.0
2.3117,10.5694,0.0
2.2967,10.5773,0.0
2.2838,10.5841,0.0
2.2748,10.5888,0.0
2.2668,10.5929,0.0
2.2509,10.6010,0.0
2.2440,10.6045,0.0
2.2360,10.6085,0.0
2.2270,10.6130,0.0
2.2091,10.6218,0.0
2.2011,10.6257,0.0
2.1911,10.6306,0.0
2.1841,10.6340,0.0
2.1671,10.6421,0.0
2.1590,10.6459,0.0
2.1520,10.6493,0.0
2.1358,10.6568,0.0
2.1277,10.6606,0.0
2.1196,10.6644,0.0
2.1023,10.6724,0.0
2.0962,10.6752,0.0
2.0849,10.6804,0.0
2.0778,10.6837,0.0
2.0603,10.6916,0.0
2.0520,10.6953,0.0
2.0355,10.7029,0.0
2.0262,10.7072,0.0
2.0179,10.7111,0.0
2.0086,10.7154,0.0
1.9930,10.7227,0.0
1.9847,10.7266,0.0
1.9754,10.7310,0.0
1.9577,10.7393,0.0
1.9494,10.7432,0.0
1.9421,10.7466,0.0
1.9275,10.7535,0.0
1.9181,10.7579,0.0
1.9088,10.7623,0.0
1.8923,10.7700,0.0
1.8861,10.7729,0.0
1.8780,10.7768,0.0
1.8597,10.7854,0.0
1.8516,10.7893,0.0
1.8374,10.7959,0.0
1.8293,10.7997,0.0
1.8233,10.8026,0.0
1.8061,10.8106,0.0
1.7981,10.8144,0.0
1.7839,10.8209,0.0
1.7749,10.8251,0.0
1.7658,10.8292,0.0
1.7506,10.8361,0.0
1.7425,10.8398,0.0
1.7355,10.8430,0.0
1.7233,10.8484,0.0
1.7152,10.8520,0.0
1.6990,10.8592,0.0
1.6909,10.8627,0.0
1.6756,10.8694,0.0
1.6663,10.8733,0.0
1.6570,10.8773,0.0
1.6488,10.8808,0.0
1.6333,10.8872,0.0
1.6250,10.8906,0.0
1.6168,10.8939,0.0
1.5993,10.9008,0.0
1.5911,10.9040,0.0
1.5787,10.9087,0.0
1.5653,10.9137,0.0
1.5571,10.9168,0.0
1.5488,10.9198,0.0
1.5322,10.9259,0.0
1.5238,10.9289,0.0
1.5144,10.9323,0.0
1.5049,10.9356,0.0
1.4891,10.9411,0.0
1.4806,10.9440,0.0
1.4668,10.9487,0.0
1.4572,10.9520,0.0
1.4487,10.9549,0.0
1.4328,10.9602,0.0
1.4254,10.9627,0.0
1.4170,10.9655,0.0
1.3981,10.9717,0.0
1.3898,10.9744,0.0
1.3804,10.9775,0.0
1.3679,10.9815,0.0
1.3585,10.9845,0.0
1.3418,10.9898,0.0
1.3335,10.9925,0.0
1.3252,10.9951,0.0
1.3096,10.9999,0.0
1.3003,11.0028,0.0
1.2909,11.0057,0.0
1.2754,11.0104,0.0
1.2639,11.0139,0.0
1.2556,11.0164,0.0
1.2463,11.0192,0.0
1.2380,11.0216,0.0
1.2213,11.0265,0.0
1.2141,11.0286,0.0
1.2047,11.0313,0.0
1.1870,11.0363,0.0
1.1797,11.0384,0.0
1.1650,11.0425,0.0
1.1526,11.0459,0.0
1.1433,11.0484,0.0
1.1350,11.0506,0.0
1.1268,11.0527,0.0
1.1102,11.0570,0.0
1.1030,11.0589,0.0
1.0936,11.0613,0.0
1.0780,11.0654,0.0
1.0696,11.0677,0.0
1.0612,11.0699,0.0
1.0476,11.0735,0.0
1.0381,11.0761,0.0
1.0202,11.0808,0.0
1.0117,11.0831,0.0
1.0032,11.0853,0.0
0.9936,11.0879,0.0
0.9754,11.0926,0.0
0.9669,11.0947,0.0
0.9583,11.0968,0.0
0.9445,11.1001,0.0
0.9360,11.1021,0.0
0.9191,11.1061,0.0
0.9106,11.1080,0.0
0.9011,11.1101,0.0
0.8926,11.1119,0.0
0.8746,11.1158,0.0
0.8662,11.1176,0.0
0.8503,11.1209,0.0
0.8419,11.1226,0.0
0.8271,11.1256,0.0
0.8186,11.1273,0.0
0.8102,11.1290,0.0
0.8018,11.1306,0.0
0.7838,11.1341,0.0
0.7754,11.1357,0.0
0.7670,11.1373,0.0
0.7501,11.1404,0.0
0.7416,11.1419,0.0
0.7268,11.1446,0.0
0.7183,11.1461,0.0
0.7099,11.1476,0.0
0.6929,11.1505,0.0
0.6844,11.1520,0.0
0.6759,11.1534,0.0
0.6578,11.1564,0.0
0.6493,11.1578,0.0
0.6408,11.1592,0.0
0.6258,11.1616,0.0
0.6173,11.1630,0.0
0.6087,11.1644,0.0
0.5916,11.1672,0.0
0.5830,11.1686,0.0
0.5744,11.1700,0.0
0.5562,11.1731,0.0
0.5475,11.1745,0.0
0.5389,11.1759,0.0
0.5216,11.1787,0.0
0.5162,11.1796,0.0
0.4968,11.1827,0.0
0.4892,11.1839,0.0
0.4805,11.1852,0.0
0.4632,11.1879,0.0
0.4534,11.1894,0.0
0.4437,11.1909,0.0
0.4350,11.1921,0.0
0.4176,11.1947,0.0
0.4100,11.1957,0.0
0.4002,11.1971,0.0
0.3827,11.1995,0.0
0.3740,11.2006,0.0
0.3653,11.2018,0.0
0.3479,11.2040,0.0
0.3391,11.2051,0.0
0.3304,11.2061,0.0
0.3130,11.2082,0.0
0.2999,11.2097,0.0
0.2922,11.2105,0.0
0.2835,11.2115,0.0
0.2660,11.2133,0.0
0.2572,11.2142,0.0
0.2474,11.2152,0.0
0.2299,11.2169,0.0
0.2212,11.2177,0.0
0.2124,11.2185,0.0
0.1949,11.2200,0.0
0.1839,11.2208,0.0
0.1730,11.2217,0.0
0.1653,11.2223,0.0
0.1489,11.2235,0.0
0.1413,11.2240,0.0
0.1314,11.2246,0.0
0.1128,11.2258,0.0
0.1040,11.2263,0.0
0.0953,11.2268,0.0
0.0810,11.2276,0.0
0.0701,11.2281,0.0
0.0558,11.2287,0.0
0.0471,11.2291,0.0
0.0394,11.2294,0.0
0.0208,11.2301,0.0
0.0121,11.2303,0.0
0.0034,11.2305,0.0
-0.0140,11.2309,0.0
-0.0238,11.2311,0.0
-0.0347,11.2312,0.0
-0.0434,11.2313,0.0
-0.0608,11.2314,0.0
-0.0695,11.2314,0.0
-0.0782,11.2313,0.0
-0.0956,11.2310,0.0
-0.1042,11.2308,0.0
-0.1128,11.2305,0.0
-0.1289,11.2299,0.0
-0.1365,11.2296,0.0
-0.1461,11.2292,0.0
-0.1622,11.2284,0.0
-0.1708,11.2279,0.0
-0.1868,11.2270,0.0
-0.1965,11.2264,0.0
-0.2062,11.2258,0.0
-0.2225,11.2248,0.0
-0.2312,11.2242,0.0
-0.2410,11.2235,0.0
-0.2530,11.2226,0.0
-0.2618,11.2219,0.0
-0.2793,11.2206,0.0
-0.2881,11.2199,0.0
-0.2969,11.2192,0.0
-0.3168,11.2175,0.0
-0.3256,11.2168,0.0
-0.3344,11.2160,0.0
-0.3521,11.2145,0.0
-0.3632,11.2135,0.0
-0.3698,11.2129,0.0
-0.3875,11.2112,0.0
-0.3963,11.2104,0.0
-0.4052,11.2095,0.0
-0.4151,11.2085,0.0
-0.4339,11.2067,0.0
-0.4426,11.2058,0.0
-0.4513,11.2050,0.0
-0.4643,11.2036,0.0
-0.4794,11.2020,0.0
-0.4879,11.2011,0.0
-0.4965,11.2001,0.0
-0.5137,11.1982,0.0
-0.5235,11.1971,0.0
-0.5332,11.1960,0.0
-0.5419,11.1950,0.0
-0.5593,11.1929,0.0
-0.5680,11.1918,0.0
-0.5843,11.1898,0.0
-0.5929,11.1886,0.0
-0.6016,11.1874,0.0
-0.6101,11.1862,0.0
-0.6284,11.1836,0.0
-0.6380,11.1822,0.0
-0.6454,11.1811,0.0
-0.6625,11.1785,0.0
-0.6710,11.1771,0.0
-0.6859,11.1748,0.0
-0.6943,11.1734,0.0
-0.7071,11.1713,0.0
-0.7145,11.1701,0.0
-0.7314,11.1672,0.0
-0.7399,11.1657,0.0
-0.7483,11.1641,0.0
-0.7652,11.1611,0.0
-0.7737,11.1595,0.0
-0.7821,11.1580,0.0
-0.7916,11.1562,0.0
-0.8095,11.1529,0.0
-0.8180,11.1513,0.0
-0.8265,11.1497,0.0
-0.8447,11.1465,0.0
-0.8533,11.1449,0.0
-0.8619,11.1434,0.0
-0.8792,11.1403,0.0
-0.8890,11.1386,0.0
-0.8988,11.1368,0.0
-0.9064,11.1355,0.0
-0.9239,11.1324,0.0
-0.9326,11.1309,0.0
-0.9425,11.1291,0.0
-0.9611,11.1258,0.0
-0.9699,11.1242,0.0
-0.9787,11.1226,0.0
-0.9874,11.1210,0.0
-1.0082,11.1170,0.0
-1.0169,11.1153,0.0
-1.0256,11.1135,0.0
-1.0419,11.1102,0.0
-1.0506,11.1084,0.0
-1.0592,11.1066,0.0
-1.0777,11.1029,0.0
-1.0863,11.1011,0.0
-1.0950,11.0993,0.0
-1.1123,11.0958,0.0
-1.1221,11.0938,0.0
-1.1308,11.0921,0.0
-1.1460,11.0891,0.0
-1.1525,11.0878,0.0
-1.1611,11.0862,0.0
-1.1793,11.0827,0.0
-1.1879,11.0811,0.0
-1.1964,11.0795,0.0
-1.2135,11.0764,0.0
-1.2231,11.0746,0.0
-1.2316,11.0730,0.0
-1.2476,11.0700,0.0
-1.2603,11.0676,0.0
-1.2678,11.0662,0.0
-1.2773,11.0643,0.0
-1.2954,11.0609,0.0
-1.3050,11.0590,0.0
-1.3135,11.0573,0.0
-1.3221,11.0556,0.0
-1.3317,11.0537,0.0
-1.3478,11.0504,0.0
-1.3637,11.0470,0.0
-1.3731,11.0448,0.0
-1.3805,11.0431,0.0
-1.3899,11.0408,0.0
-1.4065,11.0366,0.0
-1.4137,11.0348,0.0
-1.4292,11.0307,0.0
-1.4385,11.0283,0.0
-1.4467,11.0260,0.0
-1.4631,11.0215,0.0
-1.4714,11.0192,0.0
-1.4848,11.0155,0.0
-1.4962,11.0122,0.0
-1.5045,11.0098,0.0
-1.5128,11.0074,0.0
-1.5294,11.0026,0.0
-1.5398,10.9995,0.0
-1.5492,10.9967,0.0
-1.5575,10.9942,0.0
-1.5659,10.9917,0.0
-1.5815,10.9870,0.0
-1.5909,10.9841,0.0
-1.5992,10.9816,0.0
-1.6159,10.9764,0.0
-1.6232,10.9741,0.0
-1.6388,10.9692,0.0
-1.6482,10.9663,0.0
-1.6565,10.9637,0.0
-1.6731,10.9583,0.0
-1.6815,10.9557,0.0
-1.6949,10.9513,0.0
-1.7032,10.9486,0.0
-1.7175,10.9439,0.0
-1.7266,10.9408,0.0
-1.7347,10.9381,0.0
-1.7427,10.9353,0.0
-1.7598,10.9295,0.0
-1.7678,10.9267,0.0
-1.7758,10.9240,0.0
-1.7898,10.9191,0.0
-1.7987,10.9159,0.0
-1.8126,10.9110,0.0
-1.8206,10.9082,0.0
-1.8285,10.9053,0.0
-1.8432,10.8999,0.0
-1.8520,10.8966,0.0
-1.8597,10.8937,0.0
-1.8742,10.8881,0.0
-1.8818,10.8850,0.0
-1.8942,10.8800,0.0
-1.9018,10.8769,0.0
-1.9160,10.8711,0.0
-1.9236,10.8679,0.0
-1.9302,10.8652,0.0
-1.9472,10.8580,0.0
-1.9548,10.8549,0.0
-1.9615,10.8521,0.0
-1.9759,10.8461,0.0
-1.9816,10.8437,0.0
-1.9961,10.8377,0.0
-2.0038,10.8345,0.0
-2.0116,10.8313,0.0
-2.0261,10.8252,0.0
-2.0339,10.8220,0.0
-2.0426,10.8183,0.0
-2.0584,10.8117,0.0
-2.0662,10.8084,0.0
-2.0801,10.8026,0.0
-2.0880,10.7993,0.0
-2.0970,10.7956,0.0
-2.1049,10.7922,0.0
-2.1209,10.7855,0.0
-2.1289,10.7821,0.0
-2.1369,10.7787,0.0
-2.1529,10.7718,0.0
-2.1608,10.7683,0.0
-2.1758,10.7617,0.0
-2.1858,10.7573,0.0
-2.1928,10.7542,0.0
-2.2077,10.7475,0.0
-2.2157,10.7440,0.0
-2.2246,10.7399,0.0
-2.2335,10.7359,0.0
-2.2503,10.7284,0.0
-2.2582,10.7249,0.0
-2.2729,10.7183,0.0
-2.2838,10.7134,0.0
-2.2946,10.7086,0.0
-2.3024,10.7050,0.0
-2.3160,10.6988,0.0
-2.3237,10.6952,0.0
-2.3324,10.6911,0.0
-2.3401,10.6875,0.0
-2.3544,10.6806,0.0
-2.3621,10.6770,0.0
-2.3754,10.6705,0.0
-2.3849,10.6659,0.0
-2.3926,10.6623,0.0
-2.4070,10.6555,0.0
-2.4137,10.6524,0.0
-2.4205,10.6493,0.0
-2.4370,10.6417,0.0
-2.4448,10.6382,0.0
-2.4594,10.6316,0.0
-2.4673,10.6281,0.0
-2.4780,10.6233,0.0
-2.4859,10.6198,0.0
-2.5016,10.6128,0.0
-2.5085,10.6097,0.0
-2.5163,10.6062,0.0
-2.5330,10.5987,0.0
-2.5408,10.5952,0.0
-2.5486,10.5917,0.0
-2.5621,10.5855,0.0
-2.5699,10.5820,0.0
-2.5843,10.5752,0.0
-2.5920,10.5717,0.0
-2.6054,10.5653,0.0
-2.6121,10.5621,0.0
-2.6198,10.5585,0.0
-2.6283,10.5544,0.0
-2.6436,10.5470,0.0
-2.6559,10.5409,0.0
-2.6635,10.5372,0.0
-2.6758,10.5310,0.0
-2.6833,10.5272,0.0
-2.6908,10.5234,0.0
-2.7040,10.5167,0.0
-2.7105,10.5133,0.0
-2.7188,10.5089,0.0
-2.7336,10.5010,0.0
-2.7410,10.4970,0.0
-2.7538,10.4900,0.0
-2.7630,10.4850,0.0
-2.7712,10.4804,0.0
-2.7803,10.4753,0.0
-2.7939,10.4676,0.0
-2.8002,10.4640,0.0
-2.8083,10.4593,0.0
-2.8227,10.4509,0.0
-2.8299,10.4467,0.0
-2.8370,10.4425,0.0
-2.8504,10.4345,0.0
-2.8593,10.4291,0.0
-2.8664,10.4248,0.0
-2.8726,10.4210,0.0
-2.8876,10.4117,0.0
-2.8946,10.4073,0.0
-2.9025,10.4024,0.0
-2.9165,10.3935,0.0
-2.9235,10.3890,0.0
-2.9296,10.3851,0.0
-2.9453,10.3750,0.0
-2.9531,10.3699,0.0
-2.9591,10.3659,0.0
-2.9660,10.3613,0.0
-2.9798,10.3521,0.0
-2.9875,10.3469,0.0
-2.9944,10.3423,0.0
-3.0081,10.3330,0.0
-3.0150,10.3284,0.0
-3.0261,10.3208,0.0
-3.0337,10.3156,0.0
-3.0456,10.3074,0.0
-3.0523,10.3027,0.0
-3.0582,10.2986,0.0
-3.0725,10.2885,0.0
-3.0784,10.2843,0.0
-3.0910,10.2754,0.0
-3.0978,10.2706,0.0
-3.1045,10.2657,0.0
-3.1172,10.2566,0.0
-3.1240,10.2518,0.0
-3.1308,10.2469,0.0
-3.1444,10.2370,0.0
-3.1520,10.2315,0.0
-3.1596,10.2259,0.0
-3.1664,10.2209,0.0
-3.1799,10.2109,0.0
-3.1867,10.2058,0.0
-3.1967,10.1982,0.0
-3.2034,10.1931,0.0
-3.2159,10.1834,0.0
-3.2225,10.1781,0.0
-3.2291,10.1729,0.0
-3.2356,10.1676,0.0
-3.2503,10.1556,0.0
-3.2567,10.1502,0.0
-3.2640,10.1441,0.0
-3.2744,10.1352,0.0
-3.2800,10.1304,0.0
-3.2926,10.1194,0.0
-3.2989,10.1138,0.0
-3.3051,10.1083,0.0
-3.3190,10.0957,0.0
-3.3251,10.0901,0.0
-3.3305,10.0852,0.0
-3.3427,10.0739,0.0
-3.3488,10.0683,0.0
-3.3579,10.0598,0.0
-3.3640,10.0540,0.0
-3.3753,10.0433,0.0
-3.3820,10.0368,0.0
-3.3879,10.0310,0.0
-3.3946,10.0246,0.0
-3.4064,10.0130,0.0
-3.4116,10.0079,0.0
-3.4235,9.9964,0.0
-3.4309,9.9891,0.0
-3.4353,9.9847,0.0
-3.4411,9.9788,0.0
-3.4526,9.9670,0.0
-3.4583,9.9611,0.0
-3.4640,9.9551,0.0
-3.4752,9.9432,0.0
-3.4808,9.9373,0.0
-3.4920,9.9254,0.0
-3.4968,9.9201,0.0
-3.5031,9.9134,0.0
-3.5120,9.9037,0.0
-3.5175,9.8977,0.0
-3.5230,9.8917,0.0
-3.5346,9.8789,0.0
-3.5400,9.8729,0.0
-3.5455,9.8669,0.0
-3.5563,9.8548,0.0
-3.5652,9.8450,0.0
-3.5700,9.8398,0.0
-3.5755,9.8338,0.0
-3.5858,9.8225,0.0
-3.5913,9.8164,0.0
-3.5969,9.8104,0.0
-3.6088,9.7977,0.0
-3.6144,9.7918,0.0
-3.6194,9.7865,0.0
-3.6307,9.7746,0.0
-3.6349,9.7702,0.0
-3.6470,9.7575,0.0
-3.6526,9.7515,0.0
-3.6583,9.7456,0.0
-3.6690,9.7344,0.0
-3.6740,9.7292,0.0
-3.6797,9.7232,0.0
-3.6911,9.7113,0.0
-3.6968,9.7053,0.0
-3.7067,9.6948,0.0
-3.7139,9.6873,0.0
-3.7210,9.6798,0.0
-3.7259,9.6745,0.0
-3.7373,9.6624,0.0
-3.7437,9.6557,0.0
-3.7500,9.6489,0.0
-3.7557,9.6428,0.0
-3.7670,9.6307,0.0
-3.7718,9.6255,0.0
-3.7815,9.6149,0.0
-3.7856,9.6103,0.0
-3.7965,9.5982,0.0
-3.8018,9.5921,0.0
-3.8119,9.5806,0.0
-3.8172,9.5745,0.0
-3.8225,9.5684,0.0
-3.8330,9.5562,0.0
-3.8389,9.5493,0.0
-3.8435,9.5440,0.0
-3.8539,9.5317,0.0
-3.8591,9.5256,0.0
-3.8642,9.5194,0.0
-3.8700,9.5125,0.0
-3.8804,9.5002,0.0
-3.8856,9.4940,0.0
-3.8908,9.4878,0.0
-3.9012,9.4753,0.0
-3.9064,9.4690,0.0
-3.9149,9.4588,0.0
-3.9201,9.4525,0.0
-3.9253,9.4461,0.0
-3.9358,9.4334,0.0
-3.9410,9.4270,0.0
-3.9463,9.4207,0.0
-3.9561,9.4087,0.0
-3.9613,9.4023,0.0
-3.9672,9.3951,0.0
-3.9763,9.3838,0.0
-3.9822,9.3766,0.0
-3.9913,9.3653,0.0
-3.9965,9.3589,0.0
-4.0017,9.3524,0.0
-4.0134,9.3379,0.0
-4.0180,9.3322,0.0
-4.0270,9.3209,0.0
-4.0329,9.3136,0.0
-4.0380,9.3071,0.0
-4.0477,9.2949,0.0
-4.0529,9.2884,0.0
-4.0574,9.2828,0.0
-4.0664,9.2714,0.0
-4.0703,9.2665,0.0
-4.0818,9.2518,0.0
-4.0870,9.2453,0.0
-4.0921,9.2388,0.0
-4.1023,9.2258,0.0
-4.1062,9.2209,0.0
-4.1164,9.2078,0.0
-4.1215,9.2013,0.0
-4.1266,9.1947,0.0
-4.1361,9.1824,0.0
-4.1418,9.1751,0.0
-4.1462,9.1693,0.0
-4.1564,9.1562,0.0
-4.1614,9.1496,0.0
-4.1690,9.1398,0.0
-4.1772,9.1291,0.0
-4.1822,9.1225,0.0
-4.1872,9.1160,0.0
-4.1923,9.1094,0.0
-4.2035,9.0945,0.0
-4.2085,9.0879,0.0
-4.2134,9.0812,0.0
-4.2233,9.0680,0.0
-4.2282,9.0613,0.0
-4.2331,9.0546,0.0
-4.2422,9.0421,0.0
-4.2471,9.0354,0.0
-4.2544,9.0254,0.0
-4.2592,9.0187,0.0
-4.2695,9.0044,0.0
-4.2743,8.9977,0.0
-4.2785,8.9919,0.0
-4.2882,8.9786,0.0
-4.2930,8.9720,0.0
-4.2978,8.9654,0.0
-4.3073,8.9523,0.0
-4.3103,8.9482,0.0
-4.3192,8.9359,0.0
-4.3245,8.9286,0.0
-4.3292,8.9220,0.0
-4.3380,8.9098,0.0
-4.3427,8.9032,0.0
-4.3475,8.8967,0.0
-4.3583,8.8822,0.0
-4.3631,8.8757,0.0
-4.3679,8.8692,0.0
-4.3775,8.8564,0.0
-4.3829,8.8492,0.0
-4.3882,8.8420,0.0
-4.3924,8.8364,0.0
-4.4025,8.8228,0.0
-4.4073,8.8164,0.0
-4.4120,8.8100,0.0
-4.4215,8.7972,0.0
-4.4262,8.7908,0.0
-4.4309,8.7844,0.0
-4.4397,8.7724,0.0
-4.4450,8.7652,0.0
-4.4496,8.7587,0.0
-4.4594,8.7450,0.0
-4.4645,8.7376,0.0
-4.4707,8.7286,0.0
-4.4745,8.7229,0.0
-4.4789,8.7163,0.0
-4.4881,8.7021,0.0
-4.4929,8.6946,0.0
-4.4977,8.6871,0.0
-4.5018,8.6803,0.0
-4.5091,8.6685,0.0
-4.5132,8.6617,0.0
-4.5203,8.6498,0.0
-4.5269,8.6387,0.0
-4.5309,8.6319,0.0
-4.5344,8.6259,0.0
-4.5423,8.6121,0.0
-4.5462,8.6052,0.0
-4.5506,8.5975,0.0
-4.5579,8.5845,0.0
-4.5622,8.5767,0.0
-4.5660,8.5697,0.0
-4.5712,8.5601,0.0
-4.5774,8.5488,0.0
-4.5839,8.5365,0.0
-4.5877,8.5294,0.0
-4.5914,8.5224,0.0
-4.5987,8.5082,0.0
-4.6024,8.5012,0.0
-4.6061,8.4941,0.0
-4.6097,8.4870,0.0
-4.6165,8.4736,0.0
-4.6201,8.4665,0.0
-4.6268,8.4531,0.0
-4.6304,8.4459,0.0
-4.6375,8.4315,0.0
-4.6410,8.4243,0.0
-4.6445,8.4171,0.0
-4.6514,8.4027,0.0
-4.6549,8.3955,0.0
-4.6601,8.3848,0.0
-4.6635,8.3776,0.0
-4.6695,8.3651,0.0
-4.6725,8.3588,0.0
-4.6759,8.3516,0.0
-4.6793,8.3444,0.0
-4.6865,8.3291,0.0
-4.6899,8.3219,0.0
-4.6933,8.3147,0.0
-4.7000,8.3003,0.0
-4.7037,8.2922,0.0
-4.7100,8.2786,0.0
-4.7133,8.2714,0.0
-4.7166,8.2641,0.0
-4.7199,8.2569,0.0
-4.7264,8.2424,0.0
-4.7297,8.2352,0.0
-4.7362,8.2206,0.0
-4.7394,8.2134,0.0
-4.7442,8.2025,0.0
-4.7466,8.1970,0.0
-4.7528,8.1825,0.0
-4.7558,8.1752,0.0
-4.7588,8.1679,0.0
-4.7648,8.1533,0.0
-4.7677,8.1460,0.0
-4.7702,8.1396,0.0
-4.7760,8.1249,0.0
-4.7803,8.1140,0.0
-4.7831,8.1066,0.0
-4.7859,8.0993,0.0
-4.7910,8.0854,0.0
-4.7937,8.0780,0.0
-4.7964,8.0706,0.0
-4.8020,8.0548,0.0
-4.8047,8.0474,0.0
-4.8073,8.0399,0.0
-4.8122,8.0260,0.0
-4.8138,8.0213,0.0
-4.8191,8.0065,0.0
-4.8213,8.0000,0.0
-4.8239,7.9926,0.0
-4.8295,7.9769,0.0
-4.8324,7.9686,0.0
-4.8349,7.9612,0.0
-4.8398,7.9472,0.0
-4.8423,7.9398,0.0
-4.8469,7.9267,0.0
-4.8497,7.9183,0.0
